periodo,destino,exportaciones_musd,continente,subregion,pais
2003-01-01,América. América del Norte. Estados Unidos,436.85444651,América,América del Norte,Estados Unidos
2003-02-01,América. América del Norte. Estados Unidos,313.62611579,América,América del Norte,Estados Unidos
2003-03-01,América. América del Norte. Estados Unidos,428.21924859,América,América del Norte,Estados Unidos
2003-04-01,América. América del Norte. Estados Unidos,367.56548411,América,América del Norte,Estados Unidos
2003-05-01,América. América del Norte. Estados Unidos,280.54538486,América,América del Norte,Estados Unidos
2003-06-01,América. América del Norte. Estados Unidos,233.72943461,América,América del Norte,Estados Unidos
2003-07-01,América. América del Norte. Estados Unidos,274.84863707,América,América del Norte,Estados Unidos
2003-08-01,América. América del Norte. Estados Unidos,252.66258563,América,América del Norte,Estados Unidos
2003-09-01,América. América del Norte. Estados Unidos,232.87719457,América,América del Norte,Estados Unidos
2003-10-01,América. América del Norte. Estados Unidos,317.74728528,América,América del Norte,Estados Unidos
2003-11-01,América. América del Norte. Estados Unidos,230.17417895,América,América del Norte,Estados Unidos
2003-12-01,América. América del Norte. Estados Unidos,412.79576026,América,América del Norte,Estados Unidos
2004-01-01,América. América del Norte. Estados Unidos,451.55848132,América,América del Norte,Estados Unidos
2004-02-01,América. América del Norte. Estados Unidos,415.17245659,América,América del Norte,Estados Unidos
2004-03-01,América. América del Norte. Estados Unidos,497.0963273,América,América del Norte,Estados Unidos
2004-04-01,América. América del Norte. Estados Unidos,429.3697372,América,América del Norte,Estados Unidos
2004-05-01,América. América del Norte. Estados Unidos,305.75563148,América,América del Norte,Estados Unidos
2004-06-01,América. América del Norte. Estados Unidos,359.76633426,América,América del Norte,Estados Unidos
2004-07-01,América. América del Norte. Estados Unidos,374.80385052,América,América del Norte,Estados Unidos
2004-08-01,América. América del Norte. Estados Unidos,361.00322054,América,América del Norte,Estados Unidos
2004-09-01,América. América del Norte. Estados Unidos,423.18443421,América,América del Norte,Estados Unidos
2004-10-01,América. América del Norte. Estados Unidos,360.15111876,América,América del Norte,Estados Unidos
2004-11-01,América. América del Norte. Estados Unidos,434.28946255,América,América del Norte,Estados Unidos
2004-12-01,América. América del Norte. Estados Unidos,598.59072295,América,América del Norte,Estados Unidos
2005-01-01,América. América del Norte. Estados Unidos,571.6677094,América,América del Norte,Estados Unidos
2005-02-01,América. América del Norte. Estados Unidos,521.64772422,América,América del Norte,Estados Unidos
2005-03-01,América. América del Norte. Estados Unidos,566.72420799,América,América del Norte,Estados Unidos
2005-04-01,América. América del Norte. Estados Unidos,640.08669793,América,América del Norte,Estados Unidos
2005-05-01,América. América del Norte. Estados Unidos,399.29078383,América,América del Norte,Estados Unidos
2005-06-01,América. América del Norte. Estados Unidos,437.95709871,América,América del Norte,Estados Unidos
2005-07-01,América. América del Norte. Estados Unidos,453.54357109,América,América del Norte,Estados Unidos
2005-08-01,América. América del Norte. Estados Unidos,547.45414797,América,América del Norte,Estados Unidos
2005-09-01,América. América del Norte. Estados Unidos,494.81732078,América,América del Norte,Estados Unidos
2005-10-01,América. América del Norte. Estados Unidos,571.97456408,América,América del Norte,Estados Unidos
2005-11-01,América. América del Norte. Estados Unidos,689.61062897,América,América del Norte,Estados Unidos
2005-12-01,América. América del Norte. Estados Unidos,811.81633746,América,América del Norte,Estados Unidos
2006-01-01,América. América del Norte. Estados Unidos,839.91383057,América,América del Norte,Estados Unidos
2006-02-01,América. América del Norte. Estados Unidos,564.25600711,América,América del Norte,Estados Unidos
2006-03-01,América. América del Norte. Estados Unidos,998.31229128,América,América del Norte,Estados Unidos
2006-04-01,América. América del Norte. Estados Unidos,943.11504221,América,América del Norte,Estados Unidos
2006-05-01,América. América del Norte. Estados Unidos,625.91683234,América,América del Norte,Estados Unidos
2006-06-01,América. América del Norte. Estados Unidos,938.10242552,América,América del Norte,Estados Unidos
2006-07-01,América. América del Norte. Estados Unidos,888.51110856,América,América del Norte,Estados Unidos
2006-08-01,América. América del Norte. Estados Unidos,866.97046601,América,América del Norte,Estados Unidos
2006-09-01,América. América del Norte. Estados Unidos,750.40295199,América,América del Norte,Estados Unidos
2006-10-01,América. América del Norte. Estados Unidos,610.36925035,América,América del Norte,Estados Unidos
2006-11-01,América. América del Norte. Estados Unidos,538.93072043,América,América del Norte,Estados Unidos
2006-12-01,América. América del Norte. Estados Unidos,830.16348762,América,América del Norte,Estados Unidos
2007-01-01,América. América del Norte. Estados Unidos,891.97190982,América,América del Norte,Estados Unidos
2007-02-01,América. América del Norte. Estados Unidos,655.42612387,América,América del Norte,Estados Unidos
2007-03-01,América. América del Norte. Estados Unidos,965.61961721,América,América del Norte,Estados Unidos
2007-04-01,América. América del Norte. Estados Unidos,719.52260419,América,América del Norte,Estados Unidos
2007-05-01,América. América del Norte. Estados Unidos,806.74045465,América,América del Norte,Estados Unidos
2007-06-01,América. América del Norte. Estados Unidos,635.53291029,América,América del Norte,Estados Unidos
2007-07-01,América. América del Norte. Estados Unidos,931.54769692,América,América del Norte,Estados Unidos
2007-08-01,América. América del Norte. Estados Unidos,671.07553294,América,América del Norte,Estados Unidos
2007-09-01,América. América del Norte. Estados Unidos,691.88309066,América,América del Norte,Estados Unidos
2007-10-01,América. América del Norte. Estados Unidos,535.73322673,América,América del Norte,Estados Unidos
2007-11-01,América. América del Norte. Estados Unidos,606.90620936,América,América del Norte,Estados Unidos
2007-12-01,América. América del Norte. Estados Unidos,538.06106656,América,América del Norte,Estados Unidos
2008-01-01,América. América del Norte. Estados Unidos,1033.6174583,América,América del Norte,Estados Unidos
2008-02-01,América. América del Norte. Estados Unidos,781.60291932,América,América del Norte,Estados Unidos
2008-03-01,América. América del Norte. Estados Unidos,674.96977075,América,América del Norte,Estados Unidos
2008-04-01,América. América del Norte. Estados Unidos,872.61675792,América,América del Norte,Estados Unidos
2008-05-01,América. América del Norte. Estados Unidos,689.38225819,América,América del Norte,Estados Unidos
2008-06-01,América. América del Norte. Estados Unidos,579.05959666,América,América del Norte,Estados Unidos
2008-07-01,América. América del Norte. Estados Unidos,814.39368305,América,América del Norte,Estados Unidos
2008-08-01,América. América del Norte. Estados Unidos,616.42134365,América,América del Norte,Estados Unidos
2008-09-01,América. América del Norte. Estados Unidos,464.50003722,América,América del Norte,Estados Unidos
2008-10-01,América. América del Norte. Estados Unidos,409.32445063,América,América del Norte,Estados Unidos
2008-11-01,América. América del Norte. Estados Unidos,417.3618309,América,América del Norte,Estados Unidos
2008-12-01,América. América del Norte. Estados Unidos,671.50373107,América,América del Norte,Estados Unidos
2009-01-01,América. América del Norte. Estados Unidos,762.18153908,América,América del Norte,Estados Unidos
2009-02-01,América. América del Norte. Estados Unidos,581.06579649,América,América del Norte,Estados Unidos
2009-03-01,América. América del Norte. Estados Unidos,656.34260508,América,América del Norte,Estados Unidos
2009-04-01,América. América del Norte. Estados Unidos,516.84226381,América,América del Norte,Estados Unidos
2009-05-01,América. América del Norte. Estados Unidos,387.33324651,América,América del Norte,Estados Unidos
2009-06-01,América. América del Norte. Estados Unidos,374.3507632,América,América del Norte,Estados Unidos
2009-07-01,América. América del Norte. Estados Unidos,434.94009107,América,América del Norte,Estados Unidos
2009-08-01,América. América del Norte. Estados Unidos,393.10558518,América,América del Norte,Estados Unidos
2009-09-01,América. América del Norte. Estados Unidos,380.47282594,América,América del Norte,Estados Unidos
2009-10-01,América. América del Norte. Estados Unidos,467.49545172,América,América del Norte,Estados Unidos
2009-11-01,América. América del Norte. Estados Unidos,473.71249538,América,América del Norte,Estados Unidos
2009-12-01,América. América del Norte. Estados Unidos,771.36412782,América,América del Norte,Estados Unidos
2010-01-01,América. América del Norte. Estados Unidos,750.1493906,América,América del Norte,Estados Unidos
2010-02-01,América. América del Norte. Estados Unidos,536.71937319,América,América del Norte,Estados Unidos
2010-03-01,América. América del Norte. Estados Unidos,596.66077312,América,América del Norte,Estados Unidos
2010-04-01,América. América del Norte. Estados Unidos,687.76786141,América,América del Norte,Estados Unidos
2010-05-01,América. América del Norte. Estados Unidos,659.11605635,América,América del Norte,Estados Unidos
2010-06-01,América. América del Norte. Estados Unidos,541.0985694,América,América del Norte,Estados Unidos
2010-07-01,América. América del Norte. Estados Unidos,468.55813266,América,América del Norte,Estados Unidos
2010-08-01,América. América del Norte. Estados Unidos,468.71500723,América,América del Norte,Estados Unidos
2010-09-01,América. América del Norte. Estados Unidos,439.82160591,América,América del Norte,Estados Unidos
2010-10-01,América. América del Norte. Estados Unidos,515.58341441,América,América del Norte,Estados Unidos
2010-11-01,América. América del Norte. Estados Unidos,516.03775356,América,América del Norte,Estados Unidos
2010-12-01,América. América del Norte. Estados Unidos,700.72964958,América,América del Norte,Estados Unidos
2011-01-01,América. América del Norte. Estados Unidos,881.78950581,América,América del Norte,Estados Unidos
2011-02-01,América. América del Norte. Estados Unidos,865.68682803,América,América del Norte,Estados Unidos
2011-03-01,América. América del Norte. Estados Unidos,1123.4833091,América,América del Norte,Estados Unidos
2011-04-01,América. América del Norte. Estados Unidos,887.23681313,América,América del Norte,Estados Unidos
2011-05-01,América. América del Norte. Estados Unidos,755.78945424,América,América del Norte,Estados Unidos
2011-06-01,América. América del Norte. Estados Unidos,628.98355689,América,América del Norte,Estados Unidos
2011-07-01,América. América del Norte. Estados Unidos,632.23087117,América,América del Norte,Estados Unidos
2011-08-01,América. América del Norte. Estados Unidos,692.6399633,América,América del Norte,Estados Unidos
2011-09-01,América. América del Norte. Estados Unidos,619.48317082,América,América del Norte,Estados Unidos
2011-10-01,América. América del Norte. Estados Unidos,566.63366063,América,América del Norte,Estados Unidos
2011-11-01,América. América del Norte. Estados Unidos,644.52524087,América,América del Norte,Estados Unidos
2011-12-01,América. América del Norte. Estados Unidos,687.77476461,América,América del Norte,Estados Unidos
2012-01-01,América. América del Norte. Estados Unidos,870.00242498,América,América del Norte,Estados Unidos
2012-02-01,América. América del Norte. Estados Unidos,775.71046855,América,América del Norte,Estados Unidos
2012-03-01,América. América del Norte. Estados Unidos,982.30754895,América,América del Norte,Estados Unidos
2012-04-01,América. América del Norte. Estados Unidos,898.88924497,América,América del Norte,Estados Unidos
2012-05-01,América. América del Norte. Estados Unidos,709.03534268,América,América del Norte,Estados Unidos
2012-06-01,América. América del Norte. Estados Unidos,794.79076646,América,América del Norte,Estados Unidos
2012-07-01,América. América del Norte. Estados Unidos,611.50000623,América,América del Norte,Estados Unidos
2012-08-01,América. América del Norte. Estados Unidos,680.49891234,América,América del Norte,Estados Unidos
2012-09-01,América. América del Norte. Estados Unidos,580.17254561,América,América del Norte,Estados Unidos
2012-10-01,América. América del Norte. Estados Unidos,814.3540727,América,América del Norte,Estados Unidos
2012-11-01,América. América del Norte. Estados Unidos,854.67597754,América,América del Norte,Estados Unidos
2012-12-01,América. América del Norte. Estados Unidos,970.20006623,América,América del Norte,Estados Unidos
2013-01-01,América. América del Norte. Estados Unidos,1190.9752532,América,América del Norte,Estados Unidos
2013-02-01,América. América del Norte. Estados Unidos,963.98951638,América,América del Norte,Estados Unidos
2013-03-01,América. América del Norte. Estados Unidos,1014.9555622,América,América del Norte,Estados Unidos
2013-04-01,América. América del Norte. Estados Unidos,1196.5743309,América,América del Norte,Estados Unidos
2013-05-01,América. América del Norte. Estados Unidos,886.43782025,América,América del Norte,Estados Unidos
2013-06-01,América. América del Norte. Estados Unidos,769.23555182,América,América del Norte,Estados Unidos
2013-07-01,América. América del Norte. Estados Unidos,660.2184862,América,América del Norte,Estados Unidos
2013-08-01,América. América del Norte. Estados Unidos,644.29584419,América,América del Norte,Estados Unidos
2013-09-01,América. América del Norte. Estados Unidos,474.67233957,América,América del Norte,Estados Unidos
2013-10-01,América. América del Norte. Estados Unidos,633.0958153,América,América del Norte,Estados Unidos
2013-11-01,América. América del Norte. Estados Unidos,612.69675155,América,América del Norte,Estados Unidos
2013-12-01,América. América del Norte. Estados Unidos,683.48702226,América,América del Norte,Estados Unidos
2014-01-01,América. América del Norte. Estados Unidos,860.159207457272,América,América del Norte,Estados Unidos
2014-02-01,América. América del Norte. Estados Unidos,760.380094931837,América,América del Norte,Estados Unidos
2014-03-01,América. América del Norte. Estados Unidos,1001.15591462786,América,América del Norte,Estados Unidos
2014-04-01,América. América del Norte. Estados Unidos,945.34358341548,América,América del Norte,Estados Unidos
2014-05-01,América. América del Norte. Estados Unidos,865.607215231437,América,América del Norte,Estados Unidos
2014-06-01,América. América del Norte. Estados Unidos,725.965417842319,América,América del Norte,Estados Unidos
2014-07-01,América. América del Norte. Estados Unidos,684.865267849794,América,América del Norte,Estados Unidos
2014-08-01,América. América del Norte. Estados Unidos,670.006101034819,América,América del Norte,Estados Unidos
2014-09-01,América. América del Norte. Estados Unidos,621.503907410487,América,América del Norte,Estados Unidos
2014-10-01,América. América del Norte. Estados Unidos,653.228352925459,América,América del Norte,Estados Unidos
2014-11-01,América. América del Norte. Estados Unidos,545.23427168063,América,América del Norte,Estados Unidos
2014-12-01,América. América del Norte. Estados Unidos,873.309550013719,América,América del Norte,Estados Unidos
2015-01-01,América. América del Norte. Estados Unidos,922.66419284,América,América del Norte,Estados Unidos
2015-02-01,América. América del Norte. Estados Unidos,787.69180076,América,América del Norte,Estados Unidos
2015-03-01,América. América del Norte. Estados Unidos,968.05430312,América,América del Norte,Estados Unidos
2015-04-01,América. América del Norte. Estados Unidos,802.83956697,América,América del Norte,Estados Unidos
2015-05-01,América. América del Norte. Estados Unidos,556.58766762,América,América del Norte,Estados Unidos
2015-06-01,América. América del Norte. Estados Unidos,685.68697123,América,América del Norte,Estados Unidos
2015-07-01,América. América del Norte. Estados Unidos,671.45199136,América,América del Norte,Estados Unidos
2015-08-01,América. América del Norte. Estados Unidos,564.4157421,América,América del Norte,Estados Unidos
2015-09-01,América. América del Norte. Estados Unidos,559.82701676,América,América del Norte,Estados Unidos
2015-10-01,América. América del Norte. Estados Unidos,526.52827444,América,América del Norte,Estados Unidos
2015-11-01,América. América del Norte. Estados Unidos,498.96961356,América,América del Norte,Estados Unidos
2015-12-01,América. América del Norte. Estados Unidos,570.0047427,América,América del Norte,Estados Unidos
2016-01-01,América. América del Norte. Estados Unidos,783.48688637,América,América del Norte,Estados Unidos
2016-02-01,América. América del Norte. Estados Unidos,774.56271171,América,América del Norte,Estados Unidos
2016-03-01,América. América del Norte. Estados Unidos,771.27770162,América,América del Norte,Estados Unidos
2016-04-01,América. América del Norte. Estados Unidos,749.91712612,América,América del Norte,Estados Unidos
2016-05-01,América. América del Norte. Estados Unidos,646.53263279,América,América del Norte,Estados Unidos
2016-06-01,América. América del Norte. Estados Unidos,700.5226643,América,América del Norte,Estados Unidos
2016-07-01,América. América del Norte. Estados Unidos,583.47275335,América,América del Norte,Estados Unidos
2016-08-01,América. América del Norte. Estados Unidos,698.92988338,América,América del Norte,Estados Unidos
2016-09-01,América. América del Norte. Estados Unidos,631.59031712,América,América del Norte,Estados Unidos
2016-10-01,América. América del Norte. Estados Unidos,597.68447235,América,América del Norte,Estados Unidos
2016-11-01,América. América del Norte. Estados Unidos,601.1180531,América,América del Norte,Estados Unidos
2016-12-01,América. América del Norte. Estados Unidos,864.02686838,América,América del Norte,Estados Unidos
2017-01-01,América. América del Norte. Estados Unidos,846.2325216,América,América del Norte,Estados Unidos
2017-02-01,América. América del Norte. Estados Unidos,837.39510472,América,América del Norte,Estados Unidos
2017-03-01,América. América del Norte. Estados Unidos,952.67752226,América,América del Norte,Estados Unidos
2017-04-01,América. América del Norte. Estados Unidos,804.76727587,América,América del Norte,Estados Unidos
2017-05-01,América. América del Norte. Estados Unidos,879.20735747,América,América del Norte,Estados Unidos
2017-06-01,América. América del Norte. Estados Unidos,785.34707436,América,América del Norte,Estados Unidos
2017-07-01,América. América del Norte. Estados Unidos,794.89184883,América,América del Norte,Estados Unidos
2017-08-01,América. América del Norte. Estados Unidos,932.46152865,América,América del Norte,Estados Unidos
2017-09-01,América. América del Norte. Estados Unidos,787.07247814,América,América del Norte,Estados Unidos
2017-10-01,América. América del Norte. Estados Unidos,732.0399901,América,América del Norte,Estados Unidos
2017-11-01,América. América del Norte. Estados Unidos,691.37933221,América,América del Norte,Estados Unidos
2017-12-01,América. América del Norte. Estados Unidos,945.40726935,América,América del Norte,Estados Unidos
2018-01-01,América. América del Norte. Estados Unidos,1076.2700805,América,América del Norte,Estados Unidos
2018-02-01,América. América del Norte. Estados Unidos,1110.2319827,América,América del Norte,Estados Unidos
2018-03-01,América. América del Norte. Estados Unidos,1033.7762903,América,América del Norte,Estados Unidos
2018-04-01,América. América del Norte. Estados Unidos,930.47751436,América,América del Norte,Estados Unidos
2018-05-01,América. América del Norte. Estados Unidos,786.98103014,América,América del Norte,Estados Unidos
2018-06-01,América. América del Norte. Estados Unidos,844.68947634,América,América del Norte,Estados Unidos
2018-07-01,América. América del Norte. Estados Unidos,810.14682651,América,América del Norte,Estados Unidos
2018-08-01,América. América del Norte. Estados Unidos,850.79733106,América,América del Norte,Estados Unidos
2018-09-01,América. América del Norte. Estados Unidos,701.41740781,América,América del Norte,Estados Unidos
2018-10-01,América. América del Norte. Estados Unidos,807.34996654,América,América del Norte,Estados Unidos
2018-11-01,América. América del Norte. Estados Unidos,650.6241077,América,América del Norte,Estados Unidos
2018-12-01,América. América del Norte. Estados Unidos,751.79412232,América,América del Norte,Estados Unidos
2019-01-01,América. América del Norte. Estados Unidos,826.70365581,América,América del Norte,Estados Unidos
2019-02-01,América. América del Norte. Estados Unidos,829.19429089,América,América del Norte,Estados Unidos
2019-03-01,América. América del Norte. Estados Unidos,1022.3334955,América,América del Norte,Estados Unidos
2019-04-01,América. América del Norte. Estados Unidos,906.48920317,América,América del Norte,Estados Unidos
2019-05-01,América. América del Norte. Estados Unidos,821.82269122,América,América del Norte,Estados Unidos
2019-06-01,América. América del Norte. Estados Unidos,836.9845488,América,América del Norte,Estados Unidos
2019-07-01,América. América del Norte. Estados Unidos,715.31467151,América,América del Norte,Estados Unidos
2019-08-01,América. América del Norte. Estados Unidos,829.96953295,América,América del Norte,Estados Unidos
2019-09-01,América. América del Norte. Estados Unidos,792.10180456,América,América del Norte,Estados Unidos
2019-10-01,América. América del Norte. Estados Unidos,613.33129945,América,América del Norte,Estados Unidos
2019-11-01,América. América del Norte. Estados Unidos,672.30104136,América,América del Norte,Estados Unidos
2019-12-01,América. América del Norte. Estados Unidos,718.1673088,América,América del Norte,Estados Unidos
2020-01-01,América. América del Norte. Estados Unidos,772.16984883,América,América del Norte,Estados Unidos
2020-02-01,América. América del Norte. Estados Unidos,856.43238495,América,América del Norte,Estados Unidos
2020-03-01,América. América del Norte. Estados Unidos,947.33835208,América,América del Norte,Estados Unidos
2020-04-01,América. América del Norte. Estados Unidos,963.23141313,América,América del Norte,Estados Unidos
2020-05-01,América. América del Norte. Estados Unidos,778.77712758,América,América del Norte,Estados Unidos
2020-06-01,América. América del Norte. Estados Unidos,802.89131339,América,América del Norte,Estados Unidos
2020-07-01,América. América del Norte. Estados Unidos,786.6702124,América,América del Norte,Estados Unidos
2020-08-01,América. América del Norte. Estados Unidos,709.90008508,América,América del Norte,Estados Unidos
2020-09-01,América. América del Norte. Estados Unidos,707.12460603,América,América del Norte,Estados Unidos
2020-10-01,América. América del Norte. Estados Unidos,816.8802402,América,América del Norte,Estados Unidos
2020-11-01,América. América del Norte. Estados Unidos,739.65699281,América,América del Norte,Estados Unidos
2020-12-01,América. América del Norte. Estados Unidos,906.5286212,América,América del Norte,Estados Unidos
2021-01-01,América. América del Norte. Estados Unidos,970.363428066769,América,América del Norte,Estados Unidos
2021-02-01,América. América del Norte. Estados Unidos,1316.49686705459,América,América del Norte,Estados Unidos
2021-03-01,América. América del Norte. Estados Unidos,1172.40433819207,América,América del Norte,Estados Unidos
2021-04-01,América. América del Norte. Estados Unidos,1257.98357059957,América,América del Norte,Estados Unidos
2021-05-01,América. América del Norte. Estados Unidos,1068.97668694575,América,América del Norte,Estados Unidos
2021-06-01,América. América del Norte. Estados Unidos,1225.89737262714,América,América del Norte,Estados Unidos
2021-07-01,América. América del Norte. Estados Unidos,1245.50974780283,América,América del Norte,Estados Unidos
2021-08-01,América. América del Norte. Estados Unidos,1413.23350551634,América,América del Norte,Estados Unidos
2021-09-01,América. América del Norte. Estados Unidos,1400.56451670757,América,América del Norte,Estados Unidos
2021-10-01,América. América del Norte. Estados Unidos,1101.4555991295,América,América del Norte,Estados Unidos
2021-11-01,América. América del Norte. Estados Unidos,1348.57035582726,América,América del Norte,Estados Unidos
2021-12-01,América. América del Norte. Estados Unidos,1480.24924453795,América,América del Norte,Estados Unidos
2022-01-01,América. América del Norte. Estados Unidos,962.46281197,América,América del Norte,Estados Unidos
2022-02-01,América. América del Norte. Estados Unidos,1031.7677709,América,América del Norte,Estados Unidos
2022-03-01,América. América del Norte. Estados Unidos,1440.5352939,América,América del Norte,Estados Unidos
2022-04-01,América. América del Norte. Estados Unidos,1314.9773729,América,América del Norte,Estados Unidos
2022-05-01,América. América del Norte. Estados Unidos,1343.5546483,América,América del Norte,Estados Unidos
2022-06-01,América. América del Norte. Estados Unidos,1226.1414149,América,América del Norte,Estados Unidos
2022-07-01,América. América del Norte. Estados Unidos,979.44302373,América,América del Norte,Estados Unidos
2022-08-01,América. América del Norte. Estados Unidos,1183.4690179,América,América del Norte,Estados Unidos
2022-09-01,América. América del Norte. Estados Unidos,1013.9787973,América,América del Norte,Estados Unidos
2022-10-01,América. América del Norte. Estados Unidos,948.04613841,América,América del Norte,Estados Unidos
2022-11-01,América. América del Norte. Estados Unidos,1038.3045185,América,América del Norte,Estados Unidos
2022-12-01,América. América del Norte. Estados Unidos,1143.2910539,América,América del Norte,Estados Unidos
2023-01-01,América. América del Norte. Estados Unidos,1226.486876,América,América del Norte,Estados Unidos
2023-02-01,América. América del Norte. Estados Unidos,1480.3714932,América,América del Norte,Estados Unidos
2023-03-01,América. América del Norte. Estados Unidos,1758.4888591,América,América del Norte,Estados Unidos
2023-04-01,América. América del Norte. Estados Unidos,1182.8652296,América,América del Norte,Estados Unidos
2023-05-01,América. América del Norte. Estados Unidos,1267.7589952,América,América del Norte,Estados Unidos
2023-06-01,América. América del Norte. Estados Unidos,1201.2923519,América,América del Norte,Estados Unidos
2023-07-01,América. América del Norte. Estados Unidos,1031.7168922,América,América del Norte,Estados Unidos
2023-08-01,América. América del Norte. Estados Unidos,1165.417086,América,América del Norte,Estados Unidos
2023-09-01,América. América del Norte. Estados Unidos,1022.7928547,América,América del Norte,Estados Unidos
2023-10-01,América. América del Norte. Estados Unidos,1086.1289402,América,América del Norte,Estados Unidos
2023-11-01,América. América del Norte. Estados Unidos,999.96982224,América,América del Norte,Estados Unidos
2023-12-01,América. América del Norte. Estados Unidos,1024.6414347,América,América del Norte,Estados Unidos
2024-01-01,América. América del Norte. Estados Unidos,1055.1676671,América,América del Norte,Estados Unidos
2024-02-01,América. América del Norte. Estados Unidos,1149.716194,América,América del Norte,Estados Unidos
2024-03-01,América. América del Norte. Estados Unidos,1170.5478984,América,América del Norte,Estados Unidos
2024-04-01,América. América del Norte. Estados Unidos,1360.23638,América,América del Norte,Estados Unidos
2024-05-01,América. América del Norte. Estados Unidos,1304.4272172,América,América del Norte,Estados Unidos
2024-06-01,América. América del Norte. Estados Unidos,1519.959532,América,América del Norte,Estados Unidos
2024-07-01,América. América del Norte. Estados Unidos,1461.5853354,América,América del Norte,Estados Unidos
2024-08-01,América. América del Norte. Estados Unidos,1556.3566976,América,América del Norte,Estados Unidos
2024-09-01,América. América del Norte. Estados Unidos,1217.0267715,América,América del Norte,Estados Unidos
2024-10-01,América. América del Norte. Estados Unidos,1217.4131899,América,América del Norte,Estados Unidos
2024-11-01,América. América del Norte. Estados Unidos,1279.9954474,América,América del Norte,Estados Unidos
2024-12-01,América. América del Norte. Estados Unidos,1385.3161931,América,América del Norte,Estados Unidos
2025-01-01,América. América del Norte. Estados Unidos,1258.300056,América,América del Norte,Estados Unidos
2025-02-01,América. América del Norte. Estados Unidos,1476.7435483,América,América del Norte,Estados Unidos
2025-03-01,América. América del Norte. Estados Unidos,1755.3152793,América,América del Norte,Estados Unidos
2025-04-01,América. América del Norte. Estados Unidos,1754.8132355,América,América del Norte,Estados Unidos
2025-05-01,América. América del Norte. Estados Unidos,1582.9901958,América,América del Norte,Estados Unidos
2025-06-01,América. América del Norte. Estados Unidos,1501.2502292,América,América del Norte,Estados Unidos
2025-07-01,América. América del Norte. Estados Unidos,1372.3693108,América,América del Norte,Estados Unidos
2025-08-01,América. América del Norte. Estados Unidos,1008.8355126,América,América del Norte,Estados Unidos
2025-09-01,América. América del Norte. Estados Unidos,1447.9516778,América,América del Norte,Estados Unidos
2025-10-01,América. América del Norte. Estados Unidos,1375.349731,América,América del Norte,Estados Unidos
2025-11-01,América. América del Norte. Estados Unidos,1307.1799874,América,América del Norte,Estados Unidos
2025-12-01,América. América del Norte. Estados Unidos,1900.2716164,América,América del Norte,Estados Unidos
2026-01-01,América. América del Norte. Estados Unidos,1611.6085622,América,América del Norte,Estados Unidos
2026-02-01,América. América del Norte. Estados Unidos,1414.283347,América,América del Norte,Estados Unidos
2026-03-01,América. América del Norte. Estados Unidos,1919.8641893,América,América del Norte,Estados Unidos
2026-04-01,América. América del Norte. Estados Unidos,1609.5766654,América,América del Norte,Estados Unidos
2026-05-01,América. América del Norte. Estados Unidos,1636.8073153,América,América del Norte,Estados Unidos
2026-06-01,América. América del Norte. Estados Unidos,1861.519842,América,América del Norte,Estados Unidos
2003-01-01,América. América del Norte. México,72.17491181,América,América del Norte,México
2003-02-01,América. América del Norte. México,70.03558571,América,América del Norte,México
2003-03-01,América. América del Norte. México,64.777542662,América,América del Norte,México
2003-04-01,América. América del Norte. México,76.153028983,América,América del Norte,México
2003-05-01,América. América del Norte. México,75.02723896,América,América del Norte,México
2003-06-01,América. América del Norte. México,58.70326432,América,América del Norte,México
2003-07-01,América. América del Norte. México,85.967798251,América,América del Norte,México
2003-08-01,América. América del Norte. México,78.62837238,América,América del Norte,México
2003-09-01,América. América del Norte. México,76.590753386,América,América del Norte,México
2003-10-01,América. América del Norte. México,103.06626357,América,América del Norte,México
2003-11-01,América. América del Norte. México,81.22399623,América,América del Norte,México
2003-12-01,América. América del Norte. México,70.02613522,América,América del Norte,México
2004-01-01,América. América del Norte. México,84.91895085,América,América del Norte,México
2004-02-01,América. América del Norte. México,87.29984327,América,América del Norte,México
2004-03-01,América. América del Norte. México,116.72121143,América,América del Norte,México
2004-04-01,América. América del Norte. México,113.02478594,América,América del Norte,México
2004-05-01,América. América del Norte. México,90.71234154,América,América del Norte,México
2004-06-01,América. América del Norte. México,100.9367865,América,América del Norte,México
2004-07-01,América. América del Norte. México,122.26772791,América,América del Norte,México
2004-08-01,América. América del Norte. México,118.05255102,América,América del Norte,México
2004-09-01,América. América del Norte. México,126.59252702,América,América del Norte,México
2004-10-01,América. América del Norte. México,104.73201067,América,América del Norte,México
2004-11-01,América. América del Norte. México,147.19555939,América,América del Norte,México
2004-12-01,América. América del Norte. México,132.00403162,América,América del Norte,México
2005-01-01,América. América del Norte. México,102.33406539,América,América del Norte,México
2005-02-01,América. América del Norte. México,104.09794286,América,América del Norte,México
2005-03-01,América. América del Norte. México,125.12321043,América,América del Norte,México
2005-04-01,América. América del Norte. México,133.13785018,América,América del Norte,México
2005-05-01,América. América del Norte. México,113.90736657,América,América del Norte,México
2005-06-01,América. América del Norte. México,129.740988,América,América del Norte,México
2005-07-01,América. América del Norte. México,150.62042095,América,América del Norte,México
2005-08-01,América. América del Norte. México,149.89962678,América,América del Norte,México
2005-09-01,América. América del Norte. México,133.93040149,América,América del Norte,México
2005-10-01,América. América del Norte. México,180.83706405,América,América del Norte,México
2005-11-01,América. América del Norte. México,131.49093506,América,América del Norte,México
2005-12-01,América. América del Norte. México,146.63422933,América,América del Norte,México
2006-01-01,América. América del Norte. México,169.31756881,América,América del Norte,México
2006-02-01,América. América del Norte. México,145.93641644,América,América del Norte,México
2006-03-01,América. América del Norte. México,239.34992855,América,América del Norte,México
2006-04-01,América. América del Norte. México,187.2088235,América,América del Norte,México
2006-05-01,América. América del Norte. México,207.69182559,América,América del Norte,México
2006-06-01,América. América del Norte. México,182.07956566,América,América del Norte,México
2006-07-01,América. América del Norte. México,255.66474019,América,América del Norte,México
2006-08-01,América. América del Norte. México,223.47374132,América,América del Norte,México
2006-09-01,América. América del Norte. México,185.0470192,América,América del Norte,México
2006-10-01,América. América del Norte. México,176.4642362,América,América del Norte,México
2006-11-01,América. América del Norte. México,157.6606747,América,América del Norte,México
2006-12-01,América. América del Norte. México,186.00391516,América,América del Norte,México
2007-01-01,América. América del Norte. México,159.44016169,América,América del Norte,México
2007-02-01,América. América del Norte. México,133.04737752,América,América del Norte,México
2007-03-01,América. América del Norte. México,231.09126941,América,América del Norte,México
2007-04-01,América. América del Norte. México,198.62295718,América,América del Norte,México
2007-05-01,América. América del Norte. México,252.21792011,América,América del Norte,México
2007-06-01,América. América del Norte. México,238.99006584,América,América del Norte,México
2007-07-01,América. América del Norte. México,225.48851924,América,América del Norte,México
2007-08-01,América. América del Norte. México,182.18109724,América,América del Norte,México
2007-09-01,América. América del Norte. México,162.23193779,América,América del Norte,México
2007-10-01,América. América del Norte. México,178.62167704,América,América del Norte,México
2007-11-01,América. América del Norte. México,201.64479809,América,América del Norte,México
2007-12-01,América. América del Norte. México,158.11365292,América,América del Norte,México
2008-01-01,América. América del Norte. México,205.68437434,América,América del Norte,México
2008-02-01,América. América del Norte. México,218.2629767,América,América del Norte,México
2008-03-01,América. América del Norte. México,202.80000173,América,América del Norte,México
2008-04-01,América. América del Norte. México,210.32564796,América,América del Norte,México
2008-05-01,América. América del Norte. México,199.81244778,América,América del Norte,México
2008-06-01,América. América del Norte. México,182.63854068,América,América del Norte,México
2008-07-01,América. América del Norte. México,193.7252329,América,América del Norte,México
2008-08-01,América. América del Norte. México,188.04813667,América,América del Norte,México
2008-09-01,América. América del Norte. México,158.88670267,América,América del Norte,México
2008-10-01,América. América del Norte. México,128.74601195,América,América del Norte,México
2008-11-01,América. América del Norte. México,124.27559741,América,América del Norte,México
2008-12-01,América. América del Norte. México,146.13190811,América,América del Norte,México
2009-01-01,América. América del Norte. México,91.246615681,América,América del Norte,México
2009-02-01,América. América del Norte. México,98.950640067,América,América del Norte,México
2009-03-01,América. América del Norte. México,110.7158125,América,América del Norte,México
2009-04-01,América. América del Norte. México,126.58767098,América,América del Norte,México
2009-05-01,América. América del Norte. México,140.66415394,América,América del Norte,México
2009-06-01,América. América del Norte. México,122.50062556,América,América del Norte,México
2009-07-01,América. América del Norte. México,136.76314246,América,América del Norte,México
2009-08-01,América. América del Norte. México,137.38713928,América,América del Norte,México
2009-09-01,América. América del Norte. México,123.8868334,América,América del Norte,México
2009-10-01,América. América del Norte. México,140.15664119,América,América del Norte,México
2009-11-01,América. América del Norte. México,117.75720296,América,América del Norte,México
2009-12-01,América. América del Norte. México,135.52381118,América,América del Norte,México
2010-01-01,América. América del Norte. México,135.87476684,América,América del Norte,México
2010-02-01,América. América del Norte. México,128.97767424,América,América del Norte,México
2010-03-01,América. América del Norte. México,147.22583243,América,América del Norte,México
2010-04-01,América. América del Norte. México,160.11543091,América,América del Norte,México
2010-05-01,América. América del Norte. México,151.67668901,América,América del Norte,México
2010-06-01,América. América del Norte. México,163.75686901,América,América del Norte,México
2010-07-01,América. América del Norte. México,174.44392443,América,América del Norte,México
2010-08-01,América. América del Norte. México,154.50998172,América,América del Norte,México
2010-09-01,América. América del Norte. México,175.58282734,América,América del Norte,México
2010-10-01,América. América del Norte. México,189.76916839,América,América del Norte,México
2010-11-01,América. América del Norte. México,146.78801627,América,América del Norte,México
2010-12-01,América. América del Norte. México,192.82949954,América,América del Norte,México
2011-01-01,América. América del Norte. México,160.62441683,América,América del Norte,México
2011-02-01,América. América del Norte. México,155.27795669,América,América del Norte,México
2011-03-01,América. América del Norte. México,165.08315428,América,América del Norte,México
2011-04-01,América. América del Norte. México,159.87916908,América,América del Norte,México
2011-05-01,América. América del Norte. México,142.96651137,América,América del Norte,México
2011-06-01,América. América del Norte. México,146.62334086,América,América del Norte,México
2011-07-01,América. América del Norte. México,159.76055215,América,América del Norte,México
2011-08-01,América. América del Norte. México,159.00703897,América,América del Norte,México
2011-09-01,América. América del Norte. México,163.35891514,América,América del Norte,México
2011-10-01,América. América del Norte. México,125.54295176,América,América del Norte,México
2011-11-01,América. América del Norte. México,154.58640625,América,América del Norte,México
2011-12-01,América. América del Norte. México,127.95580922,América,América del Norte,México
2012-01-01,América. América del Norte. México,94.29558881,América,América del Norte,México
2012-02-01,América. América del Norte. México,108.63040065,América,América del Norte,México
2012-03-01,América. América del Norte. México,142.4540622,América,América del Norte,México
2012-04-01,América. América del Norte. México,121.3981302,América,América del Norte,México
2012-05-01,América. América del Norte. México,110.97608121,América,América del Norte,México
2012-06-01,América. América del Norte. México,95.48706896,América,América del Norte,México
2012-07-01,América. América del Norte. México,145.00580598,América,América del Norte,México
2012-08-01,América. América del Norte. México,99.75536724,América,América del Norte,México
2012-09-01,América. América del Norte. México,92.499287363,América,América del Norte,México
2012-10-01,América. América del Norte. México,121.86514385,América,América del Norte,México
2012-11-01,América. América del Norte. México,92.712693757,América,América del Norte,México
2012-12-01,América. América del Norte. México,117.2882544,América,América del Norte,México
2013-01-01,América. América del Norte. México,115.36340682,América,América del Norte,México
2013-02-01,América. América del Norte. México,99.193866056,América,América del Norte,México
2013-03-01,América. América del Norte. México,120.41688039,América,América del Norte,México
2013-04-01,América. América del Norte. México,109.8876774,América,América del Norte,México
2013-05-01,América. América del Norte. México,118.94187006,América,América del Norte,México
2013-06-01,América. América del Norte. México,108.99378276,América,América del Norte,México
2013-07-01,América. América del Norte. México,125.57407125,América,América del Norte,México
2013-08-01,América. América del Norte. México,104.64178611,América,América del Norte,México
2013-09-01,América. América del Norte. México,78.182108246,América,América del Norte,México
2013-10-01,América. América del Norte. México,123.7227504,América,América del Norte,México
2013-11-01,América. América del Norte. México,127.26192583,América,América del Norte,México
2013-12-01,América. América del Norte. México,82.122346919,América,América del Norte,México
2014-01-01,América. América del Norte. México,73.1759426569848,América,América del Norte,México
2014-02-01,América. América del Norte. México,104.622078905397,América,América del Norte,México
2014-03-01,América. América del Norte. México,134.561422341052,América,América del Norte,México
2014-04-01,América. América del Norte. México,118.4469971994,América,América del Norte,México
2014-05-01,América. América del Norte. México,111.548729338134,América,América del Norte,México
2014-06-01,América. América del Norte. México,104.915862225317,América,América del Norte,México
2014-07-01,América. América del Norte. México,122.78132850238,América,América del Norte,México
2014-08-01,América. América del Norte. México,96.4753728814723,América,América del Norte,México
2014-09-01,América. América del Norte. México,95.7370824556583,América,América del Norte,México
2014-10-01,América. América del Norte. México,117.449174578649,América,América del Norte,México
2014-11-01,América. América del Norte. México,116.03294868,América,América del Norte,México
2014-12-01,América. América del Norte. México,106.38644791,América,América del Norte,México
2015-01-01,América. América del Norte. México,104.28861056,América,América del Norte,México
2015-02-01,América. América del Norte. México,107.57219953,América,América del Norte,México
2015-03-01,América. América del Norte. México,125.19969392,América,América del Norte,México
2015-04-01,América. América del Norte. México,131.90594949,América,América del Norte,México
2015-05-01,América. América del Norte. México,108.93399465,América,América del Norte,México
2015-06-01,América. América del Norte. México,115.16390817,América,América del Norte,México
2015-07-01,América. América del Norte. México,102.72613269,América,América del Norte,México
2015-08-01,América. América del Norte. México,112.30980898,América,América del Norte,México
2015-09-01,América. América del Norte. México,116.58101239,América,América del Norte,México
2015-10-01,América. América del Norte. México,106.74194714,América,América del Norte,México
2015-11-01,América. América del Norte. México,107.87546925,América,América del Norte,México
2015-12-01,América. América del Norte. México,103.44049266,América,América del Norte,México
2016-01-01,América. América del Norte. México,101.87077168,América,América del Norte,México
2016-02-01,América. América del Norte. México,100.98276842,América,América del Norte,México
2016-03-01,América. América del Norte. México,117.09185317,América,América del Norte,México
2016-04-01,América. América del Norte. México,115.84775808,América,América del Norte,México
2016-05-01,América. América del Norte. México,114.12247406,América,América del Norte,México
2016-06-01,América. América del Norte. México,81.825051528,América,América del Norte,México
2016-07-01,América. América del Norte. México,113.84620352,América,América del Norte,México
2016-08-01,América. América del Norte. México,97.149980544,América,América del Norte,México
2016-09-01,América. América del Norte. México,96.668795638,América,América del Norte,México
2016-10-01,América. América del Norte. México,79.867586786,América,América del Norte,México
2016-11-01,América. América del Norte. México,100.17540729,América,América del Norte,México
2016-12-01,América. América del Norte. México,87.617895282,América,América del Norte,México
2017-01-01,América. América del Norte. México,115.17885045,América,América del Norte,México
2017-02-01,América. América del Norte. México,88.850751397,América,América del Norte,México
2017-03-01,América. América del Norte. México,98.495062,América,América del Norte,México
2017-04-01,América. América del Norte. México,87.400440108,América,América del Norte,México
2017-05-01,América. América del Norte. México,107.44858243,América,América del Norte,México
2017-06-01,América. América del Norte. México,94.555041153,América,América del Norte,México
2017-07-01,América. América del Norte. México,79.323427597,América,América del Norte,México
2017-08-01,América. América del Norte. México,111.23664142,América,América del Norte,México
2017-09-01,América. América del Norte. México,92.429701654,América,América del Norte,México
2017-10-01,América. América del Norte. México,98.641936962,América,América del Norte,México
2017-11-01,América. América del Norte. México,103.85004432,América,América del Norte,México
2017-12-01,América. América del Norte. México,91.661518736,América,América del Norte,México
2018-01-01,América. América del Norte. México,104.62712699,América,América del Norte,México
2018-02-01,América. América del Norte. México,99.719809686,América,América del Norte,México
2018-03-01,América. América del Norte. México,114.70798059,América,América del Norte,México
2018-04-01,América. América del Norte. México,116.76181339,América,América del Norte,México
2018-05-01,América. América del Norte. México,115.81101375,América,América del Norte,México
2018-06-01,América. América del Norte. México,110.50694597,América,América del Norte,México
2018-07-01,América. América del Norte. México,122.91939795,América,América del Norte,México
2018-08-01,América. América del Norte. México,129.62852149,América,América del Norte,México
2018-09-01,América. América del Norte. México,90.154934591,América,América del Norte,México
2018-10-01,América. América del Norte. México,119.50827274,América,América del Norte,México
2018-11-01,América. América del Norte. México,89.976662454,América,América del Norte,México
2018-12-01,América. América del Norte. México,76.536897165,América,América del Norte,México
2019-01-01,América. América del Norte. México,124.67037531,América,América del Norte,México
2019-02-01,América. América del Norte. México,117.78384233,América,América del Norte,México
2019-03-01,América. América del Norte. México,115.11817148,América,América del Norte,México
2019-04-01,América. América del Norte. México,109.93701531,América,América del Norte,México
2019-05-01,América. América del Norte. México,106.66015767,América,América del Norte,México
2019-06-01,América. América del Norte. México,130.92660767,América,América del Norte,México
2019-07-01,América. América del Norte. México,102.90925067,América,América del Norte,México
2019-08-01,América. América del Norte. México,102.23178945,América,América del Norte,México
2019-09-01,América. América del Norte. México,115.07770752,América,América del Norte,México
2019-10-01,América. América del Norte. México,107.9540175,América,América del Norte,México
2019-11-01,América. América del Norte. México,84.916038004,América,América del Norte,México
2019-12-01,América. América del Norte. México,106.37766015,América,América del Norte,México
2020-01-01,América. América del Norte. México,93.710237075,América,América del Norte,México
2020-02-01,América. América del Norte. México,95.912101004,América,América del Norte,México
2020-03-01,América. América del Norte. México,116.26769437,América,América del Norte,México
2020-04-01,América. América del Norte. México,91.732443593,América,América del Norte,México
2020-05-01,América. América del Norte. México,70.36255668,América,América del Norte,México
2020-06-01,América. América del Norte. México,91.43539734,América,América del Norte,México
2020-07-01,América. América del Norte. México,70.82192218,América,América del Norte,México
2020-08-01,América. América del Norte. México,81.050462862,América,América del Norte,México
2020-09-01,América. América del Norte. México,70.028051956,América,América del Norte,México
2020-10-01,América. América del Norte. México,91.250253537,América,América del Norte,México
2020-11-01,América. América del Norte. México,86.89169306,América,América del Norte,México
2020-12-01,América. América del Norte. México,86.940144093,América,América del Norte,México
2021-01-01,América. América del Norte. México,100.560646792507,América,América del Norte,México
2021-02-01,América. América del Norte. México,102.552556406356,América,América del Norte,México
2021-03-01,América. América del Norte. México,105.779583543254,América,América del Norte,México
2021-04-01,América. América del Norte. México,123.969355256326,América,América del Norte,México
2021-05-01,América. América del Norte. México,104.962873548841,América,América del Norte,México
2021-06-01,América. América del Norte. México,152.077913343097,América,América del Norte,México
2021-07-01,América. América del Norte. México,109.222303929896,América,América del Norte,México
2021-08-01,América. América del Norte. México,144.126462378782,América,América del Norte,México
2021-09-01,América. América del Norte. México,115.994626708144,América,América del Norte,México
2021-10-01,América. América del Norte. México,87.9883876017031,América,América del Norte,México
2021-11-01,América. América del Norte. México,116.405780918177,América,América del Norte,México
2021-12-01,América. América del Norte. México,149.842658391695,América,América del Norte,México
2022-01-01,América. América del Norte. México,99.25075063,América,América del Norte,México
2022-02-01,América. América del Norte. México,127.47229661,América,América del Norte,México
2022-03-01,América. América del Norte. México,202.43104303,América,América del Norte,México
2022-04-01,América. América del Norte. México,127.7659337,América,América del Norte,México
2022-05-01,América. América del Norte. México,178.26112069,América,América del Norte,México
2022-06-01,América. América del Norte. México,163.76485109,América,América del Norte,México
2022-07-01,América. América del Norte. México,138.67083588,América,América del Norte,México
2022-08-01,América. América del Norte. México,210.40277646,América,América del Norte,México
2022-09-01,América. América del Norte. México,129.2087786,América,América del Norte,México
2022-10-01,América. América del Norte. México,127.36408227,América,América del Norte,México
2022-11-01,América. América del Norte. México,146.51942198,América,América del Norte,México
2022-12-01,América. América del Norte. México,115.95895065,América,América del Norte,México
2023-01-01,América. América del Norte. México,144.40596786,América,América del Norte,México
2023-02-01,América. América del Norte. México,155.7750132,América,América del Norte,México
2023-03-01,América. América del Norte. México,199.86618173,América,América del Norte,México
2023-04-01,América. América del Norte. México,123.98161359,América,América del Norte,México
2023-05-01,América. América del Norte. México,134.96801713,América,América del Norte,México
2023-06-01,América. América del Norte. México,117.66734988,América,América del Norte,México
2023-07-01,América. América del Norte. México,119.13579755,América,América del Norte,México
2023-08-01,América. América del Norte. México,163.28690636,América,América del Norte,México
2023-09-01,América. América del Norte. México,118.18397335,América,América del Norte,México
2023-10-01,América. América del Norte. México,141.52252364,América,América del Norte,México
2023-11-01,América. América del Norte. México,120.50194011,América,América del Norte,México
2023-12-01,América. América del Norte. México,155.30261073,América,América del Norte,México
2024-01-01,América. América del Norte. México,138.46493745,América,América del Norte,México
2024-02-01,América. América del Norte. México,145.23329172,América,América del Norte,México
2024-03-01,América. América del Norte. México,126.71955811,América,América del Norte,México
2024-04-01,América. América del Norte. México,129.93813631,América,América del Norte,México
2024-05-01,América. América del Norte. México,131.01718049,América,América del Norte,México
2024-06-01,América. América del Norte. México,131.31508976,América,América del Norte,México
2024-07-01,América. América del Norte. México,158.04408388,América,América del Norte,México
2024-08-01,América. América del Norte. México,163.3196773,América,América del Norte,México
2024-09-01,América. América del Norte. México,118.88870619,América,América del Norte,México
2024-10-01,América. América del Norte. México,150.58661867,América,América del Norte,México
2024-11-01,América. América del Norte. México,150.31040312,América,América del Norte,México
2024-12-01,América. América del Norte. México,182.96670095,América,América del Norte,México
2025-01-01,América. América del Norte. México,141.83760003,América,América del Norte,México
2025-02-01,América. América del Norte. México,122.07701785,América,América del Norte,México
2025-03-01,América. América del Norte. México,157.33998855,América,América del Norte,México
2025-04-01,América. América del Norte. México,168.7000056,América,América del Norte,México
2025-05-01,América. América del Norte. México,196.37929502,América,América del Norte,México
2025-06-01,América. América del Norte. México,132.99896054,América,América del Norte,México
2025-07-01,América. América del Norte. México,127.95691281,América,América del Norte,México
2025-08-01,América. América del Norte. México,146.47697335,América,América del Norte,México
2025-09-01,América. América del Norte. México,174.36028347,América,América del Norte,México
2025-10-01,América. América del Norte. México,158.71602698,América,América del Norte,México
2025-11-01,América. América del Norte. México,200.73891336,América,América del Norte,México
2025-12-01,América. América del Norte. México,135.10756586,América,América del Norte,México
2026-01-01,América. América del Norte. México,162.63062088,América,América del Norte,México
2026-02-01,América. América del Norte. México,160.16505262,América,América del Norte,México
2026-03-01,América. América del Norte. México,150.29221175,América,América del Norte,México
2026-04-01,América. América del Norte. México,124.05406,América,América del Norte,México
2026-05-01,América. América del Norte. México,214.78054696,América,América del Norte,México
2026-06-01,América. América del Norte. México,135.42496762,América,América del Norte,México
2003-01-01,América. América del Norte. Canadá,18.24114238,América,América del Norte,Canadá
2003-02-01,América. América del Norte. Canadá,14.51432547,América,América del Norte,Canadá
2003-03-01,América. América del Norte. Canadá,15.964151516,América,América del Norte,Canadá
2003-04-01,América. América del Norte. Canadá,57.7705648,América,América del Norte,Canadá
2003-05-01,América. América del Norte. Canadá,45.60837236,América,América del Norte,Canadá
2003-06-01,América. América del Norte. Canadá,13.89889732,América,América del Norte,Canadá
2003-07-01,América. América del Norte. Canadá,48.958539,América,América del Norte,Canadá
2003-08-01,América. América del Norte. Canadá,60.96411709,América,América del Norte,Canadá
2003-09-01,América. América del Norte. Canadá,12.756633,América,América del Norte,Canadá
2003-10-01,América. América del Norte. Canadá,76.85180183,América,América del Norte,Canadá
2003-11-01,América. América del Norte. Canadá,59.87431768,América,América del Norte,Canadá
2003-12-01,América. América del Norte. Canadá,11.84051998,América,América del Norte,Canadá
2004-01-01,América. América del Norte. Canadá,58.58040063,América,América del Norte,Canadá
2004-02-01,América. América del Norte. Canadá,53.1583081,América,América del Norte,Canadá
2004-03-01,América. América del Norte. Canadá,15.590698349,América,América del Norte,Canadá
2004-04-01,América. América del Norte. Canadá,58.38177124,América,América del Norte,Canadá
2004-05-01,América. América del Norte. Canadá,80.88705771,América,América del Norte,Canadá
2004-06-01,América. América del Norte. Canadá,91.65396612,América,América del Norte,Canadá
2004-07-01,América. América del Norte. Canadá,18.3380903,América,América del Norte,Canadá
2004-08-01,América. América del Norte. Canadá,103.4076556,América,América del Norte,Canadá
2004-09-01,América. América del Norte. Canadá,98.02160946,América,América del Norte,Canadá
2004-10-01,América. América del Norte. Canadá,83.11193029,América,América del Norte,Canadá
2004-11-01,América. América del Norte. Canadá,73.65896327,América,América del Norte,Canadá
2004-12-01,América. América del Norte. Canadá,89.89158327,América,América del Norte,Canadá
2005-01-01,América. América del Norte. Canadá,40.14930951,América,América del Norte,Canadá
2005-02-01,América. América del Norte. Canadá,51.76826009,América,América del Norte,Canadá
2005-03-01,América. América del Norte. Canadá,44.68008633,América,América del Norte,Canadá
2005-04-01,América. América del Norte. Canadá,168.90496085,América,América del Norte,Canadá
2005-05-01,América. América del Norte. Canadá,105.60924363,América,América del Norte,Canadá
2005-06-01,América. América del Norte. Canadá,98.59859042,América,América del Norte,Canadá
2005-07-01,América. América del Norte. Canadá,96.87514682,América,América del Norte,Canadá
2005-08-01,América. América del Norte. Canadá,89.00663153,América,América del Norte,Canadá
2005-09-01,América. América del Norte. Canadá,76.38709498,América,América del Norte,Canadá
2005-10-01,América. América del Norte. Canadá,70.65943551,América,América del Norte,Canadá
2005-11-01,América. América del Norte. Canadá,187.52229315,América,América del Norte,Canadá
2005-12-01,América. América del Norte. Canadá,79.41983775,América,América del Norte,Canadá
2006-01-01,América. América del Norte. Canadá,32.52884975,América,América del Norte,Canadá
2006-02-01,América. América del Norte. Canadá,106.34355676,América,América del Norte,Canadá
2006-03-01,América. América del Norte. Canadá,106.95414892,América,América del Norte,Canadá
2006-04-01,América. América del Norte. Canadá,77.50627772,América,América del Norte,Canadá
2006-05-01,América. América del Norte. Canadá,104.66657476,América,América del Norte,Canadá
2006-06-01,América. América del Norte. Canadá,224.90999977,América,América del Norte,Canadá
2006-07-01,América. América del Norte. Canadá,53.52083543,América,América del Norte,Canadá
2006-08-01,América. América del Norte. Canadá,204.18436907,América,América del Norte,Canadá
2006-09-01,América. América del Norte. Canadá,115.23230278,América,América del Norte,Canadá
2006-10-01,América. América del Norte. Canadá,123.017771,América,América del Norte,Canadá
2006-11-01,América. América del Norte. Canadá,122.50070502,América,América del Norte,Canadá
2006-12-01,América. América del Norte. Canadá,44.28448517,América,América del Norte,Canadá
2007-01-01,América. América del Norte. Canadá,86.58535681,América,América del Norte,Canadá
2007-02-01,América. América del Norte. Canadá,102.37162146,América,América del Norte,Canadá
2007-03-01,América. América del Norte. Canadá,178.78719431,América,América del Norte,Canadá
2007-04-01,América. América del Norte. Canadá,44.44926411,América,América del Norte,Canadá
2007-05-01,América. América del Norte. Canadá,132.1862625,América,América del Norte,Canadá
2007-06-01,América. América del Norte. Canadá,134.86758809,América,América del Norte,Canadá
2007-07-01,América. América del Norte. Canadá,49.60589691,América,América del Norte,Canadá
2007-08-01,América. América del Norte. Canadá,47.72335228,América,América del Norte,Canadá
2007-09-01,América. América del Norte. Canadá,107.42259028,América,América del Norte,Canadá
2007-10-01,América. América del Norte. Canadá,205.40871376,América,América del Norte,Canadá
2007-11-01,América. América del Norte. Canadá,92.59419954,América,América del Norte,Canadá
2007-12-01,América. América del Norte. Canadá,122.65014714,América,América del Norte,Canadá
2008-01-01,América. América del Norte. Canadá,97.426756171,América,América del Norte,Canadá
2008-02-01,América. América del Norte. Canadá,223.74577235,América,América del Norte,Canadá
2008-03-01,América. América del Norte. Canadá,92.482798083,América,América del Norte,Canadá
2008-04-01,América. América del Norte. Canadá,155.67634951,América,América del Norte,Canadá
2008-05-01,América. América del Norte. Canadá,120.8948599,América,América del Norte,Canadá
2008-06-01,América. América del Norte. Canadá,130.77687275,América,América del Norte,Canadá
2008-07-01,América. América del Norte. Canadá,103.70796416,América,América del Norte,Canadá
2008-08-01,América. América del Norte. Canadá,62.448765557,América,América del Norte,Canadá
2008-09-01,América. América del Norte. Canadá,89.53987053,América,América del Norte,Canadá
2008-10-01,América. América del Norte. Canadá,42.70422737,América,América del Norte,Canadá
2008-11-01,América. América del Norte. Canadá,57.84665389,América,América del Norte,Canadá
2008-12-01,América. América del Norte. Canadá,68.253152571,América,América del Norte,Canadá
2009-01-01,América. América del Norte. Canadá,46.041922581,América,América del Norte,Canadá
2009-02-01,América. América del Norte. Canadá,89.427811023,América,América del Norte,Canadá
2009-03-01,América. América del Norte. Canadá,88.485496826,América,América del Norte,Canadá
2009-04-01,América. América del Norte. Canadá,102.0954884,América,América del Norte,Canadá
2009-05-01,América. América del Norte. Canadá,92.167253196,América,América del Norte,Canadá
2009-06-01,América. América del Norte. Canadá,82.166659649,América,América del Norte,Canadá
2009-07-01,América. América del Norte. Canadá,96.840115997,América,América del Norte,Canadá
2009-08-01,América. América del Norte. Canadá,127.71204025,América,América del Norte,Canadá
2009-09-01,América. América del Norte. Canadá,78.596143397,América,América del Norte,Canadá
2009-10-01,América. América del Norte. Canadá,171.08669446,América,América del Norte,Canadá
2009-11-01,América. América del Norte. Canadá,89.03645442,América,América del Norte,Canadá
2009-12-01,América. América del Norte. Canadá,215.49511135,América,América del Norte,Canadá
2010-01-01,América. América del Norte. Canadá,69.706604678,América,América del Norte,Canadá
2010-02-01,América. América del Norte. Canadá,138.60750906,América,América del Norte,Canadá
2010-03-01,América. América del Norte. Canadá,186.56953536,América,América del Norte,Canadá
2010-04-01,América. América del Norte. Canadá,89.198478018,América,América del Norte,Canadá
2010-05-01,América. América del Norte. Canadá,101.98520438,América,América del Norte,Canadá
2010-06-01,América. América del Norte. Canadá,137.8690116,América,América del Norte,Canadá
2010-07-01,América. América del Norte. Canadá,111.5134123,América,América del Norte,Canadá
2010-08-01,América. América del Norte. Canadá,71.791487306,América,América del Norte,Canadá
2010-09-01,América. América del Norte. Canadá,81.635339086,América,América del Norte,Canadá
2010-10-01,América. América del Norte. Canadá,117.27146561,América,América del Norte,Canadá
2010-11-01,América. América del Norte. Canadá,63.858997909,América,América del Norte,Canadá
2010-12-01,América. América del Norte. Canadá,116.56158802,América,América del Norte,Canadá
2011-01-01,América. América del Norte. Canadá,107.81047509,América,América del Norte,Canadá
2011-02-01,América. América del Norte. Canadá,100.03183132,América,América del Norte,Canadá
2011-03-01,América. América del Norte. Canadá,158.76014096,América,América del Norte,Canadá
2011-04-01,América. América del Norte. Canadá,174.70931423,América,América del Norte,Canadá
2011-05-01,América. América del Norte. Canadá,125.87513792,América,América del Norte,Canadá
2011-06-01,América. América del Norte. Canadá,189.38503674,América,América del Norte,Canadá
2011-07-01,América. América del Norte. Canadá,141.56663741,América,América del Norte,Canadá
2011-08-01,América. América del Norte. Canadá,102.23281268,América,América del Norte,Canadá
2011-09-01,América. América del Norte. Canadá,99.873806744,América,América del Norte,Canadá
2011-10-01,América. América del Norte. Canadá,115.34200565,América,América del Norte,Canadá
2011-11-01,América. América del Norte. Canadá,94.285978491,América,América del Norte,Canadá
2011-12-01,América. América del Norte. Canadá,64.066061509,América,América del Norte,Canadá
2012-01-01,América. América del Norte. Canadá,103.34416199,América,América del Norte,Canadá
2012-02-01,América. América del Norte. Canadá,140.43475121,América,América del Norte,Canadá
2012-03-01,América. América del Norte. Canadá,147.02349682,América,América del Norte,Canadá
2012-04-01,América. América del Norte. Canadá,107.15677432,América,América del Norte,Canadá
2012-05-01,América. América del Norte. Canadá,96.83162358,América,América del Norte,Canadá
2012-06-01,América. América del Norte. Canadá,67.24507805,América,América del Norte,Canadá
2012-07-01,América. América del Norte. Canadá,98.34333594,América,América del Norte,Canadá
2012-08-01,América. América del Norte. Canadá,105.95657811,América,América del Norte,Canadá
2012-09-01,América. América del Norte. Canadá,73.5609481,América,América del Norte,Canadá
2012-10-01,América. América del Norte. Canadá,128.09050969,América,América del Norte,Canadá
2012-11-01,América. América del Norte. Canadá,112.3969196,América,América del Norte,Canadá
2012-12-01,América. América del Norte. Canadá,98.71477355,América,América del Norte,Canadá
2013-01-01,América. América del Norte. Canadá,148.07578247,América,América del Norte,Canadá
2013-02-01,América. América del Norte. Canadá,103.49696613,América,América del Norte,Canadá
2013-03-01,América. América del Norte. Canadá,105.2664428,América,América del Norte,Canadá
2013-04-01,América. América del Norte. Canadá,222.93523707,América,América del Norte,Canadá
2013-05-01,América. América del Norte. Canadá,127.61186202,América,América del Norte,Canadá
2013-06-01,América. América del Norte. Canadá,58.523975905,América,América del Norte,Canadá
2013-07-01,América. América del Norte. Canadá,91.609414369,América,América del Norte,Canadá
2013-08-01,América. América del Norte. Canadá,135.77397844,América,América del Norte,Canadá
2013-09-01,América. América del Norte. Canadá,119.06246778,América,América del Norte,Canadá
2013-10-01,América. América del Norte. Canadá,109.39850356,América,América del Norte,Canadá
2013-11-01,América. América del Norte. Canadá,44.86688293,América,América del Norte,Canadá
2013-12-01,América. América del Norte. Canadá,152.23686882,América,América del Norte,Canadá
2014-01-01,América. América del Norte. Canadá,60.383093706843,América,América del Norte,Canadá
2014-02-01,América. América del Norte. Canadá,54.846130074079,América,América del Norte,Canadá
2014-03-01,América. América del Norte. Canadá,161.563233710436,América,América del Norte,Canadá
2014-04-01,América. América del Norte. Canadá,86.2397586787067,América,América del Norte,Canadá
2014-05-01,América. América del Norte. Canadá,129.523849237667,América,América del Norte,Canadá
2014-06-01,América. América del Norte. Canadá,70.16764740031,América,América del Norte,Canadá
2014-07-01,América. América del Norte. Canadá,155.95172131966,América,América del Norte,Canadá
2014-08-01,América. América del Norte. Canadá,141.82954938014,América,América del Norte,Canadá
2014-09-01,América. América del Norte. Canadá,55.5025652355842,América,América del Norte,Canadá
2014-10-01,América. América del Norte. Canadá,125.57132407986,América,América del Norte,Canadá
2014-11-01,América. América del Norte. Canadá,59.1058901112931,América,América del Norte,Canadá
2014-12-01,América. América del Norte. Canadá,96.4498309388,América,América del Norte,Canadá
2015-01-01,América. América del Norte. Canadá,108.60268138,América,América del Norte,Canadá
2015-02-01,América. América del Norte. Canadá,124.01579184,América,América del Norte,Canadá
2015-03-01,América. América del Norte. Canadá,66.15352611,América,América del Norte,Canadá
2015-04-01,América. América del Norte. Canadá,143.9692685,América,América del Norte,Canadá
2015-05-01,América. América del Norte. Canadá,37.5080624,América,América del Norte,Canadá
2015-06-01,América. América del Norte. Canadá,200.96357531,América,América del Norte,Canadá
2015-07-01,América. América del Norte. Canadá,68.16820427,América,América del Norte,Canadá
2015-08-01,América. América del Norte. Canadá,183.39817569,América,América del Norte,Canadá
2015-09-01,América. América del Norte. Canadá,57.61612731,América,América del Norte,Canadá
2015-10-01,América. América del Norte. Canadá,67.50177503,América,América del Norte,Canadá
2015-11-01,América. América del Norte. Canadá,113.82317565,América,América del Norte,Canadá
2015-12-01,América. América del Norte. Canadá,63.24322899,América,América del Norte,Canadá
2016-01-01,América. América del Norte. Canadá,63.923068,América,América del Norte,Canadá
2016-02-01,América. América del Norte. Canadá,130.869963,América,América del Norte,Canadá
2016-03-01,América. América del Norte. Canadá,81.117561,América,América del Norte,Canadá
2016-04-01,América. América del Norte. Canadá,93.766569,América,América del Norte,Canadá
2016-05-01,América. América del Norte. Canadá,62.321561,América,América del Norte,Canadá
2016-06-01,América. América del Norte. Canadá,83.785267,América,América del Norte,Canadá
2016-07-01,América. América del Norte. Canadá,67.801974,América,América del Norte,Canadá
2016-08-01,América. América del Norte. Canadá,60.943467,América,América del Norte,Canadá
2016-09-01,América. América del Norte. Canadá,97.129768,América,América del Norte,Canadá
2016-10-01,América. América del Norte. Canadá,59.494056,América,América del Norte,Canadá
2016-11-01,América. América del Norte. Canadá,94.909394,América,América del Norte,Canadá
2016-12-01,América. América del Norte. Canadá,75.659516,América,América del Norte,Canadá
2017-01-01,América. América del Norte. Canadá,141.702996,América,América del Norte,Canadá
2017-02-01,América. América del Norte. Canadá,113.661773,América,América del Norte,Canadá
2017-03-01,América. América del Norte. Canadá,133.436602,América,América del Norte,Canadá
2017-04-01,América. América del Norte. Canadá,134.672195,América,América del Norte,Canadá
2017-05-01,América. América del Norte. Canadá,125.51132845,América,América del Norte,Canadá
2017-06-01,América. América del Norte. Canadá,91.500199,América,América del Norte,Canadá
2017-07-01,América. América del Norte. Canadá,147.380342,América,América del Norte,Canadá
2017-08-01,América. América del Norte. Canadá,98.478921461,América,América del Norte,Canadá
2017-09-01,América. América del Norte. Canadá,95.468409,América,América del Norte,Canadá
2017-10-01,América. América del Norte. Canadá,117.347338,América,América del Norte,Canadá
2017-11-01,América. América del Norte. Canadá,107.743865,América,América del Norte,Canadá
2017-12-01,América. América del Norte. Canadá,109.61612,América,América del Norte,Canadá
2018-01-01,América. América del Norte. Canadá,48.861392,América,América del Norte,Canadá
2018-02-01,América. América del Norte. Canadá,200.606531,América,América del Norte,Canadá
2018-03-01,América. América del Norte. Canadá,62.469357621,América,América del Norte,Canadá
2018-04-01,América. América del Norte. Canadá,55.377095,América,América del Norte,Canadá
2018-05-01,América. América del Norte. Canadá,96.920316,América,América del Norte,Canadá
2018-06-01,América. América del Norte. Canadá,60.358586,América,América del Norte,Canadá
2018-07-01,América. América del Norte. Canadá,144.33711,América,América del Norte,Canadá
2018-08-01,América. América del Norte. Canadá,79.349421,América,América del Norte,Canadá
2018-09-01,América. América del Norte. Canadá,104.535942,América,América del Norte,Canadá
2018-10-01,América. América del Norte. Canadá,75.453125,América,América del Norte,Canadá
2018-11-01,América. América del Norte. Canadá,62.794303,América,América del Norte,Canadá
2018-12-01,América. América del Norte. Canadá,41.803018,América,América del Norte,Canadá
2019-01-01,América. América del Norte. Canadá,117.29580926,América,América del Norte,Canadá
2019-02-01,América. América del Norte. Canadá,48.732821779,América,América del Norte,Canadá
2019-03-01,América. América del Norte. Canadá,110.44091894,América,América del Norte,Canadá
2019-04-01,América. América del Norte. Canadá,60.109564567,América,América del Norte,Canadá
2019-05-01,América. América del Norte. Canadá,135.00285869,América,América del Norte,Canadá
2019-06-01,América. América del Norte. Canadá,43.353576902,América,América del Norte,Canadá
2019-07-01,América. América del Norte. Canadá,107.83083781,América,América del Norte,Canadá
2019-08-01,América. América del Norte. Canadá,40.659449024,América,América del Norte,Canadá
2019-09-01,América. América del Norte. Canadá,98.694757639,América,América del Norte,Canadá
2019-10-01,América. América del Norte. Canadá,37.984816642,América,América del Norte,Canadá
2019-11-01,América. América del Norte. Canadá,89.392735417,América,América del Norte,Canadá
2019-12-01,América. América del Norte. Canadá,112.82556267,América,América del Norte,Canadá
2020-01-01,América. América del Norte. Canadá,104.33522537,América,América del Norte,Canadá
2020-02-01,América. América del Norte. Canadá,87.534090276,América,América del Norte,Canadá
2020-03-01,América. América del Norte. Canadá,135.80534557,América,América del Norte,Canadá
2020-04-01,América. América del Norte. Canadá,53.274925413,América,América del Norte,Canadá
2020-05-01,América. América del Norte. Canadá,110.31994788,América,América del Norte,Canadá
2020-06-01,América. América del Norte. Canadá,39.730667125,América,América del Norte,Canadá
2020-07-01,América. América del Norte. Canadá,108.84692775,América,América del Norte,Canadá
2020-08-01,América. América del Norte. Canadá,33.900175951,América,América del Norte,Canadá
2020-09-01,América. América del Norte. Canadá,54.86790932,América,América del Norte,Canadá
2020-10-01,América. América del Norte. Canadá,100.40291669,América,América del Norte,Canadá
2020-11-01,América. América del Norte. Canadá,32.577902839,América,América del Norte,Canadá
2020-12-01,América. América del Norte. Canadá,117.25892177,América,América del Norte,Canadá
2021-01-01,América. América del Norte. Canadá,43.2757187927271,América,América del Norte,Canadá
2021-02-01,América. América del Norte. Canadá,194.689502841036,América,América del Norte,Canadá
2021-03-01,América. América del Norte. Canadá,44.399379016448,América,América del Norte,Canadá
2021-04-01,América. América del Norte. Canadá,196.30400856,América,América del Norte,Canadá
2021-05-01,América. América del Norte. Canadá,139.3396351,América,América del Norte,Canadá
2021-06-01,América. América del Norte. Canadá,36.50318159,América,América del Norte,Canadá
2021-07-01,América. América del Norte. Canadá,138.27783782,América,América del Norte,Canadá
2021-08-01,América. América del Norte. Canadá,134.0595657,América,América del Norte,Canadá
2021-09-01,América. América del Norte. Canadá,46.78744487,América,América del Norte,Canadá
2021-10-01,América. América del Norte. Canadá,39.965201045958,América,América del Norte,Canadá
2021-11-01,América. América del Norte. Canadá,38.04742338,América,América del Norte,Canadá
2021-12-01,América. América del Norte. Canadá,131.65597459,América,América del Norte,Canadá
2022-01-01,América. América del Norte. Canadá,146.18520345,América,América del Norte,Canadá
2022-02-01,América. América del Norte. Canadá,143.51720709,América,América del Norte,Canadá
2022-03-01,América. América del Norte. Canadá,136.42268929,América,América del Norte,Canadá
2022-04-01,América. América del Norte. Canadá,126.12357151,América,América del Norte,Canadá
2022-05-01,América. América del Norte. Canadá,51.487347228,América,América del Norte,Canadá
2022-06-01,América. América del Norte. Canadá,129.54550587,América,América del Norte,Canadá
2022-07-01,América. América del Norte. Canadá,126.57931177,América,América del Norte,Canadá
2022-08-01,América. América del Norte. Canadá,131.35388358,América,América del Norte,Canadá
2022-09-01,América. América del Norte. Canadá,138.20488805,América,América del Norte,Canadá
2022-10-01,América. América del Norte. Canadá,32.99742981,América,América del Norte,Canadá
2022-11-01,América. América del Norte. Canadá,58.28813794,América,América del Norte,Canadá
2022-12-01,América. América del Norte. Canadá,149.02466516,América,América del Norte,Canadá
2023-01-01,América. América del Norte. Canadá,66.69211218,América,América del Norte,Canadá
2023-02-01,América. América del Norte. Canadá,166.77868619,América,América del Norte,Canadá
2023-03-01,América. América del Norte. Canadá,84.645240145,América,América del Norte,Canadá
2023-04-01,América. América del Norte. Canadá,133.90566641,América,América del Norte,Canadá
2023-05-01,América. América del Norte. Canadá,207.77842658,América,América del Norte,Canadá
2023-06-01,América. América del Norte. Canadá,149.196106,América,América del Norte,Canadá
2023-07-01,América. América del Norte. Canadá,88.4703955,América,América del Norte,Canadá
2023-08-01,América. América del Norte. Canadá,155.25870003,América,América del Norte,Canadá
2023-09-01,América. América del Norte. Canadá,93.96811147,América,América del Norte,Canadá
2023-10-01,América. América del Norte. Canadá,79.695549095,América,América del Norte,Canadá
2023-11-01,América. América del Norte. Canadá,57.300034348,América,América del Norte,Canadá
2023-12-01,América. América del Norte. Canadá,36.38545812,América,América del Norte,Canadá
2024-01-01,América. América del Norte. Canadá,135.94081771,América,América del Norte,Canadá
2024-02-01,América. América del Norte. Canadá,76.53523122,América,América del Norte,Canadá
2024-03-01,América. América del Norte. Canadá,106.93989133,América,América del Norte,Canadá
2024-04-01,América. América del Norte. Canadá,202.36694296,América,América del Norte,Canadá
2024-05-01,América. América del Norte. Canadá,58.968216241,América,América del Norte,Canadá
2024-06-01,América. América del Norte. Canadá,76.40090568,América,América del Norte,Canadá
2024-07-01,América. América del Norte. Canadá,74.44514258,América,América del Norte,Canadá
2024-08-01,América. América del Norte. Canadá,47.806626138,América,América del Norte,Canadá
2024-09-01,América. América del Norte. Canadá,166.6040185,América,América del Norte,Canadá
2024-10-01,América. América del Norte. Canadá,189.02818061,América,América del Norte,Canadá
2024-11-01,América. América del Norte. Canadá,52.681866379,América,América del Norte,Canadá
2024-12-01,América. América del Norte. Canadá,56.20324727,América,América del Norte,Canadá
2025-01-01,América. América del Norte. Canadá,167.40601378,América,América del Norte,Canadá
2025-02-01,América. América del Norte. Canadá,74.72966678,América,América del Norte,Canadá
2025-03-01,América. América del Norte. Canadá,76.077884773,América,América del Norte,Canadá
2025-04-01,América. América del Norte. Canadá,84.47839291,América,América del Norte,Canadá
2025-05-01,América. América del Norte. Canadá,108.64973324,América,América del Norte,Canadá
2025-06-01,América. América del Norte. Canadá,59.26189164,América,América del Norte,Canadá
2025-07-01,América. América del Norte. Canadá,74.521574645,América,América del Norte,Canadá
2025-08-01,América. América del Norte. Canadá,72.57023809,América,América del Norte,Canadá
2025-09-01,América. América del Norte. Canadá,225.88676965,América,América del Norte,Canadá
2025-10-01,América. América del Norte. Canadá,103.72507455,América,América del Norte,Canadá
2025-11-01,América. América del Norte. Canadá,83.422907422,América,América del Norte,Canadá
2025-12-01,América. América del Norte. Canadá,86.80035716,América,América del Norte,Canadá
2026-01-01,América. América del Norte. Canadá,101.97702683,América,América del Norte,Canadá
2026-02-01,América. América del Norte. Canadá,78.463637267,América,América del Norte,Canadá
2026-03-01,América. América del Norte. Canadá,278.71081837,América,América del Norte,Canadá
2026-04-01,América. América del Norte. Canadá,94.758195945,América,América del Norte,Canadá
2026-05-01,América. América del Norte. Canadá,237.35925917,América,América del Norte,Canadá
2026-06-01,América. América del Norte. Canadá,240.75618794,América,América del Norte,Canadá
2003-01-01,América. América del Sur. Brasil,50.887365297,América,América del Sur,Brasil
2003-02-01,América. América del Sur. Brasil,65.00962328,América,América del Sur,Brasil
2003-03-01,América. América del Sur. Brasil,61.391728812,América,América del Sur,Brasil
2003-04-01,América. América del Sur. Brasil,57.333226579,América,América del Sur,Brasil
2003-05-01,América. América del Sur. Brasil,76.748804214,América,América del Sur,Brasil
2003-06-01,América. América del Sur. Brasil,60.383488916,América,América del Sur,Brasil
2003-07-01,América. América del Sur. Brasil,71.418974532,América,América del Sur,Brasil
2003-08-01,América. América del Sur. Brasil,75.6610437,América,América del Sur,Brasil
2003-09-01,América. América del Sur. Brasil,75.598166968,América,América del Sur,Brasil
2003-10-01,América. América del Sur. Brasil,93.260774608,América,América del Sur,Brasil
2003-11-01,América. América del Sur. Brasil,71.111746285,América,América del Sur,Brasil
2003-12-01,América. América del Sur. Brasil,81.592621491,América,América del Sur,Brasil
2004-01-01,América. América del Sur. Brasil,112.87703536,América,América del Sur,Brasil
2004-02-01,América. América del Sur. Brasil,96.448935835,América,América del Sur,Brasil
2004-03-01,América. América del Sur. Brasil,100.8762502,América,América del Sur,Brasil
2004-04-01,América. América del Sur. Brasil,131.32422782,América,América del Sur,Brasil
2004-05-01,América. América del Sur. Brasil,108.98939411,América,América del Sur,Brasil
2004-06-01,América. América del Sur. Brasil,120.71559409,América,América del Sur,Brasil
2004-07-01,América. América del Sur. Brasil,104.29367156,América,América del Sur,Brasil
2004-08-01,América. América del Sur. Brasil,136.17796189,América,América del Sur,Brasil
2004-09-01,América. América del Sur. Brasil,152.36922914,América,América del Sur,Brasil
2004-10-01,América. América del Sur. Brasil,115.29267454,América,América del Sur,Brasil
2004-11-01,América. América del Sur. Brasil,135.9758886,América,América del Sur,Brasil
2004-12-01,América. América del Sur. Brasil,90.270920117,América,América del Sur,Brasil
2005-01-01,América. América del Sur. Brasil,172.57678104,América,América del Sur,Brasil
2005-02-01,América. América del Sur. Brasil,76.030393196,América,América del Sur,Brasil
2005-03-01,América. América del Sur. Brasil,149.98710569,América,América del Sur,Brasil
2005-04-01,América. América del Sur. Brasil,144.09617302,América,América del Sur,Brasil
2005-05-01,América. América del Sur. Brasil,140.90641447,América,América del Sur,Brasil
2005-06-01,América. América del Sur. Brasil,141.26647116,América,América del Sur,Brasil
2005-07-01,América. América del Sur. Brasil,192.50912981,América,América del Sur,Brasil
2005-08-01,América. América del Sur. Brasil,156.93008547,América,América del Sur,Brasil
2005-09-01,América. América del Sur. Brasil,156.32210988,América,América del Sur,Brasil
2005-10-01,América. América del Sur. Brasil,193.57657967,América,América del Sur,Brasil
2005-11-01,América. América del Sur. Brasil,148.91165587,América,América del Sur,Brasil
2005-12-01,América. América del Sur. Brasil,180.87148177,América,América del Sur,Brasil
2006-01-01,América. América del Sur. Brasil,216.98762046,América,América del Sur,Brasil
2006-02-01,América. América del Sur. Brasil,159.99931674,América,América del Sur,Brasil
2006-03-01,América. América del Sur. Brasil,295.44041391,América,América del Sur,Brasil
2006-04-01,América. América del Sur. Brasil,214.88540684,América,América del Sur,Brasil
2006-05-01,América. América del Sur. Brasil,246.55538581,América,América del Sur,Brasil
2006-06-01,América. América del Sur. Brasil,215.57251476,América,América del Sur,Brasil
2006-07-01,América. América del Sur. Brasil,234.36513358,América,América del Sur,Brasil
2006-08-01,América. América del Sur. Brasil,312.230443,América,América del Sur,Brasil
2006-09-01,América. América del Sur. Brasil,190.88090354,América,América del Sur,Brasil
2006-10-01,América. América del Sur. Brasil,280.40891861,América,América del Sur,Brasil
2006-11-01,América. América del Sur. Brasil,229.66825518,América,América del Sur,Brasil
2006-12-01,América. América del Sur. Brasil,216.77043365,América,América del Sur,Brasil
2007-01-01,América. América del Sur. Brasil,209.82715798,América,América del Sur,Brasil
2007-02-01,América. América del Sur. Brasil,336.16519177,América,América del Sur,Brasil
2007-03-01,América. América del Sur. Brasil,279.1361219,América,América del Sur,Brasil
2007-04-01,América. América del Sur. Brasil,250.61250576,América,América del Sur,Brasil
2007-05-01,América. América del Sur. Brasil,322.08849685,América,América del Sur,Brasil
2007-06-01,América. América del Sur. Brasil,339.09586022,América,América del Sur,Brasil
2007-07-01,América. América del Sur. Brasil,290.30228941,América,América del Sur,Brasil
2007-08-01,América. América del Sur. Brasil,320.52650714,América,América del Sur,Brasil
2007-09-01,América. América del Sur. Brasil,258.39840773,América,América del Sur,Brasil
2007-10-01,América. América del Sur. Brasil,256.33657452,América,América del Sur,Brasil
2007-11-01,América. América del Sur. Brasil,292.94226154,América,América del Sur,Brasil
2007-12-01,América. América del Sur. Brasil,241.47853317,América,América del Sur,Brasil
2008-01-01,América. América del Sur. Brasil,270.38791748,América,América del Sur,Brasil
2008-02-01,América. América del Sur. Brasil,369.82935446,América,América del Sur,Brasil
2008-03-01,América. América del Sur. Brasil,431.54891411,América,América del Sur,Brasil
2008-04-01,América. América del Sur. Brasil,449.13238582,América,América del Sur,Brasil
2008-05-01,América. América del Sur. Brasil,333.24103239,América,América del Sur,Brasil
2008-06-01,América. América del Sur. Brasil,239.50695124,América,América del Sur,Brasil
2008-07-01,América. América del Sur. Brasil,439.43365228,América,América del Sur,Brasil
2008-08-01,América. América del Sur. Brasil,351.06339892,América,América del Sur,Brasil
2008-09-01,América. América del Sur. Brasil,281.31930356,América,América del Sur,Brasil
2008-10-01,América. América del Sur. Brasil,262.49211044,América,América del Sur,Brasil
2008-11-01,América. América del Sur. Brasil,216.08008655,América,América del Sur,Brasil
2008-12-01,América. América del Sur. Brasil,220.84786303,América,América del Sur,Brasil
2009-01-01,América. América del Sur. Brasil,164.32510434,América,América del Sur,Brasil
2009-02-01,América. América del Sur. Brasil,117.25995435,América,América del Sur,Brasil
2009-03-01,América. América del Sur. Brasil,174.67281632,América,América del Sur,Brasil
2009-04-01,América. América del Sur. Brasil,288.05621509,América,América del Sur,Brasil
2009-05-01,América. América del Sur. Brasil,223.23432016,América,América del Sur,Brasil
2009-06-01,América. América del Sur. Brasil,195.51825346,América,América del Sur,Brasil
2009-07-01,América. América del Sur. Brasil,237.75276741,América,América del Sur,Brasil
2009-08-01,América. América del Sur. Brasil,237.44368474,América,América del Sur,Brasil
2009-09-01,América. América del Sur. Brasil,280.94697047,América,América del Sur,Brasil
2009-10-01,América. América del Sur. Brasil,259.90367652,América,América del Sur,Brasil
2009-11-01,América. América del Sur. Brasil,313.41764174,América,América del Sur,Brasil
2009-12-01,América. América del Sur. Brasil,329.1343579,América,América del Sur,Brasil
2010-01-01,América. América del Sur. Brasil,278.2501373,América,América del Sur,Brasil
2010-02-01,América. América del Sur. Brasil,271.46141191,América,América del Sur,Brasil
2010-03-01,América. América del Sur. Brasil,224.93811577,América,América del Sur,Brasil
2010-04-01,América. América del Sur. Brasil,301.79408043,América,América del Sur,Brasil
2010-05-01,América. América del Sur. Brasil,478.47587003,América,América del Sur,Brasil
2010-06-01,América. América del Sur. Brasil,295.62869332,América,América del Sur,Brasil
2010-07-01,América. América del Sur. Brasil,320.72619091,América,América del Sur,Brasil
2010-08-01,América. América del Sur. Brasil,370.83015409,América,América del Sur,Brasil
2010-09-01,América. América del Sur. Brasil,420.2074538,América,América del Sur,Brasil
2010-10-01,América. América del Sur. Brasil,385.6194233,América,América del Sur,Brasil
2010-11-01,América. América del Sur. Brasil,439.42338033,América,América del Sur,Brasil
2010-12-01,América. América del Sur. Brasil,436.46451689,América,América del Sur,Brasil
2011-01-01,América. América del Sur. Brasil,342.69553105,América,América del Sur,Brasil
2011-02-01,América. América del Sur. Brasil,332.42748899,América,América del Sur,Brasil
2011-03-01,América. América del Sur. Brasil,388.5319018,América,América del Sur,Brasil
2011-04-01,América. América del Sur. Brasil,433.09718645,América,América del Sur,Brasil
2011-05-01,América. América del Sur. Brasil,406.64054642,América,América del Sur,Brasil
2011-06-01,América. América del Sur. Brasil,372.41085697,América,América del Sur,Brasil
2011-07-01,América. América del Sur. Brasil,445.85277935,América,América del Sur,Brasil
2011-08-01,América. América del Sur. Brasil,329.47249619,América,América del Sur,Brasil
2011-09-01,América. América del Sur. Brasil,368.48205833,América,América del Sur,Brasil
2011-10-01,América. América del Sur. Brasil,400.74109547,América,América del Sur,Brasil
2011-11-01,América. América del Sur. Brasil,328.4630449,América,América del Sur,Brasil
2011-12-01,América. América del Sur. Brasil,346.94166292,América,América del Sur,Brasil
2012-01-01,América. América del Sur. Brasil,281.63748371,América,América del Sur,Brasil
2012-02-01,América. América del Sur. Brasil,332.81227391,América,América del Sur,Brasil
2012-03-01,América. América del Sur. Brasil,351.28363513,América,América del Sur,Brasil
2012-04-01,América. América del Sur. Brasil,366.7696235,América,América del Sur,Brasil
2012-05-01,América. América del Sur. Brasil,367.74788417,América,América del Sur,Brasil
2012-06-01,América. América del Sur. Brasil,464.90288605,América,América del Sur,Brasil
2012-07-01,América. América del Sur. Brasil,335.44297118,América,América del Sur,Brasil
2012-08-01,América. América del Sur. Brasil,284.02285465,América,América del Sur,Brasil
2012-09-01,América. América del Sur. Brasil,309.64460446,América,América del Sur,Brasil
2012-10-01,América. América del Sur. Brasil,476.91044533,América,América del Sur,Brasil
2012-11-01,América. América del Sur. Brasil,393.12463372,América,América del Sur,Brasil
2012-12-01,América. América del Sur. Brasil,327.42931833,América,América del Sur,Brasil
2013-01-01,América. América del Sur. Brasil,360.21503898,América,América del Sur,Brasil
2013-02-01,América. América del Sur. Brasil,259.49523903,América,América del Sur,Brasil
2013-03-01,América. América del Sur. Brasil,313.07163279,América,América del Sur,Brasil
2013-04-01,América. América del Sur. Brasil,349.2915688,América,América del Sur,Brasil
2013-05-01,América. América del Sur. Brasil,431.0681344,América,América del Sur,Brasil
2013-06-01,América. América del Sur. Brasil,399.98020797,América,América del Sur,Brasil
2013-07-01,América. América del Sur. Brasil,382.96792855,América,América del Sur,Brasil
2013-08-01,América. América del Sur. Brasil,428.94671922,América,América del Sur,Brasil
2013-09-01,América. América del Sur. Brasil,378.03143406,América,América del Sur,Brasil
2013-10-01,América. América del Sur. Brasil,394.41447626,América,América del Sur,Brasil
2013-11-01,América. América del Sur. Brasil,401.47076193,América,América del Sur,Brasil
2013-12-01,América. América del Sur. Brasil,294.15093751,América,América del Sur,Brasil
2014-01-01,América. América del Sur. Brasil,309.71353860203,América,América del Sur,Brasil
2014-02-01,América. América del Sur. Brasil,401.94332066635,América,América del Sur,Brasil
2014-03-01,América. América del Sur. Brasil,337.82296256067,América,América del Sur,Brasil
2014-04-01,América. América del Sur. Brasil,391.76392549904,América,América del Sur,Brasil
2014-05-01,América. América del Sur. Brasil,377.16606277254,América,América del Sur,Brasil
2014-06-01,América. América del Sur. Brasil,293.20500000523,América,América del Sur,Brasil
2014-07-01,América. América del Sur. Brasil,292.31715956184,América,América del Sur,Brasil
2014-08-01,América. América del Sur. Brasil,283.61868378614,América,América del Sur,Brasil
2014-09-01,América. América del Sur. Brasil,341.33687431335,América,América del Sur,Brasil
2014-10-01,América. América del Sur. Brasil,380.0919067328,América,América del Sur,Brasil
2014-11-01,América. América del Sur. Brasil,305.16035771312,América,América del Sur,Brasil
2014-12-01,América. América del Sur. Brasil,307.11751134551,América,América del Sur,Brasil
2015-01-01,América. América del Sur. Brasil,296.59320004,América,América del Sur,Brasil
2015-02-01,América. América del Sur. Brasil,228.45514111,América,América del Sur,Brasil
2015-03-01,América. América del Sur. Brasil,281.1158331,América,América del Sur,Brasil
2015-04-01,América. América del Sur. Brasil,332.32166253,América,América del Sur,Brasil
2015-05-01,América. América del Sur. Brasil,226.93559354,América,América del Sur,Brasil
2015-06-01,América. América del Sur. Brasil,208.89181493,América,América del Sur,Brasil
2015-07-01,América. América del Sur. Brasil,279.68018297,América,América del Sur,Brasil
2015-08-01,América. América del Sur. Brasil,271.82223648,América,América del Sur,Brasil
2015-09-01,América. América del Sur. Brasil,186.45909574,América,América del Sur,Brasil
2015-10-01,América. América del Sur. Brasil,301.04134757,América,América del Sur,Brasil
2015-11-01,América. América del Sur. Brasil,217.30386085,América,América del Sur,Brasil
2015-12-01,América. América del Sur. Brasil,216.90874138,América,América del Sur,Brasil
2016-01-01,América. América del Sur. Brasil,176.74389075,América,América del Sur,Brasil
2016-02-01,América. América del Sur. Brasil,249.54820703,América,América del Sur,Brasil
2016-03-01,América. América del Sur. Brasil,242.6733983,América,América del Sur,Brasil
2016-04-01,América. América del Sur. Brasil,245.33935154,América,América del Sur,Brasil
2016-05-01,América. América del Sur. Brasil,248.10144137,América,América del Sur,Brasil
2016-06-01,América. América del Sur. Brasil,205.8527221,América,América del Sur,Brasil
2016-07-01,América. América del Sur. Brasil,233.47484593,América,América del Sur,Brasil
2016-08-01,América. América del Sur. Brasil,270.78049449,América,América del Sur,Brasil
2016-09-01,América. América del Sur. Brasil,280.34118851,América,América del Sur,Brasil
2016-10-01,América. América del Sur. Brasil,260.73766294,América,América del Sur,Brasil
2016-11-01,América. América del Sur. Brasil,269.36754151,América,América del Sur,Brasil
2016-12-01,América. América del Sur. Brasil,273.58382642,América,América del Sur,Brasil
2017-01-01,América. América del Sur. Brasil,205.5407069,América,América del Sur,Brasil
2017-02-01,América. América del Sur. Brasil,225.194287,América,América del Sur,Brasil
2017-03-01,América. América del Sur. Brasil,351.93117345,América,América del Sur,Brasil
2017-04-01,América. América del Sur. Brasil,219.99848594,América,América del Sur,Brasil
2017-05-01,América. América del Sur. Brasil,329.67311112,América,América del Sur,Brasil
2017-06-01,América. América del Sur. Brasil,249.56951181,América,América del Sur,Brasil
2017-07-01,América. América del Sur. Brasil,303.15095971,América,América del Sur,Brasil
2017-08-01,América. América del Sur. Brasil,302.76174124,América,América del Sur,Brasil
2017-09-01,América. América del Sur. Brasil,334.05639799,América,América del Sur,Brasil
2017-10-01,América. América del Sur. Brasil,293.53783757,América,América del Sur,Brasil
2017-11-01,América. América del Sur. Brasil,292.74571833,América,América del Sur,Brasil
2017-12-01,América. América del Sur. Brasil,311.49065299,América,América del Sur,Brasil
2018-01-01,América. América del Sur. Brasil,257.78348041,América,América del Sur,Brasil
2018-02-01,América. América del Sur. Brasil,212.84084864,América,América del Sur,Brasil
2018-03-01,América. América del Sur. Brasil,306.66364183,América,América del Sur,Brasil
2018-04-01,América. América del Sur. Brasil,268.4620543,América,América del Sur,Brasil
2018-05-01,América. América del Sur. Brasil,336.20121931,América,América del Sur,Brasil
2018-06-01,América. América del Sur. Brasil,305.22739755,América,América del Sur,Brasil
2018-07-01,América. América del Sur. Brasil,289.38145893,América,América del Sur,Brasil
2018-08-01,América. América del Sur. Brasil,277.18972157,América,América del Sur,Brasil
2018-09-01,América. América del Sur. Brasil,239.52733214,América,América del Sur,Brasil
2018-10-01,América. América del Sur. Brasil,290.29674457,América,América del Sur,Brasil
2018-11-01,América. América del Sur. Brasil,272.26576619,América,América del Sur,Brasil
2018-12-01,América. América del Sur. Brasil,271.60230017,América,América del Sur,Brasil
2019-01-01,América. América del Sur. Brasil,281.47681758,América,América del Sur,Brasil
2019-02-01,América. América del Sur. Brasil,218.02443253,América,América del Sur,Brasil
2019-03-01,América. América del Sur. Brasil,271.18481373,América,América del Sur,Brasil
2019-04-01,América. América del Sur. Brasil,292.52824603,América,América del Sur,Brasil
2019-05-01,América. América del Sur. Brasil,226.38854017,América,América del Sur,Brasil
2019-06-01,América. América del Sur. Brasil,252.62101969,América,América del Sur,Brasil
2019-07-01,América. América del Sur. Brasil,277.32355867,América,América del Sur,Brasil
2019-08-01,América. América del Sur. Brasil,298.12490908,América,América del Sur,Brasil
2019-09-01,América. América del Sur. Brasil,237.46063152,América,América del Sur,Brasil
2019-10-01,América. América del Sur. Brasil,257.22531518,América,América del Sur,Brasil
2019-11-01,América. América del Sur. Brasil,224.19192281,América,América del Sur,Brasil
2019-12-01,América. América del Sur. Brasil,274.97075352,América,América del Sur,Brasil
2020-01-01,América. América del Sur. Brasil,313.07598543,América,América del Sur,Brasil
2020-02-01,América. América del Sur. Brasil,228.70926558,América,América del Sur,Brasil
2020-03-01,América. América del Sur. Brasil,236.37957227,América,América del Sur,Brasil
2020-04-01,América. América del Sur. Brasil,161.18172641,América,América del Sur,Brasil
2020-05-01,América. América del Sur. Brasil,175.57640216,América,América del Sur,Brasil
2020-06-01,América. América del Sur. Brasil,166.73481969,América,América del Sur,Brasil
2020-07-01,América. América del Sur. Brasil,245.90169656,América,América del Sur,Brasil
2020-08-01,América. América del Sur. Brasil,239.0694597,América,América del Sur,Brasil
2020-09-01,América. América del Sur. Brasil,319.48195538,América,América del Sur,Brasil
2020-10-01,América. América del Sur. Brasil,381.28237908,América,América del Sur,Brasil
2020-11-01,América. América del Sur. Brasil,319.97392524,América,América del Sur,Brasil
2020-12-01,América. América del Sur. Brasil,294.17935548,América,América del Sur,Brasil
2021-01-01,América. América del Sur. Brasil,332.158766691178,América,América del Sur,Brasil
2021-02-01,América. América del Sur. Brasil,388.792487633723,América,América del Sur,Brasil
2021-03-01,América. América del Sur. Brasil,406.831328100449,América,América del Sur,Brasil
2021-04-01,América. América del Sur. Brasil,356.869661529135,América,América del Sur,Brasil
2021-05-01,América. América del Sur. Brasil,359.776073601346,América,América del Sur,Brasil
2021-06-01,América. América del Sur. Brasil,314.851411025351,América,América del Sur,Brasil
2021-07-01,América. América del Sur. Brasil,359.507877747102,América,América del Sur,Brasil
2021-08-01,América. América del Sur. Brasil,439.082786202661,América,América del Sur,Brasil
2021-09-01,América. América del Sur. Brasil,380.523395410685,América,América del Sur,Brasil
2021-10-01,América. América del Sur. Brasil,421.716852755828,América,América del Sur,Brasil
2021-11-01,América. América del Sur. Brasil,340.558056292145,América,América del Sur,Brasil
2021-12-01,América. América del Sur. Brasil,436.194719344913,América,América del Sur,Brasil
2022-01-01,América. América del Sur. Brasil,375.52375181,América,América del Sur,Brasil
2022-02-01,América. América del Sur. Brasil,276.45262094,América,América del Sur,Brasil
2022-03-01,América. América del Sur. Brasil,388.01190721,América,América del Sur,Brasil
2022-04-01,América. América del Sur. Brasil,393.69068165,América,América del Sur,Brasil
2022-05-01,América. América del Sur. Brasil,398.97401982,América,América del Sur,Brasil
2022-06-01,América. América del Sur. Brasil,378.25491276,América,América del Sur,Brasil
2022-07-01,América. América del Sur. Brasil,420.50167005,América,América del Sur,Brasil
2022-08-01,América. América del Sur. Brasil,400.11229289,América,América del Sur,Brasil
2022-09-01,América. América del Sur. Brasil,385.45757798,América,América del Sur,Brasil
2022-10-01,América. América del Sur. Brasil,364.80469393,América,América del Sur,Brasil
2022-11-01,América. América del Sur. Brasil,373.93426846,América,América del Sur,Brasil
2022-12-01,América. América del Sur. Brasil,328.33942394,América,América del Sur,Brasil
2023-01-01,América. América del Sur. Brasil,292.29431745,América,América del Sur,Brasil
2023-02-01,América. América del Sur. Brasil,355.54339437,América,América del Sur,Brasil
2023-03-01,América. América del Sur. Brasil,371.88026076,América,América del Sur,Brasil
2023-04-01,América. América del Sur. Brasil,337.21795904,América,América del Sur,Brasil
2023-05-01,América. América del Sur. Brasil,314.82257717,América,América del Sur,Brasil
2023-06-01,América. América del Sur. Brasil,301.7641514,América,América del Sur,Brasil
2023-07-01,América. América del Sur. Brasil,374.68301064,América,América del Sur,Brasil
2023-08-01,América. América del Sur. Brasil,393.75006627,América,América del Sur,Brasil
2023-09-01,América. América del Sur. Brasil,331.66379185,América,América del Sur,Brasil
2023-10-01,América. América del Sur. Brasil,419.0350043,América,América del Sur,Brasil
2023-11-01,América. América del Sur. Brasil,379.99567257,América,América del Sur,Brasil
2023-12-01,América. América del Sur. Brasil,369.07126106,América,América del Sur,Brasil
2024-01-01,América. América del Sur. Brasil,362.75262512,América,América del Sur,Brasil
2024-02-01,América. América del Sur. Brasil,349.35360308,América,América del Sur,Brasil
2024-03-01,América. América del Sur. Brasil,378.89096325,América,América del Sur,Brasil
2024-04-01,América. América del Sur. Brasil,515.94993853,América,América del Sur,Brasil
2024-05-01,América. América del Sur. Brasil,496.76912854,América,América del Sur,Brasil
2024-06-01,América. América del Sur. Brasil,408.71843326,América,América del Sur,Brasil
2024-07-01,América. América del Sur. Brasil,433.82109966,América,América del Sur,Brasil
2024-08-01,América. América del Sur. Brasil,417.79706925,América,América del Sur,Brasil
2024-09-01,América. América del Sur. Brasil,460.73091894,América,América del Sur,Brasil
2024-10-01,América. América del Sur. Brasil,411.64279581,América,América del Sur,Brasil
2024-11-01,América. América del Sur. Brasil,375.85141774,América,América del Sur,Brasil
2024-12-01,América. América del Sur. Brasil,400.71609794,América,América del Sur,Brasil
2025-01-01,América. América del Sur. Brasil,416.81282584,América,América del Sur,Brasil
2025-02-01,América. América del Sur. Brasil,348.35157136,América,América del Sur,Brasil
2025-03-01,América. América del Sur. Brasil,411.60870483,América,América del Sur,Brasil
2025-04-01,América. América del Sur. Brasil,449.89346776,América,América del Sur,Brasil
2025-05-01,América. América del Sur. Brasil,413.92587542,América,América del Sur,Brasil
2025-06-01,América. América del Sur. Brasil,364.59959185,América,América del Sur,Brasil
2025-07-01,América. América del Sur. Brasil,423.53306719,América,América del Sur,Brasil
2025-08-01,América. América del Sur. Brasil,426.78388744,América,América del Sur,Brasil
2025-09-01,América. América del Sur. Brasil,340.88740724,América,América del Sur,Brasil
2025-10-01,América. América del Sur. Brasil,457.38778745,América,América del Sur,Brasil
2025-11-01,América. América del Sur. Brasil,375.59604557,América,América del Sur,Brasil
2025-12-01,América. América del Sur. Brasil,469.7671996,América,América del Sur,Brasil
2026-01-01,América. América del Sur. Brasil,392.81870098,América,América del Sur,Brasil
2026-02-01,América. América del Sur. Brasil,347.79381029,América,América del Sur,Brasil
2026-03-01,América. América del Sur. Brasil,474.18742647,América,América del Sur,Brasil
2026-04-01,América. América del Sur. Brasil,417.82733567,América,América del Sur,Brasil
2026-05-01,América. América del Sur. Brasil,385.76530483,América,América del Sur,Brasil
2026-06-01,América. América del Sur. Brasil,444.37265384,América,América del Sur,Brasil
2003-01-01,América. América del Sur. Argentina,18.497333773,América,América del Sur,Argentina
2003-02-01,América. América del Sur. Argentina,19.77017082,América,América del Sur,Argentina
2003-03-01,América. América del Sur. Argentina,21.396751584,América,América del Sur,Argentina
2003-04-01,América. América del Sur. Argentina,20.33578349,América,América del Sur,Argentina
2003-05-01,América. América del Sur. Argentina,25.491595982,América,América del Sur,Argentina
2003-06-01,América. América del Sur. Argentina,23.547623285,América,América del Sur,Argentina
2003-07-01,América. América del Sur. Argentina,32.667615628,América,América del Sur,Argentina
2003-08-01,América. América del Sur. Argentina,22.727103187,América,América del Sur,Argentina
2003-09-01,América. América del Sur. Argentina,27.533416514,América,América del Sur,Argentina
2003-10-01,América. América del Sur. Argentina,32.110648548,América,América del Sur,Argentina
2003-11-01,América. América del Sur. Argentina,26.617273679,América,América del Sur,Argentina
2003-12-01,América. América del Sur. Argentina,33.972204626,América,América del Sur,Argentina
2004-01-01,América. América del Sur. Argentina,25.320895978,América,América del Sur,Argentina
2004-02-01,América. América del Sur. Argentina,29.08391974,América,América del Sur,Argentina
2004-03-01,América. América del Sur. Argentina,37.431967943,América,América del Sur,Argentina
2004-04-01,América. América del Sur. Argentina,29.430620022,América,América del Sur,Argentina
2004-05-01,América. América del Sur. Argentina,43.524217559,América,América del Sur,Argentina
2004-06-01,América. América del Sur. Argentina,32.933880394,América,América del Sur,Argentina
2004-07-01,América. América del Sur. Argentina,33.593141714,América,América del Sur,Argentina
2004-08-01,América. América del Sur. Argentina,35.505820414,América,América del Sur,Argentina
2004-09-01,América. América del Sur. Argentina,35.552405057,América,América del Sur,Argentina
2004-10-01,América. América del Sur. Argentina,38.224748366,América,América del Sur,Argentina
2004-11-01,América. América del Sur. Argentina,41.966538002,América,América del Sur,Argentina
2004-12-01,América. América del Sur. Argentina,44.771617117,América,América del Sur,Argentina
2005-01-01,América. América del Sur. Argentina,41.218698877,América,América del Sur,Argentina
2005-02-01,América. América del Sur. Argentina,39.897563822,América,América del Sur,Argentina
2005-03-01,América. América del Sur. Argentina,48.290272332,América,América del Sur,Argentina
2005-04-01,América. América del Sur. Argentina,42.552862359,América,América del Sur,Argentina
2005-05-01,América. América del Sur. Argentina,42.030977039,América,América del Sur,Argentina
2005-06-01,América. América del Sur. Argentina,53.514350653,América,América del Sur,Argentina
2005-07-01,América. América del Sur. Argentina,52.015325542,América,América del Sur,Argentina
2005-08-01,América. América del Sur. Argentina,81.685232177,América,América del Sur,Argentina
2005-09-01,América. América del Sur. Argentina,51.907879068,América,América del Sur,Argentina
2005-10-01,América. América del Sur. Argentina,52.757707248,América,América del Sur,Argentina
2005-11-01,América. América del Sur. Argentina,52.059144309,América,América del Sur,Argentina
2005-12-01,América. América del Sur. Argentina,47.893298944,América,América del Sur,Argentina
2006-01-01,América. América del Sur. Argentina,46.488265319,América,América del Sur,Argentina
2006-02-01,América. América del Sur. Argentina,72.599085945,América,América del Sur,Argentina
2006-03-01,América. América del Sur. Argentina,54.456163143,América,América del Sur,Argentina
2006-04-01,América. América del Sur. Argentina,83.438183278,América,América del Sur,Argentina
2006-05-01,América. América del Sur. Argentina,58.003804978,América,América del Sur,Argentina
2006-06-01,América. América del Sur. Argentina,75.12762397,América,América del Sur,Argentina
2006-07-01,América. América del Sur. Argentina,63.102674668,América,América del Sur,Argentina
2006-08-01,América. América del Sur. Argentina,58.050712235,América,América del Sur,Argentina
2006-09-01,América. América del Sur. Argentina,70.470479194,América,América del Sur,Argentina
2006-10-01,América. América del Sur. Argentina,52.055883321,América,América del Sur,Argentina
2006-11-01,América. América del Sur. Argentina,56.355841414,América,América del Sur,Argentina
2006-12-01,América. América del Sur. Argentina,49.160544823,América,América del Sur,Argentina
2007-01-01,América. América del Sur. Argentina,49.217163481,América,América del Sur,Argentina
2007-02-01,América. América del Sur. Argentina,47.997435663,América,América del Sur,Argentina
2007-03-01,América. América del Sur. Argentina,56.934971595,América,América del Sur,Argentina
2007-04-01,América. América del Sur. Argentina,53.935013395,América,América del Sur,Argentina
2007-05-01,América. América del Sur. Argentina,62.326790855,América,América del Sur,Argentina
2007-06-01,América. América del Sur. Argentina,58.087655309,América,América del Sur,Argentina
2007-07-01,América. América del Sur. Argentina,75.636650692,América,América del Sur,Argentina
2007-08-01,América. América del Sur. Argentina,82.408687582,América,América del Sur,Argentina
2007-09-01,América. América del Sur. Argentina,61.246539277,América,América del Sur,Argentina
2007-10-01,América. América del Sur. Argentina,90.581991786,América,América del Sur,Argentina
2007-11-01,América. América del Sur. Argentina,76.326791069,América,América del Sur,Argentina
2007-12-01,América. América del Sur. Argentina,81.729330356,América,América del Sur,Argentina
2008-01-01,América. América del Sur. Argentina,67.026963498,América,América del Sur,Argentina
2008-02-01,América. América del Sur. Argentina,75.024970524,América,América del Sur,Argentina
2008-03-01,América. América del Sur. Argentina,75.50051405,América,América del Sur,Argentina
2008-04-01,América. América del Sur. Argentina,80.822818694,América,América del Sur,Argentina
2008-05-01,América. América del Sur. Argentina,77.577140349,América,América del Sur,Argentina
2008-06-01,América. América del Sur. Argentina,72.620678462,América,América del Sur,Argentina
2008-07-01,América. América del Sur. Argentina,102.90448119,América,América del Sur,Argentina
2008-08-01,América. América del Sur. Argentina,90.294543592,América,América del Sur,Argentina
2008-09-01,América. América del Sur. Argentina,85.676709827,América,América del Sur,Argentina
2008-10-01,América. América del Sur. Argentina,122.08937971,América,América del Sur,Argentina
2008-11-01,América. América del Sur. Argentina,70.480488706,América,América del Sur,Argentina
2008-12-01,América. América del Sur. Argentina,68.09633365,América,América del Sur,Argentina
2009-01-01,América. América del Sur. Argentina,57.009356648,América,América del Sur,Argentina
2009-02-01,América. América del Sur. Argentina,46.92897656,América,América del Sur,Argentina
2009-03-01,América. América del Sur. Argentina,61.59071077,América,América del Sur,Argentina
2009-04-01,América. América del Sur. Argentina,54.727062995,América,América del Sur,Argentina
2009-05-01,América. América del Sur. Argentina,60.522200328,América,América del Sur,Argentina
2009-06-01,América. América del Sur. Argentina,57.725770952,América,América del Sur,Argentina
2009-07-01,América. América del Sur. Argentina,61.44672421,América,América del Sur,Argentina
2009-08-01,América. América del Sur. Argentina,56.667314753,América,América del Sur,Argentina
2009-09-01,América. América del Sur. Argentina,58.081436929,América,América del Sur,Argentina
2009-10-01,América. América del Sur. Argentina,59.512952294,América,América del Sur,Argentina
2009-11-01,América. América del Sur. Argentina,76.360364601,América,América del Sur,Argentina
2009-12-01,América. América del Sur. Argentina,70.25655672,América,América del Sur,Argentina
2010-01-01,América. América del Sur. Argentina,62.124659049,América,América del Sur,Argentina
2010-02-01,América. América del Sur. Argentina,71.932115247,América,América del Sur,Argentina
2010-03-01,América. América del Sur. Argentina,71.587343971,América,América del Sur,Argentina
2010-04-01,América. América del Sur. Argentina,69.788202199,América,América del Sur,Argentina
2010-05-01,América. América del Sur. Argentina,85.554011033,América,América del Sur,Argentina
2010-06-01,América. América del Sur. Argentina,83.080577599,América,América del Sur,Argentina
2010-07-01,América. América del Sur. Argentina,85.951717925,América,América del Sur,Argentina
2010-08-01,América. América del Sur. Argentina,81.999239209,América,América del Sur,Argentina
2010-09-01,América. América del Sur. Argentina,85.435072719,América,América del Sur,Argentina
2010-10-01,América. América del Sur. Argentina,96.696327157,América,América del Sur,Argentina
2010-11-01,América. América del Sur. Argentina,115.29564921,América,América del Sur,Argentina
2010-12-01,América. América del Sur. Argentina,82.648630964,América,América del Sur,Argentina
2011-01-01,América. América del Sur. Argentina,82.35305609,América,América del Sur,Argentina
2011-02-01,América. América del Sur. Argentina,78.701204544,América,América del Sur,Argentina
2011-03-01,América. América del Sur. Argentina,93.539295248,América,América del Sur,Argentina
2011-04-01,América. América del Sur. Argentina,96.062992707,América,América del Sur,Argentina
2011-05-01,América. América del Sur. Argentina,100.64332231,América,América del Sur,Argentina
2011-06-01,América. América del Sur. Argentina,94.115954049,América,América del Sur,Argentina
2011-07-01,América. América del Sur. Argentina,90.352466596,América,América del Sur,Argentina
2011-08-01,América. América del Sur. Argentina,100.8207035,América,América del Sur,Argentina
2011-09-01,América. América del Sur. Argentina,118.16036518,América,América del Sur,Argentina
2011-10-01,América. América del Sur. Argentina,104.0123066,América,América del Sur,Argentina
2011-11-01,América. América del Sur. Argentina,120.46365197,América,América del Sur,Argentina
2011-12-01,América. América del Sur. Argentina,102.65588172,América,América del Sur,Argentina
2012-01-01,América. América del Sur. Argentina,91.04628502,América,América del Sur,Argentina
2012-02-01,América. América del Sur. Argentina,91.569830678,América,América del Sur,Argentina
2012-03-01,América. América del Sur. Argentina,71.756356476,América,América del Sur,Argentina
2012-04-01,América. América del Sur. Argentina,79.184803324,América,América del Sur,Argentina
2012-05-01,América. América del Sur. Argentina,88.542146112,América,América del Sur,Argentina
2012-06-01,América. América del Sur. Argentina,78.626277666,América,América del Sur,Argentina
2012-07-01,América. América del Sur. Argentina,88.410966802,América,América del Sur,Argentina
2012-08-01,América. América del Sur. Argentina,102.01023383,América,América del Sur,Argentina
2012-09-01,América. América del Sur. Argentina,83.509549466,América,América del Sur,Argentina
2012-10-01,América. América del Sur. Argentina,97.100882604,América,América del Sur,Argentina
2012-11-01,América. América del Sur. Argentina,98.117470235,América,América del Sur,Argentina
2012-12-01,América. América del Sur. Argentina,91.035847331,América,América del Sur,Argentina
2013-01-01,América. América del Sur. Argentina,82.470000649,América,América del Sur,Argentina
2013-02-01,América. América del Sur. Argentina,75.954996411,América,América del Sur,Argentina
2013-03-01,América. América del Sur. Argentina,83.310793867,América,América del Sur,Argentina
2013-04-01,América. América del Sur. Argentina,90.750906411,América,América del Sur,Argentina
2013-05-01,América. América del Sur. Argentina,96.084994571,América,América del Sur,Argentina
2013-06-01,América. América del Sur. Argentina,78.207479141,América,América del Sur,Argentina
2013-07-01,América. América del Sur. Argentina,88.51703714,América,América del Sur,Argentina
2013-08-01,América. América del Sur. Argentina,93.392805866,América,América del Sur,Argentina
2013-09-01,América. América del Sur. Argentina,76.857928999,América,América del Sur,Argentina
2013-10-01,América. América del Sur. Argentina,104.63878428,América,América del Sur,Argentina
2013-11-01,América. América del Sur. Argentina,94.469534417,América,América del Sur,Argentina
2013-12-01,América. América del Sur. Argentina,76.535276827,América,América del Sur,Argentina
2014-01-01,América. América del Sur. Argentina,75.426650395587,América,América del Sur,Argentina
2014-02-01,América. América del Sur. Argentina,69.979565961172,América,América del Sur,Argentina
2014-03-01,América. América del Sur. Argentina,87.824050692713,América,América del Sur,Argentina
2014-04-01,América. América del Sur. Argentina,67.459265209355,América,América del Sur,Argentina
2014-05-01,América. América del Sur. Argentina,70.090827549286,América,América del Sur,Argentina
2014-06-01,América. América del Sur. Argentina,87.418341869807,América,América del Sur,Argentina
2014-07-01,América. América del Sur. Argentina,73.081853288211,América,América del Sur,Argentina
2014-08-01,América. América del Sur. Argentina,81.479368905556,América,América del Sur,Argentina
2014-09-01,América. América del Sur. Argentina,89.636336155204,América,América del Sur,Argentina
2014-10-01,América. América del Sur. Argentina,86.258413214117,América,América del Sur,Argentina
2014-11-01,América. América del Sur. Argentina,73.567922032558,América,América del Sur,Argentina
2014-12-01,América. América del Sur. Argentina,71.766039348821,América,América del Sur,Argentina
2015-01-01,América. América del Sur. Argentina,60.9663846,América,América del Sur,Argentina
2015-02-01,América. América del Sur. Argentina,53.372281163,América,América del Sur,Argentina
2015-03-01,América. América del Sur. Argentina,70.947397832,América,América del Sur,Argentina
2015-04-01,América. América del Sur. Argentina,66.894338845,América,América del Sur,Argentina
2015-05-01,América. América del Sur. Argentina,53.530944144,América,América del Sur,Argentina
2015-06-01,América. América del Sur. Argentina,68.02411578,América,América del Sur,Argentina
2015-07-01,América. América del Sur. Argentina,62.814381421,América,América del Sur,Argentina
2015-08-01,América. América del Sur. Argentina,79.106185865,América,América del Sur,Argentina
2015-09-01,América. América del Sur. Argentina,74.602655597,América,América del Sur,Argentina
2015-10-01,América. América del Sur. Argentina,75.062581277,América,América del Sur,Argentina
2015-11-01,América. América del Sur. Argentina,70.892149001,América,América del Sur,Argentina
2015-12-01,América. América del Sur. Argentina,65.632934055,América,América del Sur,Argentina
2016-01-01,América. América del Sur. Argentina,46.309033324,América,América del Sur,Argentina
2016-02-01,América. América del Sur. Argentina,51.857947833,América,América del Sur,Argentina
2016-03-01,América. América del Sur. Argentina,56.009070779,América,América del Sur,Argentina
2016-04-01,América. América del Sur. Argentina,52.783635807,América,América del Sur,Argentina
2016-05-01,América. América del Sur. Argentina,48.995126401,América,América del Sur,Argentina
2016-06-01,América. América del Sur. Argentina,58.765740132,América,América del Sur,Argentina
2016-07-01,América. América del Sur. Argentina,52.346755452,América,América del Sur,Argentina
2016-08-01,América. América del Sur. Argentina,119.38579928,América,América del Sur,Argentina
2016-09-01,América. América del Sur. Argentina,53.560931407,América,América del Sur,Argentina
2016-10-01,América. América del Sur. Argentina,49.250963407,América,América del Sur,Argentina
2016-11-01,América. América del Sur. Argentina,67.088096287,América,América del Sur,Argentina
2016-12-01,América. América del Sur. Argentina,83.156616814,América,América del Sur,Argentina
2017-01-01,América. América del Sur. Argentina,73.400423702,América,América del Sur,Argentina
2017-02-01,América. América del Sur. Argentina,67.299927174,América,América del Sur,Argentina
2017-03-01,América. América del Sur. Argentina,81.531958029,América,América del Sur,Argentina
2017-04-01,América. América del Sur. Argentina,59.916563895,América,América del Sur,Argentina
2017-05-01,América. América del Sur. Argentina,70.443677336,América,América del Sur,Argentina
2017-06-01,América. América del Sur. Argentina,69.822692069,América,América del Sur,Argentina
2017-07-01,América. América del Sur. Argentina,113.85291466,América,América del Sur,Argentina
2017-08-01,América. América del Sur. Argentina,111.86514337,América,América del Sur,Argentina
2017-09-01,América. América del Sur. Argentina,95.32543344,América,América del Sur,Argentina
2017-10-01,América. América del Sur. Argentina,80.733374648,América,América del Sur,Argentina
2017-11-01,América. América del Sur. Argentina,78.659107683,América,América del Sur,Argentina
2017-12-01,América. América del Sur. Argentina,65.909913086,América,América del Sur,Argentina
2018-01-01,América. América del Sur. Argentina,66.406641057,América,América del Sur,Argentina
2018-02-01,América. América del Sur. Argentina,53.940755982,América,América del Sur,Argentina
2018-03-01,América. América del Sur. Argentina,61.717791759,América,América del Sur,Argentina
2018-04-01,América. América del Sur. Argentina,71.669002361,América,América del Sur,Argentina
2018-05-01,América. América del Sur. Argentina,70.826847712,América,América del Sur,Argentina
2018-06-01,América. América del Sur. Argentina,62.439304823,América,América del Sur,Argentina
2018-07-01,América. América del Sur. Argentina,50.145709931,América,América del Sur,Argentina
2018-08-01,América. América del Sur. Argentina,108.73813232,América,América del Sur,Argentina
2018-09-01,América. América del Sur. Argentina,89.305071242,América,América del Sur,Argentina
2018-10-01,América. América del Sur. Argentina,62.847582913,América,América del Sur,Argentina
2018-11-01,América. América del Sur. Argentina,47.339232232,América,América del Sur,Argentina
2018-12-01,América. América del Sur. Argentina,48.397289869,América,América del Sur,Argentina
2019-01-01,América. América del Sur. Argentina,48.903220153,América,América del Sur,Argentina
2019-02-01,América. América del Sur. Argentina,43.785078839,América,América del Sur,Argentina
2019-03-01,América. América del Sur. Argentina,58.528226125,América,América del Sur,Argentina
2019-04-01,América. América del Sur. Argentina,48.15144244,América,América del Sur,Argentina
2019-05-01,América. América del Sur. Argentina,67.569082047,América,América del Sur,Argentina
2019-06-01,América. América del Sur. Argentina,43.136776174,América,América del Sur,Argentina
2019-07-01,América. América del Sur. Argentina,52.324626859,América,América del Sur,Argentina
2019-08-01,América. América del Sur. Argentina,56.3824388,América,América del Sur,Argentina
2019-09-01,América. América del Sur. Argentina,42.382337793,América,América del Sur,Argentina
2019-10-01,América. América del Sur. Argentina,41.954682171,América,América del Sur,Argentina
2019-11-01,América. América del Sur. Argentina,47.393783638,América,América del Sur,Argentina
2019-12-01,América. América del Sur. Argentina,48.983512162,América,América del Sur,Argentina
2020-01-01,América. América del Sur. Argentina,47.111635459,América,América del Sur,Argentina
2020-02-01,América. América del Sur. Argentina,42.358831649,América,América del Sur,Argentina
2020-03-01,América. América del Sur. Argentina,44.482270096,América,América del Sur,Argentina
2020-04-01,América. América del Sur. Argentina,28.734151832,América,América del Sur,Argentina
2020-05-01,América. América del Sur. Argentina,36.295486472,América,América del Sur,Argentina
2020-06-01,América. América del Sur. Argentina,46.920753392,América,América del Sur,Argentina
2020-07-01,América. América del Sur. Argentina,51.746823233,América,América del Sur,Argentina
2020-08-01,América. América del Sur. Argentina,65.116409934,América,América del Sur,Argentina
2020-09-01,América. América del Sur. Argentina,57.297374017,América,América del Sur,Argentina
2020-10-01,América. América del Sur. Argentina,64.114226882,América,América del Sur,Argentina
2020-11-01,América. América del Sur. Argentina,65.618534166,América,América del Sur,Argentina
2020-12-01,América. América del Sur. Argentina,67.442749053,América,América del Sur,Argentina
2021-01-01,América. América del Sur. Argentina,53.3516752603884,América,América del Sur,Argentina
2021-02-01,América. América del Sur. Argentina,46.4059323395886,América,América del Sur,Argentina
2021-03-01,América. América del Sur. Argentina,58.5190076431528,América,América del Sur,Argentina
2021-04-01,América. América del Sur. Argentina,51.7283002524989,América,América del Sur,Argentina
2021-05-01,América. América del Sur. Argentina,55.5273451179743,América,América del Sur,Argentina
2021-06-01,América. América del Sur. Argentina,55.6508875054239,América,América del Sur,Argentina
2021-07-01,América. América del Sur. Argentina,73.0154598723909,América,América del Sur,Argentina
2021-08-01,América. América del Sur. Argentina,81.1886228894225,América,América del Sur,Argentina
2021-09-01,América. América del Sur. Argentina,66.7112416272618,América,América del Sur,Argentina
2021-10-01,América. América del Sur. Argentina,76.1193621794241,América,América del Sur,Argentina
2021-11-01,América. América del Sur. Argentina,74.4385142645724,América,América del Sur,Argentina
2021-12-01,América. América del Sur. Argentina,86.8585402127629,América,América del Sur,Argentina
2022-01-01,América. América del Sur. Argentina,68.82489083,América,América del Sur,Argentina
2022-02-01,América. América del Sur. Argentina,56.047499987,América,América del Sur,Argentina
2022-03-01,América. América del Sur. Argentina,90.974484624,América,América del Sur,Argentina
2022-04-01,América. América del Sur. Argentina,84.411011028,América,América del Sur,Argentina
2022-05-01,América. América del Sur. Argentina,85.481181463,América,América del Sur,Argentina
2022-06-01,América. América del Sur. Argentina,76.521465387,América,América del Sur,Argentina
2022-07-01,América. América del Sur. Argentina,68.134492212,América,América del Sur,Argentina
2022-08-01,América. América del Sur. Argentina,85.877380996,América,América del Sur,Argentina
2022-09-01,América. América del Sur. Argentina,74.761661087,América,América del Sur,Argentina
2022-10-01,América. América del Sur. Argentina,81.15635351,América,América del Sur,Argentina
2022-11-01,América. América del Sur. Argentina,65.015439599,América,América del Sur,Argentina
2022-12-01,América. América del Sur. Argentina,71.152190054,América,América del Sur,Argentina
2023-01-01,América. América del Sur. Argentina,58.474391112,América,América del Sur,Argentina
2023-02-01,América. América del Sur. Argentina,72.272051561,América,América del Sur,Argentina
2023-03-01,América. América del Sur. Argentina,107.13004138,América,América del Sur,Argentina
2023-04-01,América. América del Sur. Argentina,78.53292083,América,América del Sur,Argentina
2023-05-01,América. América del Sur. Argentina,99.203933258,América,América del Sur,Argentina
2023-06-01,América. América del Sur. Argentina,60.461719598,América,América del Sur,Argentina
2023-07-01,América. América del Sur. Argentina,70.952379391,América,América del Sur,Argentina
2023-08-01,América. América del Sur. Argentina,81.576459359,América,América del Sur,Argentina
2023-09-01,América. América del Sur. Argentina,58.173787523,América,América del Sur,Argentina
2023-10-01,América. América del Sur. Argentina,83.003835713,América,América del Sur,Argentina
2023-11-01,América. América del Sur. Argentina,59.713474321,América,América del Sur,Argentina
2023-12-01,América. América del Sur. Argentina,53.187110295,América,América del Sur,Argentina
2024-01-01,América. América del Sur. Argentina,52.564240033,América,América del Sur,Argentina
2024-02-01,América. América del Sur. Argentina,53.123842108,América,América del Sur,Argentina
2024-03-01,América. América del Sur. Argentina,58.664069638,América,América del Sur,Argentina
2024-04-01,América. América del Sur. Argentina,56.736971099,América,América del Sur,Argentina
2024-05-01,América. América del Sur. Argentina,66.670062528,América,América del Sur,Argentina
2024-06-01,América. América del Sur. Argentina,54.833516327,América,América del Sur,Argentina
2024-07-01,América. América del Sur. Argentina,76.28043653,América,América del Sur,Argentina
2024-08-01,América. América del Sur. Argentina,62.766800261,América,América del Sur,Argentina
2024-09-01,América. América del Sur. Argentina,68.655521187,América,América del Sur,Argentina
2024-10-01,América. América del Sur. Argentina,94.767363405,América,América del Sur,Argentina
2024-11-01,América. América del Sur. Argentina,120.67434519,América,América del Sur,Argentina
2024-12-01,América. América del Sur. Argentina,82.805185901,América,América del Sur,Argentina
2025-01-01,América. América del Sur. Argentina,86.063489785,América,América del Sur,Argentina
2025-02-01,América. América del Sur. Argentina,83.642889986,América,América del Sur,Argentina
2025-03-01,América. América del Sur. Argentina,81.990697145,América,América del Sur,Argentina
2025-04-01,América. América del Sur. Argentina,95.632386039,América,América del Sur,Argentina
2025-05-01,América. América del Sur. Argentina,81.828611444,América,América del Sur,Argentina
2025-06-01,América. América del Sur. Argentina,92.160788452,América,América del Sur,Argentina
2025-07-01,América. América del Sur. Argentina,99.324065258,América,América del Sur,Argentina
2025-08-01,América. América del Sur. Argentina,71.225254828,América,América del Sur,Argentina
2025-09-01,América. América del Sur. Argentina,100.58818996,América,América del Sur,Argentina
2025-10-01,América. América del Sur. Argentina,96.110685916,América,América del Sur,Argentina
2025-11-01,América. América del Sur. Argentina,84.108586113,América,América del Sur,Argentina
2025-12-01,América. América del Sur. Argentina,93.645303194,América,América del Sur,Argentina
2026-01-01,América. América del Sur. Argentina,90.078319239,América,América del Sur,Argentina
2026-02-01,América. América del Sur. Argentina,83.294732441,América,América del Sur,Argentina
2026-03-01,América. América del Sur. Argentina,100.48641318,América,América del Sur,Argentina
2026-04-01,América. América del Sur. Argentina,93.754758156,América,América del Sur,Argentina
2026-05-01,América. América del Sur. Argentina,93.940718223,América,América del Sur,Argentina
2026-06-01,América. América del Sur. Argentina,91.264205765,América,América del Sur,Argentina
2003-01-01,Europa. Unión Europea,363.71835125,Europa,,Unión Europea
2003-02-01,Europa. Unión Europea,352.63715097,Europa,,Unión Europea
2003-03-01,Europa. Unión Europea,465.03075343,Europa,,Unión Europea
2003-04-01,Europa. Unión Europea,488.02914566,Europa,,Unión Europea
2003-05-01,Europa. Unión Europea,465.30319846,Europa,,Unión Europea
2003-06-01,Europa. Unión Europea,404.40141422,Europa,,Unión Europea
2003-07-01,Europa. Unión Europea,376.22802814,Europa,,Unión Europea
2003-08-01,Europa. Unión Europea,451.27832433,Europa,,Unión Europea
2003-09-01,Europa. Unión Europea,396.50495506,Europa,,Unión Europea
2003-10-01,Europa. Unión Europea,358.42444742,Europa,,Unión Europea
2003-11-01,Europa. Unión Europea,322.50184417,Europa,,Unión Europea
2003-12-01,Europa. Unión Europea,465.83740143,Europa,,Unión Europea
2004-01-01,Europa. Unión Europea,482.6465851,Europa,,Unión Europea
2004-02-01,Europa. Unión Europea,600.67810467,Europa,,Unión Europea
2004-03-01,Europa. Unión Europea,786.85247153,Europa,,Unión Europea
2004-04-01,Europa. Unión Europea,697.04214372,Europa,,Unión Europea
2004-05-01,Europa. Unión Europea,700.84297987,Europa,,Unión Europea
2004-06-01,Europa. Unión Europea,594.62917862,Europa,,Unión Europea
2004-07-01,Europa. Unión Europea,792.11205992,Europa,,Unión Europea
2004-08-01,Europa. Unión Europea,692.11115547,Europa,,Unión Europea
2004-09-01,Europa. Unión Europea,711.28402059,Europa,,Unión Europea
2004-10-01,Europa. Unión Europea,615.19113665,Europa,,Unión Europea
2004-11-01,Europa. Unión Europea,609.88123242,Europa,,Unión Europea
2004-12-01,Europa. Unión Europea,620.51432937,Europa,,Unión Europea
2005-01-01,Europa. Unión Europea,720.24224465,Europa,,Unión Europea
2005-02-01,Europa. Unión Europea,665.499147,Europa,,Unión Europea
2005-03-01,Europa. Unión Europea,974.58043748,Europa,,Unión Europea
2005-04-01,Europa. Unión Europea,810.38642409,Europa,,Unión Europea
2005-05-01,Europa. Unión Europea,849.55763656,Europa,,Unión Europea
2005-06-01,Europa. Unión Europea,794.01221831,Europa,,Unión Europea
2005-07-01,Europa. Unión Europea,728.74109174,Europa,,Unión Europea
2005-08-01,Europa. Unión Europea,659.79220747,Europa,,Unión Europea
2005-09-01,Europa. Unión Europea,789.68771494,Europa,,Unión Europea
2005-10-01,Europa. Unión Europea,805.06996448,Europa,,Unión Europea
2005-11-01,Europa. Unión Europea,684.40824385,Europa,,Unión Europea
2005-12-01,Europa. Unión Europea,907.61775055,Europa,,Unión Europea
2006-01-01,Europa. Unión Europea,951.61370787,Europa,,Unión Europea
2006-02-01,Europa. Unión Europea,1103.9081364,Europa,,Unión Europea
2006-03-01,Europa. Unión Europea,1436.1511569,Europa,,Unión Europea
2006-04-01,Europa. Unión Europea,1544.9158322,Europa,,Unión Europea
2006-05-01,Europa. Unión Europea,1493.4517509,Europa,,Unión Europea
2006-06-01,Europa. Unión Europea,1562.0445046,Europa,,Unión Europea
2006-07-01,Europa. Unión Europea,1220.0485689,Europa,,Unión Europea
2006-08-01,Europa. Unión Europea,1301.9268769,Europa,,Unión Europea
2006-09-01,Europa. Unión Europea,1432.1739556,Europa,,Unión Europea
2006-10-01,Europa. Unión Europea,1116.7465591,Europa,,Unión Europea
2006-11-01,Europa. Unión Europea,843.20189767,Europa,,Unión Europea
2006-12-01,Europa. Unión Europea,1483.1835927,Europa,,Unión Europea
2007-01-01,Europa. Unión Europea,1344.4499277,Europa,,Unión Europea
2007-02-01,Europa. Unión Europea,1227.2821666,Europa,,Unión Europea
2007-03-01,Europa. Unión Europea,1397.7035848,Europa,,Unión Europea
2007-04-01,Europa. Unión Europea,1736.5566415,Europa,,Unión Europea
2007-05-01,Europa. Unión Europea,1509.0213841,Europa,,Unión Europea
2007-06-01,Europa. Unión Europea,1563.8560021,Europa,,Unión Europea
2007-07-01,Europa. Unión Europea,1149.9400396,Europa,,Unión Europea
2007-08-01,Europa. Unión Europea,1426.0656987,Europa,,Unión Europea
2007-09-01,Europa. Unión Europea,1261.5378278,Europa,,Unión Europea
2007-10-01,Europa. Unión Europea,1401.1790415,Europa,,Unión Europea
2007-11-01,Europa. Unión Europea,988.58116936,Europa,,Unión Europea
2007-12-01,Europa. Unión Europea,1251.9428622,Europa,,Unión Europea
2008-01-01,Europa. Unión Europea,1424.4673811,Europa,,Unión Europea
2008-02-01,Europa. Unión Europea,1305.5942086,Europa,,Unión Europea
2008-03-01,Europa. Unión Europea,1931.3807239,Europa,,Unión Europea
2008-04-01,Europa. Unión Europea,1787.6625703,Europa,,Unión Europea
2008-05-01,Europa. Unión Europea,1675.4354503,Europa,,Unión Europea
2008-06-01,Europa. Unión Europea,1524.6817548,Europa,,Unión Europea
2008-07-01,Europa. Unión Europea,1392.6797785,Europa,,Unión Europea
2008-08-01,Europa. Unión Europea,1258.0841558,Europa,,Unión Europea
2008-09-01,Europa. Unión Europea,1007.0958315,Europa,,Unión Europea
2008-10-01,Europa. Unión Europea,866.31356838,Europa,,Unión Europea
2008-11-01,Europa. Unión Europea,665.21170831,Europa,,Unión Europea
2008-12-01,Europa. Unión Europea,768.21834516,Europa,,Unión Europea
2009-01-01,Europa. Unión Europea,642.45937653,Europa,,Unión Europea
2009-02-01,Europa. Unión Europea,668.25790808,Europa,,Unión Europea
2009-03-01,Europa. Unión Europea,900.96679331,Europa,,Unión Europea
2009-04-01,Europa. Unión Europea,795.48641577,Europa,,Unión Europea
2009-05-01,Europa. Unión Europea,728.00433478,Europa,,Unión Europea
2009-06-01,Europa. Unión Europea,754.0493777,Europa,,Unión Europea
2009-07-01,Europa. Unión Europea,916.36410132,Europa,,Unión Europea
2009-08-01,Europa. Unión Europea,773.83764937,Europa,,Unión Europea
2009-09-01,Europa. Unión Europea,784.00337975,Europa,,Unión Europea
2009-10-01,Europa. Unión Europea,989.46157299,Europa,,Unión Europea
2009-11-01,Europa. Unión Europea,790.08405257,Europa,,Unión Europea
2009-12-01,Europa. Unión Europea,925.06914698,Europa,,Unión Europea
2010-01-01,Europa. Unión Europea,891.22644291,Europa,,Unión Europea
2010-02-01,Europa. Unión Europea,886.29484031,Europa,,Unión Europea
2010-03-01,Europa. Unión Europea,928.9397921,Europa,,Unión Europea
2010-04-01,Europa. Unión Europea,892.50291109,Europa,,Unión Europea
2010-05-01,Europa. Unión Europea,1094.86047,Europa,,Unión Europea
2010-06-01,Europa. Unión Europea,863.13733088,Europa,,Unión Europea
2010-07-01,Europa. Unión Europea,966.769165,Europa,,Unión Europea
2010-08-01,Europa. Unión Europea,1192.6105039,Europa,,Unión Europea
2010-09-01,Europa. Unión Europea,1092.7273346,Europa,,Unión Europea
2010-10-01,Europa. Unión Europea,1130.8085059,Europa,,Unión Europea
2010-11-01,Europa. Unión Europea,1000.570557,Europa,,Unión Europea
2010-12-01,Europa. Unión Europea,1386.9630205,Europa,,Unión Europea
2011-01-01,Europa. Unión Europea,1054.0125554,Europa,,Unión Europea
2011-02-01,Europa. Unión Europea,1236.748599,Europa,,Unión Europea
2011-03-01,Europa. Unión Europea,1557.1985105,Europa,,Unión Europea
2011-04-01,Europa. Unión Europea,1484.7927638,Europa,,Unión Europea
2011-05-01,Europa. Unión Europea,1456.1076454,Europa,,Unión Europea
2011-06-01,Europa. Unión Europea,1337.1617021,Europa,,Unión Europea
2011-07-01,Europa. Unión Europea,942.24293032,Europa,,Unión Europea
2011-08-01,Europa. Unión Europea,1087.4119776,Europa,,Unión Europea
2011-09-01,Europa. Unión Europea,1011.3426131,Europa,,Unión Europea
2011-10-01,Europa. Unión Europea,1028.1580167,Europa,,Unión Europea
2011-11-01,Europa. Unión Europea,1075.3540868,Europa,,Unión Europea
2011-12-01,Europa. Unión Europea,962.41403364,Europa,,Unión Europea
2012-01-01,Europa. Unión Europea,882.66566741,Europa,,Unión Europea
2012-02-01,Europa. Unión Europea,1004.8149121,Europa,,Unión Europea
2012-03-01,Europa. Unión Europea,1241.1937415,Europa,,Unión Europea
2012-04-01,Europa. Unión Europea,1096.1275153,Europa,,Unión Europea
2012-05-01,Europa. Unión Europea,1002.5211489,Europa,,Unión Europea
2012-06-01,Europa. Unión Europea,1110.5214062,Europa,,Unión Europea
2012-07-01,Europa. Unión Europea,811.75850354,Europa,,Unión Europea
2012-08-01,Europa. Unión Europea,792.11379708,Europa,,Unión Europea
2012-09-01,Europa. Unión Europea,921.08545739,Europa,,Unión Europea
2012-10-01,Europa. Unión Europea,1064.4877314,Europa,,Unión Europea
2012-11-01,Europa. Unión Europea,835.16551742,Europa,,Unión Europea
2012-12-01,Europa. Unión Europea,929.31154455,Europa,,Unión Europea
2013-01-01,Europa. Unión Europea,769.85298283,Europa,,Unión Europea
2013-02-01,Europa. Unión Europea,815.22456107,Europa,,Unión Europea
2013-03-01,Europa. Unión Europea,900.91092298,Europa,,Unión Europea
2013-04-01,Europa. Unión Europea,1220.4575463,Europa,,Unión Europea
2013-05-01,Europa. Unión Europea,1129.2071015,Europa,,Unión Europea
2013-06-01,Europa. Unión Europea,1039.7391812,Europa,,Unión Europea
2013-07-01,Europa. Unión Europea,877.30968936,Europa,,Unión Europea
2013-08-01,Europa. Unión Europea,911.38452936,Europa,,Unión Europea
2013-09-01,Europa. Unión Europea,899.8497745,Europa,,Unión Europea
2013-10-01,Europa. Unión Europea,934.26185453,Europa,,Unión Europea
2013-11-01,Europa. Unión Europea,713.99892201,Europa,,Unión Europea
2013-12-01,Europa. Unión Europea,727.08655978,Europa,,Unión Europea
2014-01-01,Europa. Unión Europea,723.292037587396,Europa,,Unión Europea
2014-02-01,Europa. Unión Europea,975.166206279584,Europa,,Unión Europea
2014-03-01,Europa. Unión Europea,1092.53935019088,Europa,,Unión Europea
2014-04-01,Europa. Unión Europea,1041.1837792667,Europa,,Unión Europea
2014-05-01,Europa. Unión Europea,1090.78941076744,Europa,,Unión Europea
2014-06-01,Europa. Unión Europea,1051.99377528031,Europa,,Unión Europea
2014-07-01,Europa. Unión Europea,820.086569111087,Europa,,Unión Europea
2014-08-01,Europa. Unión Europea,936.189104915528,Europa,,Unión Europea
2014-09-01,Europa. Unión Europea,683.721637832248,Europa,,Unión Europea
2014-10-01,Europa. Unión Europea,826.326149825844,Europa,,Unión Europea
2014-11-01,Europa. Unión Europea,706.186279397395,Europa,,Unión Europea
2014-12-01,Europa. Unión Europea,697.590828148864,Europa,,Unión Europea
2015-01-01,Europa. Unión Europea,651.59284016,Europa,,Unión Europea
2015-02-01,Europa. Unión Europea,603.96959458,Europa,,Unión Europea
2015-03-01,Europa. Unión Europea,739.50669373,Europa,,Unión Europea
2015-04-01,Europa. Unión Europea,891.12035878,Europa,,Unión Europea
2015-05-01,Europa. Unión Europea,770.05980652,Europa,,Unión Europea
2015-06-01,Europa. Unión Europea,654.69697919,Europa,,Unión Europea
2015-07-01,Europa. Unión Europea,754.68682433,Europa,,Unión Europea
2015-08-01,Europa. Unión Europea,585.57396306,Europa,,Unión Europea
2015-09-01,Europa. Unión Europea,613.65110005,Europa,,Unión Europea
2015-10-01,Europa. Unión Europea,638.94018993,Europa,,Unión Europea
2015-11-01,Europa. Unión Europea,568.94007761,Europa,,Unión Europea
2015-12-01,Europa. Unión Europea,531.66912067,Europa,,Unión Europea
2016-01-01,Europa. Unión Europea,656.96575616,Europa,,Unión Europea
2016-02-01,Europa. Unión Europea,509.574596,Europa,,Unión Europea
2016-03-01,Europa. Unión Europea,704.71157851,Europa,,Unión Europea
2016-04-01,Europa. Unión Europea,664.09919576,Europa,,Unión Europea
2016-05-01,Europa. Unión Europea,699.75631619,Europa,,Unión Europea
2016-06-01,Europa. Unión Europea,640.18597645,Europa,,Unión Europea
2016-07-01,Europa. Unión Europea,614.94772073,Europa,,Unión Europea
2016-08-01,Europa. Unión Europea,678.84409227,Europa,,Unión Europea
2016-09-01,Europa. Unión Europea,675.92193063,Europa,,Unión Europea
2016-10-01,Europa. Unión Europea,593.87926867,Europa,,Unión Europea
2016-11-01,Europa. Unión Europea,555.115317,Europa,,Unión Europea
2016-12-01,Europa. Unión Europea,654.98655587,Europa,,Unión Europea
2017-01-01,Europa. Unión Europea,626.52361515,Europa,,Unión Europea
2017-02-01,Europa. Unión Europea,600.30209233,Europa,,Unión Europea
2017-03-01,Europa. Unión Europea,742.60846509,Europa,,Unión Europea
2017-04-01,Europa. Unión Europea,604.36851785,Europa,,Unión Europea
2017-05-01,Europa. Unión Europea,871.12476331,Europa,,Unión Europea
2017-06-01,Europa. Unión Europea,613.73547921,Europa,,Unión Europea
2017-07-01,Europa. Unión Europea,692.18768773,Europa,,Unión Europea
2017-08-01,Europa. Unión Europea,778.58611078,Europa,,Unión Europea
2017-09-01,Europa. Unión Europea,782.64822447,Europa,,Unión Europea
2017-10-01,Europa. Unión Europea,773.02409838,Europa,,Unión Europea
2017-11-01,Europa. Unión Europea,724.99069094,Europa,,Unión Europea
2017-12-01,Europa. Unión Europea,845.37009586,Europa,,Unión Europea
2018-01-01,Europa. Unión Europea,684.95330783,Europa,,Unión Europea
2018-02-01,Europa. Unión Europea,841.78510931,Europa,,Unión Europea
2018-03-01,Europa. Unión Europea,703.91094879,Europa,,Unión Europea
2018-04-01,Europa. Unión Europea,782.42351811,Europa,,Unión Europea
2018-05-01,Europa. Unión Europea,920.13833604,Europa,,Unión Europea
2018-06-01,Europa. Unión Europea,772.97659227,Europa,,Unión Europea
2018-07-01,Europa. Unión Europea,728.75521049,Europa,,Unión Europea
2018-08-01,Europa. Unión Europea,756.04327647,Europa,,Unión Europea
2018-09-01,Europa. Unión Europea,555.76701088,Europa,,Unión Europea
2018-10-01,Europa. Unión Europea,627.51634108,Europa,,Unión Europea
2018-11-01,Europa. Unión Europea,570.81044907,Europa,,Unión Europea
2018-12-01,Europa. Unión Europea,626.8098494,Europa,,Unión Europea
2019-01-01,Europa. Unión Europea,793.32634435,Europa,,Unión Europea
2019-02-01,Europa. Unión Europea,593.45286906,Europa,,Unión Europea
2019-03-01,Europa. Unión Europea,611.80639102,Europa,,Unión Europea
2019-04-01,Europa. Unión Europea,661.23840201,Europa,,Unión Europea
2019-05-01,Europa. Unión Europea,825.55162216,Europa,,Unión Europea
2019-06-01,Europa. Unión Europea,519.53298594,Europa,,Unión Europea
2019-07-01,Europa. Unión Europea,597.18909321,Europa,,Unión Europea
2019-08-01,Europa. Unión Europea,585.56215835,Europa,,Unión Europea
2019-09-01,Europa. Unión Europea,581.49884018,Europa,,Unión Europea
2019-10-01,Europa. Unión Europea,476.90876195,Europa,,Unión Europea
2019-11-01,Europa. Unión Europea,479.61870375,Europa,,Unión Europea
2019-12-01,Europa. Unión Europea,468.16699834,Europa,,Unión Europea
2020-01-01,Europa. Unión Europea,596.31125072,Europa,,Unión Europea
2020-02-01,Europa. Unión Europea,462.08598933,Europa,,Unión Europea
2020-03-01,Europa. Unión Europea,509.92315565,Europa,,Unión Europea
2020-04-01,Europa. Unión Europea,716.16631904,Europa,,Unión Europea
2020-05-01,Europa. Unión Europea,761.52170461,Europa,,Unión Europea
2020-06-01,Europa. Unión Europea,690.45997395,Europa,,Unión Europea
2020-07-01,Europa. Unión Europea,528.2621179,Europa,,Unión Europea
2020-08-01,Europa. Unión Europea,446.99999841,Europa,,Unión Europea
2020-09-01,Europa. Unión Europea,638.21428524,Europa,,Unión Europea
2020-10-01,Europa. Unión Europea,509.70742967,Europa,,Unión Europea
2020-11-01,Europa. Unión Europea,544.31440731,Europa,,Unión Europea
2020-12-01,Europa. Unión Europea,618.31592843,Europa,,Unión Europea
2021-01-01,Europa. Unión Europea,584.511625903249,Europa,,Unión Europea
2021-02-01,Europa. Unión Europea,496.572469351684,Europa,,Unión Europea
2021-03-01,Europa. Unión Europea,628.91247429351,Europa,,Unión Europea
2021-04-01,Europa. Unión Europea,985.414676121245,Europa,,Unión Europea
2021-05-01,Europa. Unión Europea,799.864953380933,Europa,,Unión Europea
2021-06-01,Europa. Unión Europea,920.590760545738,Europa,,Unión Europea
2021-07-01,Europa. Unión Europea,575.776586071627,Europa,,Unión Europea
2021-08-01,Europa. Unión Europea,747.23510838104,Europa,,Unión Europea
2021-09-01,Europa. Unión Europea,591.786574899548,Europa,,Unión Europea
2021-10-01,Europa. Unión Europea,772.504547195832,Europa,,Unión Europea
2021-11-01,Europa. Unión Europea,705.603234624079,Europa,,Unión Europea
2021-12-01,Europa. Unión Europea,759.170316710359,Europa,,Unión Europea
2022-01-01,Europa. Unión Europea,578.65119501,Europa,,Unión Europea
2022-02-01,Europa. Unión Europea,655.60306405,Europa,,Unión Europea
2022-03-01,Europa. Unión Europea,549.93030946,Europa,,Unión Europea
2022-04-01,Europa. Unión Europea,564.385489,Europa,,Unión Europea
2022-05-01,Europa. Unión Europea,702.42152831,Europa,,Unión Europea
2022-06-01,Europa. Unión Europea,710.02401315,Europa,,Unión Europea
2022-07-01,Europa. Unión Europea,690.09286962,Europa,,Unión Europea
2022-08-01,Europa. Unión Europea,647.64998902,Europa,,Unión Europea
2022-09-01,Europa. Unión Europea,588.63514534,Europa,,Unión Europea
2022-10-01,Europa. Unión Europea,645.3218916,Europa,,Unión Europea
2022-11-01,Europa. Unión Europea,743.41111345,Europa,,Unión Europea
2022-12-01,Europa. Unión Europea,841.32948479,Europa,,Unión Europea
2023-01-01,Europa. Unión Europea,471.09180965,Europa,,Unión Europea
2023-02-01,Europa. Unión Europea,648.12453176,Europa,,Unión Europea
2023-03-01,Europa. Unión Europea,703.71775772,Europa,,Unión Europea
2023-04-01,Europa. Unión Europea,542.25688778,Europa,,Unión Europea
2023-05-01,Europa. Unión Europea,839.06331221,Europa,,Unión Europea
2023-06-01,Europa. Unión Europea,610.80350334,Europa,,Unión Europea
2023-07-01,Europa. Unión Europea,682.00001589,Europa,,Unión Europea
2023-08-01,Europa. Unión Europea,783.60403495,Europa,,Unión Europea
2023-09-01,Europa. Unión Europea,576.46919422,Europa,,Unión Europea
2023-10-01,Europa. Unión Europea,694.27308051,Europa,,Unión Europea
2023-11-01,Europa. Unión Europea,686.92650528,Europa,,Unión Europea
2023-12-01,Europa. Unión Europea,493.27683692,Europa,,Unión Europea
2024-01-01,Europa. Unión Europea,686.73878396,Europa,,Unión Europea
2024-02-01,Europa. Unión Europea,604.45664239,Europa,,Unión Europea
2024-03-01,Europa. Unión Europea,867.94221162,Europa,,Unión Europea
2024-04-01,Europa. Unión Europea,822.43565344,Europa,,Unión Europea
2024-05-01,Europa. Unión Europea,766.17085884,Europa,,Unión Europea
2024-06-01,Europa. Unión Europea,664.4591846,Europa,,Unión Europea
2024-07-01,Europa. Unión Europea,941.34356367,Europa,,Unión Europea
2024-08-01,Europa. Unión Europea,843.14714079,Europa,,Unión Europea
2024-09-01,Europa. Unión Europea,670.15132133,Europa,,Unión Europea
2024-10-01,Europa. Unión Europea,747.20819409,Europa,,Unión Europea
2024-11-01,Europa. Unión Europea,570.40910864,Europa,,Unión Europea
2024-12-01,Europa. Unión Europea,685.17827263,Europa,,Unión Europea
2025-01-01,Europa. Unión Europea,634.8858111,Europa,,Unión Europea
2025-02-01,Europa. Unión Europea,812.09041343,Europa,,Unión Europea
2025-03-01,Europa. Unión Europea,771.92206882,Europa,,Unión Europea
2025-04-01,Europa. Unión Europea,871.24763436,Europa,,Unión Europea
2025-05-01,Europa. Unión Europea,1000.7918938,Europa,,Unión Europea
2025-06-01,Europa. Unión Europea,865.55001653,Europa,,Unión Europea
2025-07-01,Europa. Unión Europea,873.86685124,Europa,,Unión Europea
2025-08-01,Europa. Unión Europea,921.45851395,Europa,,Unión Europea
2025-09-01,Europa. Unión Europea,1063.181643,Europa,,Unión Europea
2025-10-01,Europa. Unión Europea,875.79901843,Europa,,Unión Europea
2025-11-01,Europa. Unión Europea,1023.1548602,Europa,,Unión Europea
2025-12-01,Europa. Unión Europea,1016.2489805,Europa,,Unión Europea
2026-01-01,Europa. Unión Europea,1018.3063421,Europa,,Unión Europea
2026-02-01,Europa. Unión Europea,745.70192472,Europa,,Unión Europea
2026-03-01,Europa. Unión Europea,937.50991091,Europa,,Unión Europea
2026-04-01,Europa. Unión Europea,986.62617642,Europa,,Unión Europea
2026-05-01,Europa. Unión Europea,1004.1306614,Europa,,Unión Europea
2026-06-01,Europa. Unión Europea,1115.8253475,Europa,,Unión Europea
2003-01-01,Asia. China,122.73075,Asia,,China
2003-02-01,Asia. China,142.71080821,Asia,,China
2003-03-01,Asia. China,126.28406759,Asia,,China
2003-04-01,Asia. China,142.09876167,Asia,,China
2003-05-01,Asia. China,190.39172554,Asia,,China
2003-06-01,Asia. China,138.47107266,Asia,,China
2003-07-01,Asia. China,154.97503317,Asia,,China
2003-08-01,Asia. China,158.12495319,Asia,,China
2003-09-01,Asia. China,180.64402831,Asia,,China
2003-10-01,Asia. China,202.11594211,Asia,,China
2003-11-01,Asia. China,172.74398807,Asia,,China
2003-12-01,Asia. China,177.72875854,Asia,,China
2004-01-01,Asia. China,163.36002766,Asia,,China
2004-02-01,Asia. China,249.55744564,Asia,,China
2004-03-01,Asia. China,221.06539264,Asia,,China
2004-04-01,Asia. China,225.19780526,Asia,,China
2004-05-01,Asia. China,256.94104051,Asia,,China
2004-06-01,Asia. China,251.22967527,Asia,,China
2004-07-01,Asia. China,321.1562855,Asia,,China
2004-08-01,Asia. China,268.51402087,Asia,,China
2004-09-01,Asia. China,322.9675262,Asia,,China
2004-10-01,Asia. China,364.33744941,Asia,,China
2004-11-01,Asia. China,394.87245404,Asia,,China
2004-12-01,Asia. China,402.5943753,Asia,,China
2005-01-01,Asia. China,242.98765112,Asia,,China
2005-02-01,Asia. China,407.60107762,Asia,,China
2005-03-01,Asia. China,347.93089896,Asia,,China
2005-04-01,Asia. China,385.09232784,Asia,,China
2005-05-01,Asia. China,419.57321826,Asia,,China
2005-06-01,Asia. China,488.24361993,Asia,,China
2005-07-01,Asia. China,405.35830571,Asia,,China
2005-08-01,Asia. China,416.54184887,Asia,,China
2005-09-01,Asia. China,446.85612078,Asia,,China
2005-10-01,Asia. China,348.16901192,Asia,,China
2005-11-01,Asia. China,488.93066463,Asia,,China
2005-12-01,Asia. China,498.23541875,Asia,,China
2006-01-01,Asia. China,258.90797904,Asia,,China
2006-02-01,Asia. China,460.74312985,Asia,,China
2006-03-01,Asia. China,434.3143949,Asia,,China
2006-04-01,Asia. China,465.3018312,Asia,,China
2006-05-01,Asia. China,290.87137449,Asia,,China
2006-06-01,Asia. China,593.22580605,Asia,,China
2006-07-01,Asia. China,412.98599682,Asia,,China
2006-08-01,Asia. China,377.09956332,Asia,,China
2006-09-01,Asia. China,419.57674271,Asia,,China
2006-10-01,Asia. China,436.97687482,Asia,,China
2006-11-01,Asia. China,427.68320088,Asia,,China
2006-12-01,Asia. China,677.16296287,Asia,,China
2007-01-01,Asia. China,723.42870027,Asia,,China
2007-02-01,Asia. China,950.96505818,Asia,,China
2007-03-01,Asia. China,986.54453405,Asia,,China
2007-04-01,Asia. China,957.51313692,Asia,,China
2007-05-01,Asia. China,1011.5783387,Asia,,China
2007-06-01,Asia. China,829.14476192,Asia,,China
2007-07-01,Asia. China,591.81406877,Asia,,China
2007-08-01,Asia. China,625.08705591,Asia,,China
2007-09-01,Asia. China,821.93683965,Asia,,China
2007-10-01,Asia. China,947.75306969,Asia,,China
2007-11-01,Asia. China,1073.4413539,Asia,,China
2007-12-01,Asia. China,986.70668322,Asia,,China
2008-01-01,Asia. China,1027.4905982,Asia,,China
2008-02-01,Asia. China,1016.8626849,Asia,,China
2008-03-01,Asia. China,891.24098749,Asia,,China
2008-04-01,Asia. China,707.98201378,Asia,,China
2008-05-01,Asia. China,819.36805845,Asia,,China
2008-06-01,Asia. China,730.97491256,Asia,,China
2008-07-01,Asia. China,619.15876705,Asia,,China
2008-08-01,Asia. China,635.83052633,Asia,,China
2008-09-01,Asia. China,653.82171919,Asia,,China
2008-10-01,Asia. China,509.6990767,Asia,,China
2008-11-01,Asia. China,311.54569539,Asia,,China
2008-12-01,Asia. China,595.61129102,Asia,,China
2009-01-01,Asia. China,528.38902167,Asia,,China
2009-02-01,Asia. China,677.64795377,Asia,,China
2009-03-01,Asia. China,883.86917251,Asia,,China
2009-04-01,Asia. China,1057.2132875,Asia,,China
2009-05-01,Asia. China,1087.909676,Asia,,China
2009-06-01,Asia. China,1181.4776181,Asia,,China
2009-07-01,Asia. China,1098.4115094,Asia,,China
2009-08-01,Asia. China,1269.7723945,Asia,,China
2009-09-01,Asia. China,892.49396343,Asia,,China
2009-10-01,Asia. China,1570.8403512,Asia,,China
2009-11-01,Asia. China,1400.0562405,Asia,,China
2009-12-01,Asia. China,1380.1296968,Asia,,China
2010-01-01,Asia. China,1237.7912234,Asia,,China
2010-02-01,Asia. China,1331.6032729,Asia,,China
2010-03-01,Asia. China,1425.3526228,Asia,,China
2010-04-01,Asia. China,1164.6823772,Asia,,China
2010-05-01,Asia. China,1010.1922561,Asia,,China
2010-06-01,Asia. China,1417.6641643,Asia,,China
2010-07-01,Asia. China,1526.4691903,Asia,,China
2010-08-01,Asia. China,1360.976525,Asia,,China
2010-09-01,Asia. China,1465.6453147,Asia,,China
2010-10-01,Asia. China,1536.9098851,Asia,,China
2010-11-01,Asia. China,1786.1914263,Asia,,China
2010-12-01,Asia. China,2061.4285743,Asia,,China
2011-01-01,Asia. China,1365.3362249,Asia,,China
2011-02-01,Asia. China,1095.1393267,Asia,,China
2011-03-01,Asia. China,1418.2810952,Asia,,China
2011-04-01,Asia. China,1328.9690887,Asia,,China
2011-05-01,Asia. China,1398.7517185,Asia,,China
2011-06-01,Asia. China,1657.3253823,Asia,,China
2011-07-01,Asia. China,1568.2292679,Asia,,China
2011-08-01,Asia. China,1589.282965,Asia,,China
2011-09-01,Asia. China,1708.8731049,Asia,,China
2011-10-01,Asia. China,1599.5839212,Asia,,China
2011-11-01,Asia. China,1723.7503421,Asia,,China
2011-12-01,Asia. China,2175.7251533,Asia,,China
2012-01-01,Asia. China,1581.1171446,Asia,,China
2012-02-01,Asia. China,1373.2413653,Asia,,China
2012-03-01,Asia. China,1321.5483059,Asia,,China
2012-04-01,Asia. China,1251.0332658,Asia,,China
2012-05-01,Asia. China,1416.5801759,Asia,,China
2012-06-01,Asia. China,1441.2154911,Asia,,China
2012-07-01,Asia. China,1341.2125437,Asia,,China
2012-08-01,Asia. China,1560.960053,Asia,,China
2012-09-01,Asia. China,1341.5937746,Asia,,China
2012-10-01,Asia. China,1823.5226794,Asia,,China
2012-11-01,Asia. China,1563.4560996,Asia,,China
2012-12-01,Asia. China,2062.7925492,Asia,,China
2013-01-01,Asia. China,1678.6234475,Asia,,China
2013-02-01,Asia. China,1214.203191,Asia,,China
2013-03-01,Asia. China,1031.7444523,Asia,,China
2013-04-01,Asia. China,1440.1681933,Asia,,China
2013-05-01,Asia. China,1756.9796032,Asia,,China
2013-06-01,Asia. China,1426.3057689,Asia,,China
2013-07-01,Asia. China,1478.6177812,Asia,,China
2013-08-01,Asia. China,1835.0031025,Asia,,China
2013-09-01,Asia. China,1555.1931463,Asia,,China
2013-10-01,Asia. China,2034.8231464,Asia,,China
2013-11-01,Asia. China,1742.315079,Asia,,China
2013-12-01,Asia. China,1873.2474134,Asia,,China
2014-01-01,Asia. China,1518.92622001594,Asia,,China
2014-02-01,Asia. China,1581.25490083277,Asia,,China
2014-03-01,Asia. China,1579.68353084429,Asia,,China
2014-04-01,Asia. China,1485.23304828425,Asia,,China
2014-05-01,Asia. China,1407.49470763765,Asia,,China
2014-06-01,Asia. China,1335.20941264073,Asia,,China
2014-07-01,Asia. China,1457.09988724411,Asia,,China
2014-08-01,Asia. China,1350.94335864118,Asia,,China
2014-09-01,Asia. China,1600.16716838706,Asia,,China
2014-10-01,Asia. China,1595.97984361056,Asia,,China
2014-11-01,Asia. China,1471.86389800737,Asia,,China
2014-12-01,Asia. China,1808.90002661397,Asia,,China
2015-01-01,Asia. China,1584.566623,Asia,,China
2015-02-01,Asia. China,1261.2572168,Asia,,China
2015-03-01,Asia. China,1548.8521504,Asia,,China
2015-04-01,Asia. China,1418.1975277,Asia,,China
2015-05-01,Asia. China,1139.3362607,Asia,,China
2015-06-01,Asia. China,1418.1297885,Asia,,China
2015-07-01,Asia. China,1138.8368985,Asia,,China
2015-08-01,Asia. China,1236.1745616,Asia,,China
2015-09-01,Asia. China,1295.1458702,Asia,,China
2015-10-01,Asia. China,1293.8011535,Asia,,China
2015-11-01,Asia. China,1413.9157907,Asia,,China
2015-12-01,Asia. China,1471.0459055,Asia,,China
2016-01-01,Asia. China,1518.8118505,Asia,,China
2016-02-01,Asia. China,1410.6151622,Asia,,China
2016-03-01,Asia. China,1404.3723131,Asia,,China
2016-04-01,Asia. China,1373.7185173,Asia,,China
2016-05-01,Asia. China,1366.6890251,Asia,,China
2016-06-01,Asia. China,1135.9601479,Asia,,China
2016-07-01,Asia. China,1262.386724,Asia,,China
2016-08-01,Asia. China,1203.9902585,Asia,,China
2016-09-01,Asia. China,1501.166874,Asia,,China
2016-10-01,Asia. China,1412.6282106,Asia,,China
2016-11-01,Asia. China,1643.43429,Asia,,China
2016-12-01,Asia. China,2114.7059138,Asia,,China
2017-01-01,Asia. China,1574.7258654,Asia,,China
2017-02-01,Asia. China,1063.4612407,Asia,,China
2017-03-01,Asia. China,1193.8646059,Asia,,China
2017-04-01,Asia. China,1276.4333268,Asia,,China
2017-05-01,Asia. China,1264.00151,Asia,,China
2017-06-01,Asia. China,1470.2287519,Asia,,China
2017-07-01,Asia. China,1485.499078,Asia,,China
2017-08-01,Asia. China,1652.6162658,Asia,,China
2017-09-01,Asia. China,1872.8941214,Asia,,China
2017-10-01,Asia. China,2030.7960164,Asia,,China
2017-11-01,Asia. China,1767.8348271,Asia,,China
2017-12-01,Asia. China,2212.0409238,Asia,,China
2018-01-01,Asia. China,2154.7886027,Asia,,China
2018-02-01,Asia. China,1854.8382441,Asia,,China
2018-03-01,Asia. China,1869.1141042,Asia,,China
2018-04-01,Asia. China,2095.8841883,Asia,,China
2018-05-01,Asia. China,2064.4787117,Asia,,China
2018-06-01,Asia. China,2060.5783336,Asia,,China
2018-07-01,Asia. China,1878.2918921,Asia,,China
2018-08-01,Asia. China,1942.3336072,Asia,,China
2018-09-01,Asia. China,1911.4049925,Asia,,China
2018-10-01,Asia. China,2339.125982,Asia,,China
2018-11-01,Asia. China,2142.4856955,Asia,,China
2018-12-01,Asia. China,2565.5162688,Asia,,China
2019-01-01,Asia. China,2356.7471781,Asia,,China
2019-02-01,Asia. China,1775.6299329,Asia,,China
2019-03-01,Asia. China,1488.8525704,Asia,,China
2019-04-01,Asia. China,1597.0640516,Asia,,China
2019-05-01,Asia. China,1819.4021947,Asia,,China
2019-06-01,Asia. China,1429.872726,Asia,,China
2019-07-01,Asia. China,1627.8955607,Asia,,China
2019-08-01,Asia. China,1980.0807811,Asia,,China
2019-09-01,Asia. China,1797.0950073,Asia,,China
2019-10-01,Asia. China,1812.2127567,Asia,,China
2019-11-01,Asia. China,1883.5947349,Asia,,China
2019-12-01,Asia. China,2578.0980039,Asia,,China
2020-01-01,Asia. China,2610.7574907,Asia,,China
2020-02-01,Asia. China,1344.8514738,Asia,,China
2020-03-01,Asia. China,1791.6938532,Asia,,China
2020-04-01,Asia. China,2074.6395205,Asia,,China
2020-05-01,Asia. China,2201.6219194,Asia,,China
2020-06-01,Asia. China,2303.3797415,Asia,,China
2020-07-01,Asia. China,2454.869049,Asia,,China
2020-08-01,Asia. China,2236.8970602,Asia,,China
2020-09-01,Asia. China,2424.8986088,Asia,,China
2020-10-01,Asia. China,2661.9698574,Asia,,China
2020-11-01,Asia. China,2858.1035383,Asia,,China
2020-12-01,Asia. China,3665.7164903,Asia,,China
2021-01-01,Asia. China,3194.36803055355,Asia,,China
2021-02-01,Asia. China,2713.21322936088,Asia,,China
2021-03-01,Asia. China,3108.68636392589,Asia,,China
2021-04-01,Asia. China,2764.6216857031,Asia,,China
2021-05-01,Asia. China,3018.43810514491,Asia,,China
2021-06-01,Asia. China,2623.8682002854,Asia,,China
2021-07-01,Asia. China,2898.63981556406,Asia,,China
2021-08-01,Asia. China,2712.05669686894,Asia,,China
2021-09-01,Asia. China,2778.1459170881,Asia,,China
2021-10-01,Asia. China,3104.61469156229,Asia,,China
2021-11-01,Asia. China,3415.62422753974,Asia,,China
2021-12-01,Asia. China,3946.22868267342,Asia,,China
2022-01-01,Asia. China,3610.1855801,Asia,,China
2022-02-01,Asia. China,2818.8097949,Asia,,China
2022-03-01,Asia. China,2965.0089095,Asia,,China
2022-04-01,Asia. China,3028.7878019,Asia,,China
2022-05-01,Asia. China,3606.8287067,Asia,,China
2022-06-01,Asia. China,3277.8185498,Asia,,China
2022-07-01,Asia. China,2986.5066992,Asia,,China
2022-08-01,Asia. China,2823.9938359,Asia,,China
2022-09-01,Asia. China,2936.2149367,Asia,,China
2022-10-01,Asia. China,3403.8064498,Asia,,China
2022-11-01,Asia. China,3303.7430303,Asia,,China
2022-12-01,Asia. China,4071.3563706,Asia,,China
2023-01-01,Asia. China,4256.184512,Asia,,China
2023-02-01,Asia. China,2702.6748672,Asia,,China
2023-03-01,Asia. China,3267.4859854,Asia,,China
2023-04-01,Asia. China,2488.7942119,Asia,,China
2023-05-01,Asia. China,2591.7561703,Asia,,China
2023-06-01,Asia. China,2666.4199873,Asia,,China
2023-07-01,Asia. China,2529.2295666,Asia,,China
2023-08-01,Asia. China,2537.8041451,Asia,,China
2023-09-01,Asia. China,3066.4029903,Asia,,China
2023-10-01,Asia. China,2959.886276,Asia,,China
2023-11-01,Asia. China,3010.6811307,Asia,,China
2023-12-01,Asia. China,3512.0092176,Asia,,China
2024-01-01,Asia. China,4303.1867186,Asia,,China
2024-02-01,Asia. China,3390.7266905,Asia,,China
2024-03-01,Asia. China,3049.9902562,Asia,,China
2024-04-01,Asia. China,2966.0657614,Asia,,China
2024-05-01,Asia. China,3103.0327311,Asia,,China
2024-06-01,Asia. China,2343.4656023,Asia,,China
2024-07-01,Asia. China,2542.1769389,Asia,,China
2024-08-01,Asia. China,2383.6053517,Asia,,China
2024-09-01,Asia. China,2920.7849652,Asia,,China
2024-10-01,Asia. China,2978.1365328,Asia,,China
2024-11-01,Asia. China,3308.1141864,Asia,,China
2024-12-01,Asia. China,4038.2082719,Asia,,China
2025-01-01,Asia. China,4506.8372961,Asia,,China
2025-02-01,Asia. China,2785.8728581,Asia,,China
2025-03-01,Asia. China,2830.9602941,Asia,,China
2025-04-01,Asia. China,3047.1641647,Asia,,China
2025-05-01,Asia. China,2730.0023433,Asia,,China
2025-06-01,Asia. China,3120.413504,Asia,,China
2025-07-01,Asia. China,2687.1437553,Asia,,China
2025-08-01,Asia. China,3480.8484082,Asia,,China
2025-09-01,Asia. China,3343.389221,Asia,,China
2025-10-01,Asia. China,4027.2072013,Asia,,China
2025-11-01,Asia. China,3146.1032484,Asia,,China
2025-12-01,Asia. China,4940.9700644,Asia,,China
2026-01-01,Asia. China,4298.3214062,Asia,,China
2026-02-01,Asia. China,3188.6967306,Asia,,China
2026-03-01,Asia. China,3351.1144994,Asia,,China
2026-04-01,Asia. China,2972.2244864,Asia,,China
2026-05-01,Asia. China,2980.7429673,Asia,,China
2026-06-01,Asia. China,3697.3510001,Asia,,China
2003-01-01,Asia. Japón,254.14534076,Asia,,Japón
2003-02-01,Asia. Japón,179.98706592,Asia,,Japón
2003-03-01,Asia. Japón,201.95699089,Asia,,Japón
2003-04-01,Asia. Japón,124.66873534,Asia,,Japón
2003-05-01,Asia. Japón,209.11132142,Asia,,Japón
2003-06-01,Asia. Japón,191.45151278,Asia,,Japón
2003-07-01,Asia. Japón,187.17483503,Asia,,Japón
2003-08-01,Asia. Japón,193.05717779,Asia,,Japón
2003-09-01,Asia. Japón,163.60398224,Asia,,Japón
2003-10-01,Asia. Japón,189.63515643,Asia,,Japón
2003-11-01,Asia. Japón,261.121589,Asia,,Japón
2003-12-01,Asia. Japón,269.46279934,Asia,,Japón
2004-01-01,Asia. Japón,295.66678422,Asia,,Japón
2004-02-01,Asia. Japón,333.14148403,Asia,,Japón
2004-03-01,Asia. Japón,264.57016006,Asia,,Japón
2004-04-01,Asia. Japón,325.5490582,Asia,,Japón
2004-05-01,Asia. Japón,301.72427157,Asia,,Japón
2004-06-01,Asia. Japón,359.84399767,Asia,,Japón
2004-07-01,Asia. Japón,286.87677813,Asia,,Japón
2004-08-01,Asia. Japón,395.88385582,Asia,,Japón
2004-09-01,Asia. Japón,260.49747571,Asia,,Japón
2004-10-01,Asia. Japón,339.29801654,Asia,,Japón
2004-11-01,Asia. Japón,323.72970302,Asia,,Japón
2004-12-01,Asia. Japón,420.69047526,Asia,,Japón
2005-01-01,Asia. Japón,389.23593172,Asia,,Japón
2005-02-01,Asia. Japón,329.88352197,Asia,,Japón
2005-03-01,Asia. Japón,445.1740831,Asia,,Japón
2005-04-01,Asia. Japón,343.16287125,Asia,,Japón
2005-05-01,Asia. Japón,268.56789276,Asia,,Japón
2005-06-01,Asia. Japón,524.18612069,Asia,,Japón
2005-07-01,Asia. Japón,431.76626086,Asia,,Japón
2005-08-01,Asia. Japón,357.8773943,Asia,,Japón
2005-09-01,Asia. Japón,434.08354881,Asia,,Japón
2005-10-01,Asia. Japón,348.98153068,Asia,,Japón
2005-11-01,Asia. Japón,540.71625738,Asia,,Japón
2005-12-01,Asia. Japón,598.20138536,Asia,,Japón
2006-01-01,Asia. Japón,659.46426749,Asia,,Japón
2006-02-01,Asia. Japón,447.01691089,Asia,,Japón
2006-03-01,Asia. Japón,692.87690438,Asia,,Japón
2006-04-01,Asia. Japón,522.81667092,Asia,,Japón
2006-05-01,Asia. Japón,440.3918551,Asia,,Japón
2006-06-01,Asia. Japón,717.10082607,Asia,,Japón
2006-07-01,Asia. Japón,435.70460357,Asia,,Japón
2006-08-01,Asia. Japón,581.91666445,Asia,,Japón
2006-09-01,Asia. Japón,489.77708197,Asia,,Japón
2006-10-01,Asia. Japón,392.7486449,Asia,,Japón
2006-11-01,Asia. Japón,365.98867006,Asia,,Japón
2006-12-01,Asia. Japón,733.83220122,Asia,,Japón
2007-01-01,Asia. Japón,678.12793751,Asia,,Japón
2007-02-01,Asia. Japón,502.86420974,Asia,,Japón
2007-03-01,Asia. Japón,700.88569208,Asia,,Japón
2007-04-01,Asia. Japón,587.51514264,Asia,,Japón
2007-05-01,Asia. Japón,572.95690058,Asia,,Japón
2007-06-01,Asia. Japón,714.22094132,Asia,,Japón
2007-07-01,Asia. Japón,524.91795693,Asia,,Japón
2007-08-01,Asia. Japón,586.79992071,Asia,,Japón
2007-09-01,Asia. Japón,626.00891599,Asia,,Japón
2007-10-01,Asia. Japón,669.2655795,Asia,,Japón
2007-11-01,Asia. Japón,644.79761461,Asia,,Japón
2007-12-01,Asia. Japón,707.90265714,Asia,,Japón
2008-01-01,Asia. Japón,729.40583288,Asia,,Japón
2008-02-01,Asia. Japón,660.76662274,Asia,,Japón
2008-03-01,Asia. Japón,758.09614431,Asia,,Japón
2008-04-01,Asia. Japón,532.33594718,Asia,,Japón
2008-05-01,Asia. Japón,505.00325243,Asia,,Japón
2008-06-01,Asia. Japón,551.91665209,Asia,,Japón
2008-07-01,Asia. Japón,432.28474024,Asia,,Japón
2008-08-01,Asia. Japón,450.65776316,Asia,,Japón
2008-09-01,Asia. Japón,324.56627175,Asia,,Japón
2008-10-01,Asia. Japón,438.68750271,Asia,,Japón
2008-11-01,Asia. Japón,394.09734938,Asia,,Japón
2008-12-01,Asia. Japón,562.68777696,Asia,,Japón
2009-01-01,Asia. Japón,416.30788512,Asia,,Japón
2009-02-01,Asia. Japón,300.54463584,Asia,,Japón
2009-03-01,Asia. Japón,439.00842307,Asia,,Japón
2009-04-01,Asia. Japón,336.50033661,Asia,,Japón
2009-05-01,Asia. Japón,392.30820989,Asia,,Japón
2009-06-01,Asia. Japón,393.80331782,Asia,,Japón
2009-07-01,Asia. Japón,433.83808977,Asia,,Japón
2009-08-01,Asia. Japón,353.24845741,Asia,,Japón
2009-09-01,Asia. Japón,341.9170867,Asia,,Japón
2009-10-01,Asia. Japón,484.84285379,Asia,,Japón
2009-11-01,Asia. Japón,636.53133769,Asia,,Japón
2009-12-01,Asia. Japón,574.45376868,Asia,,Japón
2010-01-01,Asia. Japón,542.66553164,Asia,,Japón
2010-02-01,Asia. Japón,363.52242677,Asia,,Japón
2010-03-01,Asia. Japón,548.54009645,Asia,,Japón
2010-04-01,Asia. Japón,676.33811621,Asia,,Japón
2010-05-01,Asia. Japón,635.98790436,Asia,,Japón
2010-06-01,Asia. Japón,402.48519715,Asia,,Japón
2010-07-01,Asia. Japón,702.11268908,Asia,,Japón
2010-08-01,Asia. Japón,864.05444278,Asia,,Japón
2010-09-01,Asia. Japón,741.33480572,Asia,,Japón
2010-10-01,Asia. Japón,557.39923187,Asia,,Japón
2010-11-01,Asia. Japón,831.18369474,Asia,,Japón
2010-12-01,Asia. Japón,854.12517609,Asia,,Japón
2011-01-01,Asia. Japón,930.08113184,Asia,,Japón
2011-02-01,Asia. Japón,634.86607466,Asia,,Japón
2011-03-01,Asia. Japón,703.46002153,Asia,,Japón
2011-04-01,Asia. Japón,822.93009494,Asia,,Japón
2011-05-01,Asia. Japón,871.3429457,Asia,,Japón
2011-06-01,Asia. Japón,697.59603229,Asia,,Japón
2011-07-01,Asia. Japón,644.9518834,Asia,,Japón
2011-08-01,Asia. Japón,591.23522954,Asia,,Japón
2011-09-01,Asia. Japón,608.15442393,Asia,,Japón
2011-10-01,Asia. Japón,853.76760217,Asia,,Japón
2011-11-01,Asia. Japón,888.82870012,Asia,,Japón
2011-12-01,Asia. Japón,867.38698225,Asia,,Japón
2012-01-01,Asia. Japón,694.87872321,Asia,,Japón
2012-02-01,Asia. Japón,710.31853074,Asia,,Japón
2012-03-01,Asia. Japón,806.54508115,Asia,,Japón
2012-04-01,Asia. Japón,754.89207993,Asia,,Japón
2012-05-01,Asia. Japón,677.78464555,Asia,,Japón
2012-06-01,Asia. Japón,793.30743425,Asia,,Japón
2012-07-01,Asia. Japón,731.52323463,Asia,,Japón
2012-08-01,Asia. Japón,537.88885734,Asia,,Japón
2012-09-01,Asia. Japón,583.45051793,Asia,,Japón
2012-10-01,Asia. Japón,802.69768501,Asia,,Japón
2012-11-01,Asia. Japón,631.58730957,Asia,,Japón
2012-12-01,Asia. Japón,601.7880046,Asia,,Japón
2013-01-01,Asia. Japón,709.84853336,Asia,,Japón
2013-02-01,Asia. Japón,524.45617847,Asia,,Japón
2013-03-01,Asia. Japón,744.59805106,Asia,,Japón
2013-04-01,Asia. Japón,513.50455647,Asia,,Japón
2013-05-01,Asia. Japón,609.9668903,Asia,,Japón
2013-06-01,Asia. Japón,738.91544038,Asia,,Japón
2013-07-01,Asia. Japón,688.40901395,Asia,,Japón
2013-08-01,Asia. Japón,518.710713,Asia,,Japón
2013-09-01,Asia. Japón,558.42464028,Asia,,Japón
2013-10-01,Asia. Japón,660.02851324,Asia,,Japón
2013-11-01,Asia. Japón,469.95242975,Asia,,Japón
2013-12-01,Asia. Japón,750.18359224,Asia,,Japón
2014-01-01,Asia. Japón,569.803720358396,Asia,,Japón
2014-02-01,Asia. Japón,639.588386620678,Asia,,Japón
2014-03-01,Asia. Japón,835.054901664813,Asia,,Japón
2014-04-01,Asia. Japón,606.39826683,Asia,,Japón
2014-05-01,Asia. Japón,747.288536007243,Asia,,Japón
2014-06-01,Asia. Japón,473.658153352216,Asia,,Japón
2014-07-01,Asia. Japón,706.23800223,Asia,,Japón
2014-08-01,Asia. Japón,530.866684542881,Asia,,Japón
2014-09-01,Asia. Japón,411.642598593857,Asia,,Japón
2014-10-01,Asia. Japón,498.248077685784,Asia,,Japón
2014-11-01,Asia. Japón,629.459723987334,Asia,,Japón
2014-12-01,Asia. Japón,704.94188832501,Asia,,Japón
2015-01-01,Asia. Japón,620.53020701,Asia,,Japón
2015-02-01,Asia. Japón,449.33923396,Asia,,Japón
2015-03-01,Asia. Japón,565.75962406,Asia,,Japón
2015-04-01,Asia. Japón,471.29125689,Asia,,Japón
2015-05-01,Asia. Japón,395.97295903,Asia,,Japón
2015-06-01,Asia. Japón,474.65212333,Asia,,Japón
2015-07-01,Asia. Japón,351.94061985,Asia,,Japón
2015-08-01,Asia. Japón,339.69517179,Asia,,Japón
2015-09-01,Asia. Japón,338.74670488,Asia,,Japón
2015-10-01,Asia. Japón,301.11030253,Asia,,Japón
2015-11-01,Asia. Japón,411.41697127,Asia,,Japón
2015-12-01,Asia. Japón,558.28673809,Asia,,Japón
2016-01-01,Asia. Japón,485.38971907,Asia,,Japón
2016-02-01,Asia. Japón,411.54263876,Asia,,Japón
2016-03-01,Asia. Japón,411.72289397,Asia,,Japón
2016-04-01,Asia. Japón,415.90580039,Asia,,Japón
2016-05-01,Asia. Japón,379.50518463,Asia,,Japón
2016-06-01,Asia. Japón,403.96565561,Asia,,Japón
2016-07-01,Asia. Japón,340.38821626,Asia,,Japón
2016-08-01,Asia. Japón,432.10351552,Asia,,Japón
2016-09-01,Asia. Japón,334.52828689,Asia,,Japón
2016-10-01,Asia. Japón,402.27222464,Asia,,Japón
2016-11-01,Asia. Japón,575.0292156,Asia,,Japón
2016-12-01,Asia. Japón,590.59182993,Asia,,Japón
2017-01-01,Asia. Japón,610.79067083,Asia,,Japón
2017-02-01,Asia. Japón,397.85502836,Asia,,Japón
2017-03-01,Asia. Japón,521.7488046,Asia,,Japón
2017-04-01,Asia. Japón,476.06717652,Asia,,Japón
2017-05-01,Asia. Japón,505.75058409,Asia,,Japón
2017-06-01,Asia. Japón,574.77586669,Asia,,Japón
2017-07-01,Asia. Japón,443.17254096,Asia,,Japón
2017-08-01,Asia. Japón,594.6978588,Asia,,Japón
2017-09-01,Asia. Japón,408.22406955,Asia,,Japón
2017-10-01,Asia. Japón,473.88984778,Asia,,Japón
2017-11-01,Asia. Japón,587.31140689,Asia,,Japón
2017-12-01,Asia. Japón,757.73052103,Asia,,Japón
2018-01-01,Asia. Japón,583.00706945,Asia,,Japón
2018-02-01,Asia. Japón,631.19849057,Asia,,Japón
2018-03-01,Asia. Japón,664.90748788,Asia,,Japón
2018-04-01,Asia. Japón,473.18511743,Asia,,Japón
2018-05-01,Asia. Japón,508.12119488,Asia,,Japón
2018-06-01,Asia. Japón,553.38152256,Asia,,Japón
2018-07-01,Asia. Japón,504.25234967,Asia,,Japón
2018-08-01,Asia. Japón,558.99087088,Asia,,Japón
2018-09-01,Asia. Japón,558.75003526,Asia,,Japón
2018-10-01,Asia. Japón,563.59327576,Asia,,Japón
2018-11-01,Asia. Japón,573.91528157,Asia,,Japón
2018-12-01,Asia. Japón,682.98508574,Asia,,Japón
2019-01-01,Asia. Japón,718.72377919,Asia,,Japón
2019-02-01,Asia. Japón,449.0766327,Asia,,Japón
2019-03-01,Asia. Japón,772.94054306,Asia,,Japón
2019-04-01,Asia. Japón,477.47298152,Asia,,Japón
2019-05-01,Asia. Japón,396.26422513,Asia,,Japón
2019-06-01,Asia. Japón,444.26382366,Asia,,Japón
2019-07-01,Asia. Japón,529.88177445,Asia,,Japón
2019-08-01,Asia. Japón,464.28389015,Asia,,Japón
2019-09-01,Asia. Japón,337.17996137,Asia,,Japón
2019-10-01,Asia. Japón,528.31255748,Asia,,Japón
2019-11-01,Asia. Japón,416.52195882,Asia,,Japón
2019-12-01,Asia. Japón,690.59614195,Asia,,Japón
2020-01-01,Asia. Japón,609.25460143,Asia,,Japón
2020-02-01,Asia. Japón,504.45670042,Asia,,Japón
2020-03-01,Asia. Japón,521.96564005,Asia,,Japón
2020-04-01,Asia. Japón,546.86403185,Asia,,Japón
2020-05-01,Asia. Japón,459.77221851,Asia,,Japón
2020-06-01,Asia. Japón,551.6361474,Asia,,Japón
2020-07-01,Asia. Japón,564.41760085,Asia,,Japón
2020-08-01,Asia. Japón,521.32130496,Asia,,Japón
2020-09-01,Asia. Japón,435.64261326,Asia,,Japón
2020-10-01,Asia. Japón,569.21352128,Asia,,Japón
2020-11-01,Asia. Japón,643.67888393,Asia,,Japón
2020-12-01,Asia. Japón,694.97073848,Asia,,Japón
2021-01-01,Asia. Japón,581.0134810803,Asia,,Japón
2021-02-01,Asia. Japón,641.755202171898,Asia,,Japón
2021-03-01,Asia. Japón,380.163782174904,Asia,,Japón
2021-04-01,Asia. Japón,729.298145582864,Asia,,Japón
2021-05-01,Asia. Japón,591.410299026793,Asia,,Japón
2021-06-01,Asia. Japón,583.480022803089,Asia,,Japón
2021-07-01,Asia. Japón,830.281000174563,Asia,,Japón
2021-08-01,Asia. Japón,525.264535231572,Asia,,Japón
2021-09-01,Asia. Japón,370.561798511375,Asia,,Japón
2021-10-01,Asia. Japón,619.546369168932,Asia,,Japón
2021-11-01,Asia. Japón,626.007840160039,Asia,,Japón
2021-12-01,Asia. Japón,707.426158009756,Asia,,Japón
2022-01-01,Asia. Japón,767.29801843,Asia,,Japón
2022-02-01,Asia. Japón,461.84233855,Asia,,Japón
2022-03-01,Asia. Japón,689.72859259,Asia,,Japón
2022-04-01,Asia. Japón,568.43156547,Asia,,Japón
2022-05-01,Asia. Japón,478.51635881,Asia,,Japón
2022-06-01,Asia. Japón,450.59724895,Asia,,Japón
2022-07-01,Asia. Japón,437.05739271,Asia,,Japón
2022-08-01,Asia. Japón,634.20472748,Asia,,Japón
2022-09-01,Asia. Japón,772.03253885,Asia,,Japón
2022-10-01,Asia. Japón,741.72211538,Asia,,Japón
2022-11-01,Asia. Japón,724.20484801,Asia,,Japón
2022-12-01,Asia. Japón,761.34633653,Asia,,Japón
2023-01-01,Asia. Japón,521.75385675,Asia,,Japón
2023-02-01,Asia. Japón,746.46830369,Asia,,Japón
2023-03-01,Asia. Japón,505.66040102,Asia,,Japón
2023-04-01,Asia. Japón,668.04615479,Asia,,Japón
2023-05-01,Asia. Japón,529.55686445,Asia,,Japón
2023-06-01,Asia. Japón,568.99223837,Asia,,Japón
2023-07-01,Asia. Japón,463.0946066,Asia,,Japón
2023-08-01,Asia. Japón,535.3557378,Asia,,Japón
2023-09-01,Asia. Japón,400.01973297,Asia,,Japón
2023-10-01,Asia. Japón,515.75451664,Asia,,Japón
2023-11-01,Asia. Japón,683.99725467,Asia,,Japón
2023-12-01,Asia. Japón,698.45259127,Asia,,Japón
2024-01-01,Asia. Japón,828.31467339,Asia,,Japón
2024-02-01,Asia. Japón,653.46279539,Asia,,Japón
2024-03-01,Asia. Japón,777.03927807,Asia,,Japón
2024-04-01,Asia. Japón,652.21221835,Asia,,Japón
2024-05-01,Asia. Japón,427.86520589,Asia,,Japón
2024-06-01,Asia. Japón,603.38013392,Asia,,Japón
2024-07-01,Asia. Japón,691.10969766,Asia,,Japón
2024-08-01,Asia. Japón,709.13728002,Asia,,Japón
2024-09-01,Asia. Japón,696.26610185,Asia,,Japón
2024-10-01,Asia. Japón,940.92727393,Asia,,Japón
2024-11-01,Asia. Japón,479.44551348,Asia,,Japón
2024-12-01,Asia. Japón,900.8359309,Asia,,Japón
2025-01-01,Asia. Japón,847.9056509,Asia,,Japón
2025-02-01,Asia. Japón,707.79212646,Asia,,Japón
2025-03-01,Asia. Japón,811.36641197,Asia,,Japón
2025-04-01,Asia. Japón,823.70994317,Asia,,Japón
2025-05-01,Asia. Japón,692.72587252,Asia,,Japón
2025-06-01,Asia. Japón,606.35786825,Asia,,Japón
2025-07-01,Asia. Japón,916.47047464,Asia,,Japón
2025-08-01,Asia. Japón,590.33491498,Asia,,Japón
2025-09-01,Asia. Japón,519.31115945,Asia,,Japón
2025-10-01,Asia. Japón,775.13078677,Asia,,Japón
2025-11-01,Asia. Japón,648.45622947,Asia,,Japón
2025-12-01,Asia. Japón,995.9917201,Asia,,Japón
2026-01-01,Asia. Japón,992.50083067,Asia,,Japón
2026-02-01,Asia. Japón,654.7127386,Asia,,Japón
2026-03-01,Asia. Japón,837.11519988,Asia,,Japón
2026-04-01,Asia. Japón,952.59467869,Asia,,Japón
2026-05-01,Asia. Japón,722.31491272,Asia,,Japón
2026-06-01,Asia. Japón,861.54818411,Asia,,Japón
2003-01-01,Asia. Corea del Sur,60.436042396,Asia,,Corea del Sur
2003-02-01,Asia. Corea del Sur,94.00980806,Asia,,Corea del Sur
2003-03-01,Asia. Corea del Sur,89.76580713,Asia,,Corea del Sur
2003-04-01,Asia. Corea del Sur,81.339976372,Asia,,Corea del Sur
2003-05-01,Asia. Corea del Sur,71.61786106,Asia,,Corea del Sur
2003-06-01,Asia. Corea del Sur,101.0011973,Asia,,Corea del Sur
2003-07-01,Asia. Corea del Sur,90.775234017,Asia,,Corea del Sur
2003-08-01,Asia. Corea del Sur,97.883160515,Asia,,Corea del Sur
2003-09-01,Asia. Corea del Sur,108.69815955,Asia,,Corea del Sur
2003-10-01,Asia. Corea del Sur,72.26066562,Asia,,Corea del Sur
2003-11-01,Asia. Corea del Sur,119.21130894,Asia,,Corea del Sur
2003-12-01,Asia. Corea del Sur,103.57818124,Asia,,Corea del Sur
2004-01-01,Asia. Corea del Sur,131.84301715,Asia,,Corea del Sur
2004-02-01,Asia. Corea del Sur,201.31759888,Asia,,Corea del Sur
2004-03-01,Asia. Corea del Sur,146.18225451,Asia,,Corea del Sur
2004-04-01,Asia. Corea del Sur,162.57777701,Asia,,Corea del Sur
2004-05-01,Asia. Corea del Sur,199.18102315,Asia,,Corea del Sur
2004-06-01,Asia. Corea del Sur,117.56616194,Asia,,Corea del Sur
2004-07-01,Asia. Corea del Sur,178.97834589,Asia,,Corea del Sur
2004-08-01,Asia. Corea del Sur,148.51020603,Asia,,Corea del Sur
2004-09-01,Asia. Corea del Sur,141.76226163,Asia,,Corea del Sur
2004-10-01,Asia. Corea del Sur,124.42291205,Asia,,Corea del Sur
2004-11-01,Asia. Corea del Sur,168.36548616,Asia,,Corea del Sur
2004-12-01,Asia. Corea del Sur,163.06423189,Asia,,Corea del Sur
2005-01-01,Asia. Corea del Sur,145.82959439,Asia,,Corea del Sur
2005-02-01,Asia. Corea del Sur,187.18044708,Asia,,Corea del Sur
2005-03-01,Asia. Corea del Sur,182.49951017,Asia,,Corea del Sur
2005-04-01,Asia. Corea del Sur,192.96937633,Asia,,Corea del Sur
2005-05-01,Asia. Corea del Sur,172.78798472,Asia,,Corea del Sur
2005-06-01,Asia. Corea del Sur,175.20598961,Asia,,Corea del Sur
2005-07-01,Asia. Corea del Sur,193.10236532,Asia,,Corea del Sur
2005-08-01,Asia. Corea del Sur,187.4418833,Asia,,Corea del Sur
2005-09-01,Asia. Corea del Sur,191.44931135,Asia,,Corea del Sur
2005-10-01,Asia. Corea del Sur,278.81400994,Asia,,Corea del Sur
2005-11-01,Asia. Corea del Sur,293.98202886,Asia,,Corea del Sur
2005-12-01,Asia. Corea del Sur,277.85837581,Asia,,Corea del Sur
2006-01-01,Asia. Corea del Sur,216.30836433,Asia,,Corea del Sur
2006-02-01,Asia. Corea del Sur,283.36355157,Asia,,Corea del Sur
2006-03-01,Asia. Corea del Sur,385.61933915,Asia,,Corea del Sur
2006-04-01,Asia. Corea del Sur,340.66503842,Asia,,Corea del Sur
2006-05-01,Asia. Corea del Sur,186.08039524,Asia,,Corea del Sur
2006-06-01,Asia. Corea del Sur,459.78467976,Asia,,Corea del Sur
2006-07-01,Asia. Corea del Sur,293.5942558,Asia,,Corea del Sur
2006-08-01,Asia. Corea del Sur,290.96579168,Asia,,Corea del Sur
2006-09-01,Asia. Corea del Sur,351.78652786,Asia,,Corea del Sur
2006-10-01,Asia. Corea del Sur,269.97419355,Asia,,Corea del Sur
2006-11-01,Asia. Corea del Sur,243.32487011,Asia,,Corea del Sur
2006-12-01,Asia. Corea del Sur,412.37248101,Asia,,Corea del Sur
2007-01-01,Asia. Corea del Sur,327.15643278,Asia,,Corea del Sur
2007-02-01,Asia. Corea del Sur,293.15687307,Asia,,Corea del Sur
2007-03-01,Asia. Corea del Sur,309.77057703,Asia,,Corea del Sur
2007-04-01,Asia. Corea del Sur,381.47776941,Asia,,Corea del Sur
2007-05-01,Asia. Corea del Sur,368.2397591,Asia,,Corea del Sur
2007-06-01,Asia. Corea del Sur,308.94976513,Asia,,Corea del Sur
2007-07-01,Asia. Corea del Sur,375.71493485,Asia,,Corea del Sur
2007-08-01,Asia. Corea del Sur,318.39012699,Asia,,Corea del Sur
2007-09-01,Asia. Corea del Sur,270.46872963,Asia,,Corea del Sur
2007-10-01,Asia. Corea del Sur,322.70348021,Asia,,Corea del Sur
2007-11-01,Asia. Corea del Sur,268.39857571,Asia,,Corea del Sur
2007-12-01,Asia. Corea del Sur,519.15357063,Asia,,Corea del Sur
2008-01-01,Asia. Corea del Sur,275.7650138,Asia,,Corea del Sur
2008-02-01,Asia. Corea del Sur,351.89308258,Asia,,Corea del Sur
2008-03-01,Asia. Corea del Sur,349.17096132,Asia,,Corea del Sur
2008-04-01,Asia. Corea del Sur,359.43053165,Asia,,Corea del Sur
2008-05-01,Asia. Corea del Sur,354.11433954,Asia,,Corea del Sur
2008-06-01,Asia. Corea del Sur,383.47902273,Asia,,Corea del Sur
2008-07-01,Asia. Corea del Sur,300.03859389,Asia,,Corea del Sur
2008-08-01,Asia. Corea del Sur,239.69824033,Asia,,Corea del Sur
2008-09-01,Asia. Corea del Sur,196.03065482,Asia,,Corea del Sur
2008-10-01,Asia. Corea del Sur,150.09281768,Asia,,Corea del Sur
2008-11-01,Asia. Corea del Sur,143.86186869,Asia,,Corea del Sur
2008-12-01,Asia. Corea del Sur,220.01881631,Asia,,Corea del Sur
2009-01-01,Asia. Corea del Sur,186.10268099,Asia,,Corea del Sur
2009-02-01,Asia. Corea del Sur,172.64725765,Asia,,Corea del Sur
2009-03-01,Asia. Corea del Sur,195.70652088,Asia,,Corea del Sur
2009-04-01,Asia. Corea del Sur,213.24777838,Asia,,Corea del Sur
2009-05-01,Asia. Corea del Sur,266.23152611,Asia,,Corea del Sur
2009-06-01,Asia. Corea del Sur,299.35855171,Asia,,Corea del Sur
2009-07-01,Asia. Corea del Sur,266.81853675,Asia,,Corea del Sur
2009-08-01,Asia. Corea del Sur,264.26452161,Asia,,Corea del Sur
2009-09-01,Asia. Corea del Sur,328.44203988,Asia,,Corea del Sur
2009-10-01,Asia. Corea del Sur,352.60164767,Asia,,Corea del Sur
2009-11-01,Asia. Corea del Sur,320.44151227,Asia,,Corea del Sur
2009-12-01,Asia. Corea del Sur,389.21715299,Asia,,Corea del Sur
2010-01-01,Asia. Corea del Sur,229.95964808,Asia,,Corea del Sur
2010-02-01,Asia. Corea del Sur,292.7203267,Asia,,Corea del Sur
2010-03-01,Asia. Corea del Sur,328.3267695,Asia,,Corea del Sur
2010-04-01,Asia. Corea del Sur,285.65788357,Asia,,Corea del Sur
2010-05-01,Asia. Corea del Sur,302.87051659,Asia,,Corea del Sur
2010-06-01,Asia. Corea del Sur,300.25197689,Asia,,Corea del Sur
2010-07-01,Asia. Corea del Sur,319.60581871,Asia,,Corea del Sur
2010-08-01,Asia. Corea del Sur,382.78979107,Asia,,Corea del Sur
2010-09-01,Asia. Corea del Sur,320.9342904,Asia,,Corea del Sur
2010-10-01,Asia. Corea del Sur,415.55860338,Asia,,Corea del Sur
2010-11-01,Asia. Corea del Sur,462.0226395,Asia,,Corea del Sur
2010-12-01,Asia. Corea del Sur,584.5413578,Asia,,Corea del Sur
2011-01-01,Asia. Corea del Sur,315.67968789,Asia,,Corea del Sur
2011-02-01,Asia. Corea del Sur,394.29432793,Asia,,Corea del Sur
2011-03-01,Asia. Corea del Sur,502.64265403,Asia,,Corea del Sur
2011-04-01,Asia. Corea del Sur,362.21093905,Asia,,Corea del Sur
2011-05-01,Asia. Corea del Sur,371.07847604,Asia,,Corea del Sur
2011-06-01,Asia. Corea del Sur,379.7238971,Asia,,Corea del Sur
2011-07-01,Asia. Corea del Sur,330.66591376,Asia,,Corea del Sur
2011-08-01,Asia. Corea del Sur,323.80857927,Asia,,Corea del Sur
2011-09-01,Asia. Corea del Sur,347.41489926,Asia,,Corea del Sur
2011-10-01,Asia. Corea del Sur,421.43174273,Asia,,Corea del Sur
2011-11-01,Asia. Corea del Sur,283.78434396,Asia,,Corea del Sur
2011-12-01,Asia. Corea del Sur,414.24521029,Asia,,Corea del Sur
2012-01-01,Asia. Corea del Sur,382.74066186,Asia,,Corea del Sur
2012-02-01,Asia. Corea del Sur,404.11567968,Asia,,Corea del Sur
2012-03-01,Asia. Corea del Sur,443.31230216,Asia,,Corea del Sur
2012-04-01,Asia. Corea del Sur,383.28065976,Asia,,Corea del Sur
2012-05-01,Asia. Corea del Sur,385.67650828,Asia,,Corea del Sur
2012-06-01,Asia. Corea del Sur,380.1915697,Asia,,Corea del Sur
2012-07-01,Asia. Corea del Sur,376.46155886,Asia,,Corea del Sur
2012-08-01,Asia. Corea del Sur,335.0132999,Asia,,Corea del Sur
2012-09-01,Asia. Corea del Sur,335.06607348,Asia,,Corea del Sur
2012-10-01,Asia. Corea del Sur,375.41720639,Asia,,Corea del Sur
2012-11-01,Asia. Corea del Sur,339.3707457,Asia,,Corea del Sur
2012-12-01,Asia. Corea del Sur,399.35378007,Asia,,Corea del Sur
2013-01-01,Asia. Corea del Sur,296.08863917,Asia,,Corea del Sur
2013-02-01,Asia. Corea del Sur,383.42515353,Asia,,Corea del Sur
2013-03-01,Asia. Corea del Sur,242.25357605,Asia,,Corea del Sur
2013-04-01,Asia. Corea del Sur,414.37302549,Asia,,Corea del Sur
2013-05-01,Asia. Corea del Sur,411.86341077,Asia,,Corea del Sur
2013-06-01,Asia. Corea del Sur,374.97908115,Asia,,Corea del Sur
2013-07-01,Asia. Corea del Sur,332.16095459,Asia,,Corea del Sur
2013-08-01,Asia. Corea del Sur,355.89641379,Asia,,Corea del Sur
2013-09-01,Asia. Corea del Sur,327.65030219,Asia,,Corea del Sur
2013-10-01,Asia. Corea del Sur,463.69057449,Asia,,Corea del Sur
2013-11-01,Asia. Corea del Sur,273.38826465,Asia,,Corea del Sur
2013-12-01,Asia. Corea del Sur,314.11926944,Asia,,Corea del Sur
2014-01-01,Asia. Corea del Sur,277.51244878082,Asia,,Corea del Sur
2014-02-01,Asia. Corea del Sur,440.47251846,Asia,,Corea del Sur
2014-03-01,Asia. Corea del Sur,435.556885351986,Asia,,Corea del Sur
2014-04-01,Asia. Corea del Sur,421.44695849,Asia,,Corea del Sur
2014-05-01,Asia. Corea del Sur,375.51110073,Asia,,Corea del Sur
2014-06-01,Asia. Corea del Sur,457.225864231118,Asia,,Corea del Sur
2014-07-01,Asia. Corea del Sur,463.75062276,Asia,,Corea del Sur
2014-08-01,Asia. Corea del Sur,348.218259448632,Asia,,Corea del Sur
2014-09-01,Asia. Corea del Sur,396.08281704,Asia,,Corea del Sur
2014-10-01,Asia. Corea del Sur,312.578603331108,Asia,,Corea del Sur
2014-11-01,Asia. Corea del Sur,309.213453982216,Asia,,Corea del Sur
2014-12-01,Asia. Corea del Sur,409.477976021259,Asia,,Corea del Sur
2015-01-01,Asia. Corea del Sur,381.70971516,Asia,,Corea del Sur
2015-02-01,Asia. Corea del Sur,415.7021369,Asia,,Corea del Sur
2015-03-01,Asia. Corea del Sur,465.14366714,Asia,,Corea del Sur
2015-04-01,Asia. Corea del Sur,373.34497698,Asia,,Corea del Sur
2015-05-01,Asia. Corea del Sur,324.16542496,Asia,,Corea del Sur
2015-06-01,Asia. Corea del Sur,293.40728734,Asia,,Corea del Sur
2015-07-01,Asia. Corea del Sur,296.30068005,Asia,,Corea del Sur
2015-08-01,Asia. Corea del Sur,265.95999591,Asia,,Corea del Sur
2015-09-01,Asia. Corea del Sur,279.37558435,Asia,,Corea del Sur
2015-10-01,Asia. Corea del Sur,245.35051055,Asia,,Corea del Sur
2015-11-01,Asia. Corea del Sur,319.57140181,Asia,,Corea del Sur
2015-12-01,Asia. Corea del Sur,335.22740978,Asia,,Corea del Sur
2016-01-01,Asia. Corea del Sur,354.823488,Asia,,Corea del Sur
2016-02-01,Asia. Corea del Sur,319.29425148,Asia,,Corea del Sur
2016-03-01,Asia. Corea del Sur,363.6454472,Asia,,Corea del Sur
2016-04-01,Asia. Corea del Sur,313.441549,Asia,,Corea del Sur
2016-05-01,Asia. Corea del Sur,444.985611,Asia,,Corea del Sur
2016-06-01,Asia. Corea del Sur,322.02797,Asia,,Corea del Sur
2016-07-01,Asia. Corea del Sur,378.1259137,Asia,,Corea del Sur
2016-08-01,Asia. Corea del Sur,370.44621004,Asia,,Corea del Sur
2016-09-01,Asia. Corea del Sur,305.39084001,Asia,,Corea del Sur
2016-10-01,Asia. Corea del Sur,292.28999102,Asia,,Corea del Sur
2016-11-01,Asia. Corea del Sur,340.337835,Asia,,Corea del Sur
2016-12-01,Asia. Corea del Sur,398.04694473,Asia,,Corea del Sur
2017-01-01,Asia. Corea del Sur,307.951706,Asia,,Corea del Sur
2017-02-01,Asia. Corea del Sur,277.240744,Asia,,Corea del Sur
2017-03-01,Asia. Corea del Sur,337.234186,Asia,,Corea del Sur
2017-04-01,Asia. Corea del Sur,320.264788,Asia,,Corea del Sur
2017-05-01,Asia. Corea del Sur,340.736543,Asia,,Corea del Sur
2017-06-01,Asia. Corea del Sur,377.65986,Asia,,Corea del Sur
2017-07-01,Asia. Corea del Sur,273.091705,Asia,,Corea del Sur
2017-08-01,Asia. Corea del Sur,448.205377,Asia,,Corea del Sur
2017-09-01,Asia. Corea del Sur,346.321514,Asia,,Corea del Sur
2017-10-01,Asia. Corea del Sur,341.493505,Asia,,Corea del Sur
2017-11-01,Asia. Corea del Sur,477.388855,Asia,,Corea del Sur
2017-12-01,Asia. Corea del Sur,396.989542,Asia,,Corea del Sur
2018-01-01,Asia. Corea del Sur,383.64695332,Asia,,Corea del Sur
2018-02-01,Asia. Corea del Sur,367.68761976,Asia,,Corea del Sur
2018-03-01,Asia. Corea del Sur,433.534688,Asia,,Corea del Sur
2018-04-01,Asia. Corea del Sur,425.32633707,Asia,,Corea del Sur
2018-05-01,Asia. Corea del Sur,343.62117973,Asia,,Corea del Sur
2018-06-01,Asia. Corea del Sur,363.41343458,Asia,,Corea del Sur
2018-07-01,Asia. Corea del Sur,356.53363013,Asia,,Corea del Sur
2018-08-01,Asia. Corea del Sur,271.90625199,Asia,,Corea del Sur
2018-09-01,Asia. Corea del Sur,268.82598664,Asia,,Corea del Sur
2018-10-01,Asia. Corea del Sur,328.43107825,Asia,,Corea del Sur
2018-11-01,Asia. Corea del Sur,324.03226961,Asia,,Corea del Sur
2018-12-01,Asia. Corea del Sur,420.55388205,Asia,,Corea del Sur
2019-01-01,Asia. Corea del Sur,404.07046924,Asia,,Corea del Sur
2019-02-01,Asia. Corea del Sur,388.18541057,Asia,,Corea del Sur
2019-03-01,Asia. Corea del Sur,450.24244804,Asia,,Corea del Sur
2019-04-01,Asia. Corea del Sur,451.62383667,Asia,,Corea del Sur
2019-05-01,Asia. Corea del Sur,522.29503356,Asia,,Corea del Sur
2019-06-01,Asia. Corea del Sur,371.79634181,Asia,,Corea del Sur
2019-07-01,Asia. Corea del Sur,361.74356085,Asia,,Corea del Sur
2019-08-01,Asia. Corea del Sur,438.71611369,Asia,,Corea del Sur
2019-09-01,Asia. Corea del Sur,277.31763787,Asia,,Corea del Sur
2019-10-01,Asia. Corea del Sur,216.64610794,Asia,,Corea del Sur
2019-11-01,Asia. Corea del Sur,284.40207204,Asia,,Corea del Sur
2019-12-01,Asia. Corea del Sur,327.167378,Asia,,Corea del Sur
2020-01-01,Asia. Corea del Sur,412.23978513,Asia,,Corea del Sur
2020-02-01,Asia. Corea del Sur,394.07787738,Asia,,Corea del Sur
2020-03-01,Asia. Corea del Sur,400.5932982,Asia,,Corea del Sur
2020-04-01,Asia. Corea del Sur,319.87813231,Asia,,Corea del Sur
2020-05-01,Asia. Corea del Sur,303.61910947,Asia,,Corea del Sur
2020-06-01,Asia. Corea del Sur,294.71878488,Asia,,Corea del Sur
2020-07-01,Asia. Corea del Sur,294.90995504,Asia,,Corea del Sur
2020-08-01,Asia. Corea del Sur,287.02512626,Asia,,Corea del Sur
2020-09-01,Asia. Corea del Sur,258.31759617,Asia,,Corea del Sur
2020-10-01,Asia. Corea del Sur,343.15506848,Asia,,Corea del Sur
2020-11-01,Asia. Corea del Sur,402.16503664,Asia,,Corea del Sur
2020-12-01,Asia. Corea del Sur,474.22496294,Asia,,Corea del Sur
2021-01-01,Asia. Corea del Sur,261.005560015195,Asia,,Corea del Sur
2021-02-01,Asia. Corea del Sur,308.749992546852,Asia,,Corea del Sur
2021-03-01,Asia. Corea del Sur,518.203741326369,Asia,,Corea del Sur
2021-04-01,Asia. Corea del Sur,491.815463735401,Asia,,Corea del Sur
2021-05-01,Asia. Corea del Sur,392.691367731654,Asia,,Corea del Sur
2021-06-01,Asia. Corea del Sur,339.578624369998,Asia,,Corea del Sur
2021-07-01,Asia. Corea del Sur,448.208850477306,Asia,,Corea del Sur
2021-08-01,Asia. Corea del Sur,233.859913489344,Asia,,Corea del Sur
2021-09-01,Asia. Corea del Sur,387.16488037,Asia,,Corea del Sur
2021-10-01,Asia. Corea del Sur,376.48434024826,Asia,,Corea del Sur
2021-11-01,Asia. Corea del Sur,615.99543973,Asia,,Corea del Sur
2021-12-01,Asia. Corea del Sur,487.474994126348,Asia,,Corea del Sur
2022-01-01,Asia. Corea del Sur,593.76699442,Asia,,Corea del Sur
2022-02-01,Asia. Corea del Sur,564.44229943,Asia,,Corea del Sur
2022-03-01,Asia. Corea del Sur,624.83373324,Asia,,Corea del Sur
2022-04-01,Asia. Corea del Sur,451.58774987,Asia,,Corea del Sur
2022-05-01,Asia. Corea del Sur,422.78578458,Asia,,Corea del Sur
2022-06-01,Asia. Corea del Sur,506.5889711,Asia,,Corea del Sur
2022-07-01,Asia. Corea del Sur,582.56634583,Asia,,Corea del Sur
2022-08-01,Asia. Corea del Sur,600.64218335,Asia,,Corea del Sur
2022-09-01,Asia. Corea del Sur,446.95053961,Asia,,Corea del Sur
2022-10-01,Asia. Corea del Sur,462.89869063,Asia,,Corea del Sur
2022-11-01,Asia. Corea del Sur,489.51054218,Asia,,Corea del Sur
2022-12-01,Asia. Corea del Sur,629.58078264,Asia,,Corea del Sur
2023-01-01,Asia. Corea del Sur,491.13359041,Asia,,Corea del Sur
2023-02-01,Asia. Corea del Sur,445.84960381,Asia,,Corea del Sur
2023-03-01,Asia. Corea del Sur,831.49735867,Asia,,Corea del Sur
2023-04-01,Asia. Corea del Sur,519.32003462,Asia,,Corea del Sur
2023-05-01,Asia. Corea del Sur,567.76101591,Asia,,Corea del Sur
2023-06-01,Asia. Corea del Sur,500.35467282,Asia,,Corea del Sur
2023-07-01,Asia. Corea del Sur,393.23196346,Asia,,Corea del Sur
2023-08-01,Asia. Corea del Sur,506.31546401,Asia,,Corea del Sur
2023-09-01,Asia. Corea del Sur,302.51980413,Asia,,Corea del Sur
2023-10-01,Asia. Corea del Sur,377.26129767,Asia,,Corea del Sur
2023-11-01,Asia. Corea del Sur,337.16572771,Asia,,Corea del Sur
2023-12-01,Asia. Corea del Sur,424.80215894,Asia,,Corea del Sur
2024-01-01,Asia. Corea del Sur,605.80986599,Asia,,Corea del Sur
2024-02-01,Asia. Corea del Sur,334.19238311,Asia,,Corea del Sur
2024-03-01,Asia. Corea del Sur,392.18256593,Asia,,Corea del Sur
2024-04-01,Asia. Corea del Sur,461.6459815,Asia,,Corea del Sur
2024-05-01,Asia. Corea del Sur,386.563578,Asia,,Corea del Sur
2024-06-01,Asia. Corea del Sur,356.13563003,Asia,,Corea del Sur
2024-07-01,Asia. Corea del Sur,424.84164931,Asia,,Corea del Sur
2024-08-01,Asia. Corea del Sur,390.73067302,Asia,,Corea del Sur
2024-09-01,Asia. Corea del Sur,296.64259884,Asia,,Corea del Sur
2024-10-01,Asia. Corea del Sur,273.97995777,Asia,,Corea del Sur
2024-11-01,Asia. Corea del Sur,312.63545132,Asia,,Corea del Sur
2024-12-01,Asia. Corea del Sur,317.65973843,Asia,,Corea del Sur
2025-01-01,Asia. Corea del Sur,417.84198393,Asia,,Corea del Sur
2025-02-01,Asia. Corea del Sur,406.4930048,Asia,,Corea del Sur
2025-03-01,Asia. Corea del Sur,361.11099582,Asia,,Corea del Sur
2025-04-01,Asia. Corea del Sur,439.76189147,Asia,,Corea del Sur
2025-05-01,Asia. Corea del Sur,379.41945538,Asia,,Corea del Sur
2025-06-01,Asia. Corea del Sur,490.61133626,Asia,,Corea del Sur
2025-07-01,Asia. Corea del Sur,465.52658627,Asia,,Corea del Sur
2025-08-01,Asia. Corea del Sur,403.17757265,Asia,,Corea del Sur
2025-09-01,Asia. Corea del Sur,443.49241965,Asia,,Corea del Sur
2025-10-01,Asia. Corea del Sur,546.97384079,Asia,,Corea del Sur
2025-11-01,Asia. Corea del Sur,328.14440242,Asia,,Corea del Sur
2025-12-01,Asia. Corea del Sur,504.82425877,Asia,,Corea del Sur
2026-01-01,Asia. Corea del Sur,582.84032966,Asia,,Corea del Sur
2026-02-01,Asia. Corea del Sur,568.0709962,Asia,,Corea del Sur
2026-03-01,Asia. Corea del Sur,469.57124415,Asia,,Corea del Sur
2026-04-01,Asia. Corea del Sur,558.78846363,Asia,,Corea del Sur
2026-05-01,Asia. Corea del Sur,671.9204697,Asia,,Corea del Sur
2026-06-01,Asia. Corea del Sur,419.40093549,Asia,,Corea del Sur
