periodo,origen,importaciones_musd,continente,subregion,pais
2003-01-01,América. América del Norte. Estados Unidos,252.360776707508,América,América del Norte,Estados Unidos
2003-02-01,América. América del Norte. Estados Unidos,191.000260343012,América,América del Norte,Estados Unidos
2003-03-01,América. América del Norte. Estados Unidos,207.861548778543,América,América del Norte,Estados Unidos
2003-04-01,América. América del Norte. Estados Unidos,233.425083971367,América,América del Norte,Estados Unidos
2003-05-01,América. América del Norte. Estados Unidos,265.602056396773,América,América del Norte,Estados Unidos
2003-06-01,América. América del Norte. Estados Unidos,214.067299636436,América,América del Norte,Estados Unidos
2003-07-01,América. América del Norte. Estados Unidos,235.763164243506,América,América del Norte,Estados Unidos
2003-08-01,América. América del Norte. Estados Unidos,259.122800310757,América,América del Norte,Estados Unidos
2003-09-01,América. América del Norte. Estados Unidos,240.015816797557,América,América del Norte,Estados Unidos
2003-10-01,América. América del Norte. Estados Unidos,252.547512571785,América,América del Norte,Estados Unidos
2003-11-01,América. América del Norte. Estados Unidos,227.81725875681,América,América del Norte,Estados Unidos
2003-12-01,América. América del Norte. Estados Unidos,184.91988467669,América,América del Norte,Estados Unidos
2004-01-01,América. América del Norte. Estados Unidos,241.488675132682,América,América del Norte,Estados Unidos
2004-02-01,América. América del Norte. Estados Unidos,225.04027909558,América,América del Norte,Estados Unidos
2004-03-01,América. América del Norte. Estados Unidos,276.079805027872,América,América del Norte,Estados Unidos
2004-04-01,América. América del Norte. Estados Unidos,266.685047978712,América,América del Norte,Estados Unidos
2004-05-01,América. América del Norte. Estados Unidos,297.592908253082,América,América del Norte,Estados Unidos
2004-06-01,América. América del Norte. Estados Unidos,284.07857500521,América,América del Norte,Estados Unidos
2004-07-01,América. América del Norte. Estados Unidos,344.753912962602,América,América del Norte,Estados Unidos
2004-08-01,América. América del Norte. Estados Unidos,298.793296809079,América,América del Norte,Estados Unidos
2004-09-01,América. América del Norte. Estados Unidos,307.949046647496,América,América del Norte,Estados Unidos
2004-10-01,América. América del Norte. Estados Unidos,339.991885778025,América,América del Norte,Estados Unidos
2004-11-01,América. América del Norte. Estados Unidos,329.435651413488,América,América del Norte,Estados Unidos
2004-12-01,América. América del Norte. Estados Unidos,316.427667654234,América,América del Norte,Estados Unidos
2005-01-01,América. América del Norte. Estados Unidos,332.503101333839,América,América del Norte,Estados Unidos
2005-02-01,América. América del Norte. Estados Unidos,332.280730542563,América,América del Norte,Estados Unidos
2005-03-01,América. América del Norte. Estados Unidos,462.288156407122,América,América del Norte,Estados Unidos
2005-04-01,América. América del Norte. Estados Unidos,491.359200327776,América,América del Norte,Estados Unidos
2005-05-01,América. América del Norte. Estados Unidos,520.196390377918,América,América del Norte,Estados Unidos
2005-06-01,América. América del Norte. Estados Unidos,415.735233260466,América,América del Norte,Estados Unidos
2005-07-01,América. América del Norte. Estados Unidos,517.247571557022,América,América del Norte,Estados Unidos
2005-08-01,América. América del Norte. Estados Unidos,439.935803527912,América,América del Norte,Estados Unidos
2005-09-01,América. América del Norte. Estados Unidos,370.856234495061,América,América del Norte,Estados Unidos
2005-10-01,América. América del Norte. Estados Unidos,382.452940469235,América,América del Norte,Estados Unidos
2005-11-01,América. América del Norte. Estados Unidos,443.288615774031,América,América del Norte,Estados Unidos
2005-12-01,América. América del Norte. Estados Unidos,372.085216367763,América,América del Norte,Estados Unidos
2006-01-01,América. América del Norte. Estados Unidos,409.777785271105,América,América del Norte,Estados Unidos
2006-02-01,América. América del Norte. Estados Unidos,350.493364523819,América,América del Norte,Estados Unidos
2006-03-01,América. América del Norte. Estados Unidos,571.332342522862,América,América del Norte,Estados Unidos
2006-04-01,América. América del Norte. Estados Unidos,391.633379030265,América,América del Norte,Estados Unidos
2006-05-01,América. América del Norte. Estados Unidos,561.576609121859,América,América del Norte,Estados Unidos
2006-06-01,América. América del Norte. Estados Unidos,685.81566707063,América,América del Norte,Estados Unidos
2006-07-01,América. América del Norte. Estados Unidos,580.615823061451,América,América del Norte,Estados Unidos
2006-08-01,América. América del Norte. Estados Unidos,530.770057883451,América,América del Norte,Estados Unidos
2006-09-01,América. América del Norte. Estados Unidos,426.100949560628,América,América del Norte,Estados Unidos
2006-10-01,América. América del Norte. Estados Unidos,550.311742625695,América,América del Norte,Estados Unidos
2006-11-01,América. América del Norte. Estados Unidos,534.706473148597,América,América del Norte,Estados Unidos
2006-12-01,América. América del Norte. Estados Unidos,524.586296355509,América,América del Norte,Estados Unidos
2007-01-01,América. América del Norte. Estados Unidos,418.719226710403,América,América del Norte,Estados Unidos
2007-02-01,América. América del Norte. Estados Unidos,495.197631317251,América,América del Norte,Estados Unidos
2007-03-01,América. América del Norte. Estados Unidos,638.611287313696,América,América del Norte,Estados Unidos
2007-04-01,América. América del Norte. Estados Unidos,532.566326304594,América,América del Norte,Estados Unidos
2007-05-01,América. América del Norte. Estados Unidos,676.97825973335,América,América del Norte,Estados Unidos
2007-06-01,América. América del Norte. Estados Unidos,597.527634116336,América,América del Norte,Estados Unidos
2007-07-01,América. América del Norte. Estados Unidos,774.938531170433,América,América del Norte,Estados Unidos
2007-08-01,América. América del Norte. Estados Unidos,857.628700022093,América,América del Norte,Estados Unidos
2007-09-01,América. América del Norte. Estados Unidos,529.145087846445,América,América del Norte,Estados Unidos
2007-10-01,América. América del Norte. Estados Unidos,709.175265174322,América,América del Norte,Estados Unidos
2007-11-01,América. América del Norte. Estados Unidos,873.881122786497,América,América del Norte,Estados Unidos
2007-12-01,América. América del Norte. Estados Unidos,699.271767331281,América,América del Norte,Estados Unidos
2008-01-01,América. América del Norte. Estados Unidos,810.29004203716,América,América del Norte,Estados Unidos
2008-02-01,América. América del Norte. Estados Unidos,754.34571230744,América,América del Norte,Estados Unidos
2008-03-01,América. América del Norte. Estados Unidos,993.182000554563,América,América del Norte,Estados Unidos
2008-04-01,América. América del Norte. Estados Unidos,1092.29960254629,América,América del Norte,Estados Unidos
2008-05-01,América. América del Norte. Estados Unidos,1183.98096065197,América,América del Norte,Estados Unidos
2008-06-01,América. América del Norte. Estados Unidos,1401.28490312027,América,América del Norte,Estados Unidos
2008-07-01,América. América del Norte. Estados Unidos,1239.63738077379,América,América del Norte,Estados Unidos
2008-08-01,América. América del Norte. Estados Unidos,963.692961914795,América,América del Norte,Estados Unidos
2008-09-01,América. América del Norte. Estados Unidos,942.210152837921,América,América del Norte,Estados Unidos
2008-10-01,América. América del Norte. Estados Unidos,967.992154891109,América,América del Norte,Estados Unidos
2008-11-01,América. América del Norte. Estados Unidos,825.606576990444,América,América del Norte,Estados Unidos
2008-12-01,América. América del Norte. Estados Unidos,644.75978707228,América,América del Norte,Estados Unidos
2009-01-01,América. América del Norte. Estados Unidos,613.72499142908,América,América del Norte,Estados Unidos
2009-02-01,América. América del Norte. Estados Unidos,610.192973591047,América,América del Norte,Estados Unidos
2009-03-01,América. América del Norte. Estados Unidos,539.32483048225,América,América del Norte,Estados Unidos
2009-04-01,América. América del Norte. Estados Unidos,614.997593960744,América,América del Norte,Estados Unidos
2009-05-01,América. América del Norte. Estados Unidos,606.483977558759,América,América del Norte,Estados Unidos
2009-06-01,América. América del Norte. Estados Unidos,595.04572874428,América,América del Norte,Estados Unidos
2009-07-01,América. América del Norte. Estados Unidos,735.614917299727,América,América del Norte,Estados Unidos
2009-08-01,América. América del Norte. Estados Unidos,576.57755575534,América,América del Norte,Estados Unidos
2009-09-01,América. América del Norte. Estados Unidos,595.983201278138,América,América del Norte,Estados Unidos
2009-10-01,América. América del Norte. Estados Unidos,690.45555803081,América,América del Norte,Estados Unidos
2009-11-01,América. América del Norte. Estados Unidos,804.333669749457,América,América del Norte,Estados Unidos
2009-12-01,América. América del Norte. Estados Unidos,894.668239148451,América,América del Norte,Estados Unidos
2010-01-01,América. América del Norte. Estados Unidos,683.277705815791,América,América del Norte,Estados Unidos
2010-02-01,América. América del Norte. Estados Unidos,680.780950578802,América,América del Norte,Estados Unidos
2010-03-01,América. América del Norte. Estados Unidos,860.046206248929,América,América del Norte,Estados Unidos
2010-04-01,América. América del Norte. Estados Unidos,912.806511303947,América,América del Norte,Estados Unidos
2010-05-01,América. América del Norte. Estados Unidos,806.889143341812,América,América del Norte,Estados Unidos
2010-06-01,América. América del Norte. Estados Unidos,775.723210514426,América,América del Norte,Estados Unidos
2010-07-01,América. América del Norte. Estados Unidos,1047.51675836998,América,América del Norte,Estados Unidos
2010-08-01,América. América del Norte. Estados Unidos,857.470631391966,América,América del Norte,Estados Unidos
2010-09-01,América. América del Norte. Estados Unidos,752.104694137244,América,América del Norte,Estados Unidos
2010-10-01,América. América del Norte. Estados Unidos,923.33598590481,América,América del Norte,Estados Unidos
2010-11-01,América. América del Norte. Estados Unidos,800.176069891922,América,América del Norte,Estados Unidos
2010-12-01,América. América del Norte. Estados Unidos,800.666027113429,América,América del Norte,Estados Unidos
2011-01-01,América. América del Norte. Estados Unidos,784.218885760618,América,América del Norte,Estados Unidos
2011-02-01,América. América del Norte. Estados Unidos,960.600910784067,América,América del Norte,Estados Unidos
2011-03-01,América. América del Norte. Estados Unidos,1208.79856105233,América,América del Norte,Estados Unidos
2011-04-01,América. América del Norte. Estados Unidos,1330.3237908514,América,América del Norte,Estados Unidos
2011-05-01,América. América del Norte. Estados Unidos,1424.54227417329,América,América del Norte,Estados Unidos
2011-06-01,América. América del Norte. Estados Unidos,1284.95819171682,América,América del Norte,Estados Unidos
2011-07-01,América. América del Norte. Estados Unidos,1402.22138124885,América,América del Norte,Estados Unidos
2011-08-01,América. América del Norte. Estados Unidos,1192.65524870433,América,América del Norte,Estados Unidos
2011-09-01,América. América del Norte. Estados Unidos,1361.45489011132,América,América del Norte,Estados Unidos
2011-10-01,América. América del Norte. Estados Unidos,1239.40478430488,América,América del Norte,Estados Unidos
2011-11-01,América. América del Norte. Estados Unidos,1458.48404519113,América,América del Norte,Estados Unidos
2011-12-01,América. América del Norte. Estados Unidos,1295.74072353768,América,América del Norte,Estados Unidos
2012-01-01,América. América del Norte. Estados Unidos,1222.59266917665,América,América del Norte,Estados Unidos
2012-02-01,América. América del Norte. Estados Unidos,1341.69443421624,América,América del Norte,Estados Unidos
2012-03-01,América. América del Norte. Estados Unidos,1512.05930838949,América,América del Norte,Estados Unidos
2012-04-01,América. América del Norte. Estados Unidos,1420.09612603294,América,América del Norte,Estados Unidos
2012-05-01,América. América del Norte. Estados Unidos,1572.09711928058,América,América del Norte,Estados Unidos
2012-06-01,América. América del Norte. Estados Unidos,1433.01539042906,América,América del Norte,Estados Unidos
2012-07-01,América. América del Norte. Estados Unidos,1493.82421844063,América,América del Norte,Estados Unidos
2012-08-01,América. América del Norte. Estados Unidos,1838.12864878575,América,América del Norte,Estados Unidos
2012-09-01,América. América del Norte. Estados Unidos,1555.51105279711,América,América del Norte,Estados Unidos
2012-10-01,América. América del Norte. Estados Unidos,1911.53147596555,América,América del Norte,Estados Unidos
2012-11-01,América. América del Norte. Estados Unidos,1506.70692289173,América,América del Norte,Estados Unidos
2012-12-01,América. América del Norte. Estados Unidos,1649.81014735742,América,América del Norte,Estados Unidos
2013-01-01,América. América del Norte. Estados Unidos,1449.78339513808,América,América del Norte,Estados Unidos
2013-02-01,América. América del Norte. Estados Unidos,1064.30243313138,América,América del Norte,Estados Unidos
2013-03-01,América. América del Norte. Estados Unidos,1367.87378446588,América,América del Norte,Estados Unidos
2013-04-01,América. América del Norte. Estados Unidos,1521.18122995985,América,América del Norte,Estados Unidos
2013-05-01,América. América del Norte. Estados Unidos,1298.97291103442,América,América del Norte,Estados Unidos
2013-06-01,América. América del Norte. Estados Unidos,1331.75216726975,América,América del Norte,Estados Unidos
2013-07-01,América. América del Norte. Estados Unidos,1467.24541815256,América,América del Norte,Estados Unidos
2013-08-01,América. América del Norte. Estados Unidos,1496.97363169497,América,América del Norte,Estados Unidos
2013-09-01,América. América del Norte. Estados Unidos,1320.73822196217,América,América del Norte,Estados Unidos
2013-10-01,América. América del Norte. Estados Unidos,1375.02604347209,América,América del Norte,Estados Unidos
2013-11-01,América. América del Norte. Estados Unidos,1193.9855560485,América,América del Norte,Estados Unidos
2013-12-01,América. América del Norte. Estados Unidos,1136.54647607202,América,América del Norte,Estados Unidos
2014-01-01,América. América del Norte. Estados Unidos,1224.17147723501,América,América del Norte,Estados Unidos
2014-02-01,América. América del Norte. Estados Unidos,1159.98085354727,América,América del Norte,Estados Unidos
2014-03-01,América. América del Norte. Estados Unidos,1264.42604408181,América,América del Norte,Estados Unidos
2014-04-01,América. América del Norte. Estados Unidos,1286.19079189413,América,América del Norte,Estados Unidos
2014-05-01,América. América del Norte. Estados Unidos,1177.76703458765,América,América del Norte,Estados Unidos
2014-06-01,América. América del Norte. Estados Unidos,1111.29553690148,América,América del Norte,Estados Unidos
2014-07-01,América. América del Norte. Estados Unidos,1226.36425756304,América,América del Norte,Estados Unidos
2014-08-01,América. América del Norte. Estados Unidos,1305.06909953702,América,América del Norte,Estados Unidos
2014-09-01,América. América del Norte. Estados Unidos,1167.85565102374,América,América del Norte,Estados Unidos
2014-10-01,América. América del Norte. Estados Unidos,1265.16374161998,América,América del Norte,Estados Unidos
2014-11-01,América. América del Norte. Estados Unidos,1044.13883192852,América,América del Norte,Estados Unidos
2014-12-01,América. América del Norte. Estados Unidos,1130.53578931427,América,América del Norte,Estados Unidos
2015-01-01,América. América del Norte. Estados Unidos,996.524034295678,América,América del Norte,Estados Unidos
2015-02-01,América. América del Norte. Estados Unidos,905.938213301855,América,América del Norte,Estados Unidos
2015-03-01,América. América del Norte. Estados Unidos,1120.85964068362,América,América del Norte,Estados Unidos
2015-04-01,América. América del Norte. Estados Unidos,1003.36941530426,América,América del Norte,Estados Unidos
2015-05-01,América. América del Norte. Estados Unidos,933.47913352892,América,América del Norte,Estados Unidos
2015-06-01,América. América del Norte. Estados Unidos,999.591263651225,América,América del Norte,Estados Unidos
2015-07-01,América. América del Norte. Estados Unidos,1061.80940545703,América,América del Norte,Estados Unidos
2015-08-01,América. América del Norte. Estados Unidos,1025.60737908366,América,América del Norte,Estados Unidos
2015-09-01,América. América del Norte. Estados Unidos,914.766049056823,América,América del Norte,Estados Unidos
2015-10-01,América. América del Norte. Estados Unidos,991.644852863115,América,América del Norte,Estados Unidos
2015-11-01,América. América del Norte. Estados Unidos,840.386493954008,América,América del Norte,Estados Unidos
2015-12-01,América. América del Norte. Estados Unidos,1055.16759481724,América,América del Norte,Estados Unidos
2016-01-01,América. América del Norte. Estados Unidos,860.994410932742,América,América del Norte,Estados Unidos
2016-02-01,América. América del Norte. Estados Unidos,734.950608609764,América,América del Norte,Estados Unidos
2016-03-01,América. América del Norte. Estados Unidos,882.642676196579,América,América del Norte,Estados Unidos
2016-04-01,América. América del Norte. Estados Unidos,769.549724999073,América,América del Norte,Estados Unidos
2016-05-01,América. América del Norte. Estados Unidos,803.831318346721,América,América del Norte,Estados Unidos
2016-06-01,América. América del Norte. Estados Unidos,946.463657206297,América,América del Norte,Estados Unidos
2016-07-01,América. América del Norte. Estados Unidos,857.87036604224,América,América del Norte,Estados Unidos
2016-08-01,América. América del Norte. Estados Unidos,956.85961917406,América,América del Norte,Estados Unidos
2016-09-01,América. América del Norte. Estados Unidos,967.36415709543,América,América del Norte,Estados Unidos
2016-10-01,América. América del Norte. Estados Unidos,870.059685381866,América,América del Norte,Estados Unidos
2016-11-01,América. América del Norte. Estados Unidos,828.175924838128,América,América del Norte,Estados Unidos
2016-12-01,América. América del Norte. Estados Unidos,867.475906917504,América,América del Norte,Estados Unidos
2017-01-01,América. América del Norte. Estados Unidos,983.575416715112,América,América del Norte,Estados Unidos
2017-02-01,América. América del Norte. Estados Unidos,806.566405444276,América,América del Norte,Estados Unidos
2017-03-01,América. América del Norte. Estados Unidos,1005.50827251139,América,América del Norte,Estados Unidos
2017-04-01,América. América del Norte. Estados Unidos,847.727827191646,América,América del Norte,Estados Unidos
2017-05-01,América. América del Norte. Estados Unidos,907.946496628137,América,América del Norte,Estados Unidos
2017-06-01,América. América del Norte. Estados Unidos,1016.3712752773,América,América del Norte,Estados Unidos
2017-07-01,América. América del Norte. Estados Unidos,915.216149100455,América,América del Norte,Estados Unidos
2017-08-01,América. América del Norte. Estados Unidos,1109.70738292182,América,América del Norte,Estados Unidos
2017-09-01,América. América del Norte. Estados Unidos,869.803166300579,América,América del Norte,Estados Unidos
2017-10-01,América. América del Norte. Estados Unidos,1033.91621467814,América,América del Norte,Estados Unidos
2017-11-01,América. América del Norte. Estados Unidos,1089.90080394204,América,América del Norte,Estados Unidos
2017-12-01,América. América del Norte. Estados Unidos,1119.5456287742,América,América del Norte,Estados Unidos
2018-01-01,América. América del Norte. Estados Unidos,1050.2143196677,América,América del Norte,Estados Unidos
2018-02-01,América. América del Norte. Estados Unidos,1027.82481765742,América,América del Norte,Estados Unidos
2018-03-01,América. América del Norte. Estados Unidos,1054.72316167718,América,América del Norte,Estados Unidos
2018-04-01,América. América del Norte. Estados Unidos,1063.75321605172,América,América del Norte,Estados Unidos
2018-05-01,América. América del Norte. Estados Unidos,1301.63426815563,América,América del Norte,Estados Unidos
2018-06-01,América. América del Norte. Estados Unidos,1329.1177305454,América,América del Norte,Estados Unidos
2018-07-01,América. América del Norte. Estados Unidos,1103.677501842,América,América del Norte,Estados Unidos
2018-08-01,América. América del Norte. Estados Unidos,1171.74219522313,América,América del Norte,Estados Unidos
2018-09-01,América. América del Norte. Estados Unidos,1142.81796265033,América,América del Norte,Estados Unidos
2018-10-01,América. América del Norte. Estados Unidos,1369.0437153781,América,América del Norte,Estados Unidos
2018-11-01,América. América del Norte. Estados Unidos,1230.41168314373,América,América del Norte,Estados Unidos
2018-12-01,América. América del Norte. Estados Unidos,1182.25024450756,América,América del Norte,Estados Unidos
2019-01-01,América. América del Norte. Estados Unidos,898.30453177012,América,América del Norte,Estados Unidos
2019-02-01,América. América del Norte. Estados Unidos,945.821127041256,América,América del Norte,Estados Unidos
2019-03-01,América. América del Norte. Estados Unidos,1183.97477732834,América,América del Norte,Estados Unidos
2019-04-01,América. América del Norte. Estados Unidos,1100.58321571909,América,América del Norte,Estados Unidos
2019-05-01,América. América del Norte. Estados Unidos,1279.41718313553,América,América del Norte,Estados Unidos
2019-06-01,América. América del Norte. Estados Unidos,1085.94577509122,América,América del Norte,Estados Unidos
2019-07-01,América. América del Norte. Estados Unidos,1194.59162010154,América,América del Norte,Estados Unidos
2019-08-01,América. América del Norte. Estados Unidos,1248.09281845601,América,América del Norte,Estados Unidos
2019-09-01,América. América del Norte. Estados Unidos,1115.01533509882,América,América del Norte,Estados Unidos
2019-10-01,América. América del Norte. Estados Unidos,1190.29980570565,América,América del Norte,Estados Unidos
2019-11-01,América. América del Norte. Estados Unidos,1231.84954450535,América,América del Norte,Estados Unidos
2019-12-01,América. América del Norte. Estados Unidos,1219.95782780524,América,América del Norte,Estados Unidos
2020-01-01,América. América del Norte. Estados Unidos,1147.18702044572,América,América del Norte,Estados Unidos
2020-02-01,América. América del Norte. Estados Unidos,874.799075733933,América,América del Norte,Estados Unidos
2020-03-01,América. América del Norte. Estados Unidos,1158.24709392515,América,América del Norte,Estados Unidos
2020-04-01,América. América del Norte. Estados Unidos,787.863657494341,América,América del Norte,Estados Unidos
2020-05-01,América. América del Norte. Estados Unidos,710.577336053054,América,América del Norte,Estados Unidos
2020-06-01,América. América del Norte. Estados Unidos,760.268042707506,América,América del Norte,Estados Unidos
2020-07-01,América. América del Norte. Estados Unidos,918.57170914317,América,América del Norte,Estados Unidos
2020-08-01,América. América del Norte. Estados Unidos,784.486039729908,América,América del Norte,Estados Unidos
2020-09-01,América. América del Norte. Estados Unidos,791.373398128941,América,América del Norte,Estados Unidos
2020-10-01,América. América del Norte. Estados Unidos,886.335197824533,América,América del Norte,Estados Unidos
2020-11-01,América. América del Norte. Estados Unidos,776.44700595088,América,América del Norte,Estados Unidos
2020-12-01,América. América del Norte. Estados Unidos,938.129996365333,América,América del Norte,Estados Unidos
2021-01-01,América. América del Norte. Estados Unidos,970.722298184805,América,América del Norte,Estados Unidos
2021-02-01,América. América del Norte. Estados Unidos,1184.45665487692,América,América del Norte,Estados Unidos
2021-03-01,América. América del Norte. Estados Unidos,1383.86821054319,América,América del Norte,Estados Unidos
2021-04-01,América. América del Norte. Estados Unidos,1222.08673002309,América,América del Norte,Estados Unidos
2021-05-01,América. América del Norte. Estados Unidos,1212.61519432565,América,América del Norte,Estados Unidos
2021-06-01,América. América del Norte. Estados Unidos,1342.77242881112,América,América del Norte,Estados Unidos
2021-07-01,América. América del Norte. Estados Unidos,1498.22015441351,América,América del Norte,Estados Unidos
2021-08-01,América. América del Norte. Estados Unidos,1544.36274176343,América,América del Norte,Estados Unidos
2021-09-01,América. América del Norte. Estados Unidos,1385.71948064876,América,América del Norte,Estados Unidos
2021-10-01,América. América del Norte. Estados Unidos,1486.35088533569,América,América del Norte,Estados Unidos
2021-11-01,América. América del Norte. Estados Unidos,1431.63905705663,América,América del Norte,Estados Unidos
2021-12-01,América. América del Norte. Estados Unidos,1543.80788601499,América,América del Norte,Estados Unidos
2022-01-01,América. América del Norte. Estados Unidos,1303.7420258,América,América del Norte,Estados Unidos
2022-02-01,América. América del Norte. Estados Unidos,1417.1582772,América,América del Norte,Estados Unidos
2022-03-01,América. América del Norte. Estados Unidos,1654.6082016,América,América del Norte,Estados Unidos
2022-04-01,América. América del Norte. Estados Unidos,1741.4752808,América,América del Norte,Estados Unidos
2022-05-01,América. América del Norte. Estados Unidos,2319.7452903,América,América del Norte,Estados Unidos
2022-06-01,América. América del Norte. Estados Unidos,2283.6833334,América,América del Norte,Estados Unidos
2022-07-01,América. América del Norte. Estados Unidos,1938.8790888,América,América del Norte,Estados Unidos
2022-08-01,América. América del Norte. Estados Unidos,2453.1583422,América,América del Norte,Estados Unidos
2022-09-01,América. América del Norte. Estados Unidos,1708.1109308,América,América del Norte,Estados Unidos
2022-10-01,América. América del Norte. Estados Unidos,1770.2074786,América,América del Norte,Estados Unidos
2022-11-01,América. América del Norte. Estados Unidos,1884.5096601,América,América del Norte,Estados Unidos
2022-12-01,América. América del Norte. Estados Unidos,1377.3749168,América,América del Norte,Estados Unidos
2023-01-01,América. América del Norte. Estados Unidos,1100.0969501,América,América del Norte,Estados Unidos
2023-02-01,América. América del Norte. Estados Unidos,1523.4621162,América,América del Norte,Estados Unidos
2023-03-01,América. América del Norte. Estados Unidos,1519.0213417,América,América del Norte,Estados Unidos
2023-04-01,América. América del Norte. Estados Unidos,1611.5849245,América,América del Norte,Estados Unidos
2023-05-01,América. América del Norte. Estados Unidos,1474.136844,América,América del Norte,Estados Unidos
2023-06-01,América. América del Norte. Estados Unidos,1405.9119843,América,América del Norte,Estados Unidos
2023-07-01,América. América del Norte. Estados Unidos,1443.8513236,América,América del Norte,Estados Unidos
2023-08-01,América. América del Norte. Estados Unidos,1574.2231976,América,América del Norte,Estados Unidos
2023-09-01,América. América del Norte. Estados Unidos,1459.2278785,América,América del Norte,Estados Unidos
2023-10-01,América. América del Norte. Estados Unidos,1452.1926648,América,América del Norte,Estados Unidos
2023-11-01,América. América del Norte. Estados Unidos,1263.4660119,América,América del Norte,Estados Unidos
2023-12-01,América. América del Norte. Estados Unidos,1189.1050321,América,América del Norte,Estados Unidos
2024-01-01,América. América del Norte. Estados Unidos,1344.7792874,América,América del Norte,Estados Unidos
2024-02-01,América. América del Norte. Estados Unidos,1342.7904601,América,América del Norte,Estados Unidos
2024-03-01,América. América del Norte. Estados Unidos,1273.0365586,América,América del Norte,Estados Unidos
2024-04-01,América. América del Norte. Estados Unidos,1717.125576,América,América del Norte,Estados Unidos
2024-05-01,América. América del Norte. Estados Unidos,1305.1680379,América,América del Norte,Estados Unidos
2024-06-01,América. América del Norte. Estados Unidos,1125.4628857,América,América del Norte,Estados Unidos
2024-07-01,América. América del Norte. Estados Unidos,1639.9296815,América,América del Norte,Estados Unidos
2024-08-01,América. América del Norte. Estados Unidos,1399.5968789,América,América del Norte,Estados Unidos
2024-09-01,América. América del Norte. Estados Unidos,1103.4024647,América,América del Norte,Estados Unidos
2024-10-01,América. América del Norte. Estados Unidos,1314.6469644,América,América del Norte,Estados Unidos
2024-11-01,América. América del Norte. Estados Unidos,1163.1872621,América,América del Norte,Estados Unidos
2024-12-01,América. América del Norte. Estados Unidos,1329.1609644,América,América del Norte,Estados Unidos
2025-01-01,América. América del Norte. Estados Unidos,1644.1908651,América,América del Norte,Estados Unidos
2025-02-01,América. América del Norte. Estados Unidos,1090.0970565,América,América del Norte,Estados Unidos
2025-03-01,América. América del Norte. Estados Unidos,1414.233317,América,América del Norte,Estados Unidos
2025-04-01,América. América del Norte. Estados Unidos,1700.6812513,América,América del Norte,Estados Unidos
2025-05-01,América. América del Norte. Estados Unidos,1340.6993622,América,América del Norte,Estados Unidos
2025-06-01,América. América del Norte. Estados Unidos,1358.5855542,América,América del Norte,Estados Unidos
2025-07-01,América. América del Norte. Estados Unidos,1701.0321494,América,América del Norte,Estados Unidos
2025-08-01,América. América del Norte. Estados Unidos,1205.1814935,América,América del Norte,Estados Unidos
2025-09-01,América. América del Norte. Estados Unidos,1263.4450027,América,América del Norte,Estados Unidos
2025-10-01,América. América del Norte. Estados Unidos,1344.428783,América,América del Norte,Estados Unidos
2025-11-01,América. América del Norte. Estados Unidos,1219.86691,América,América del Norte,Estados Unidos
2025-12-01,América. América del Norte. Estados Unidos,1308.3940893,América,América del Norte,Estados Unidos
2026-01-01,América. América del Norte. Estados Unidos,1269.6674718,América,América del Norte,Estados Unidos
2026-02-01,América. América del Norte. Estados Unidos,1134.8300849,América,América del Norte,Estados Unidos
2026-03-01,América. América del Norte. Estados Unidos,1543.6624735,América,América del Norte,Estados Unidos
2026-04-01,América. América del Norte. Estados Unidos,1794.4340596,América,América del Norte,Estados Unidos
2026-05-01,América. América del Norte. Estados Unidos,1547.4556366,América,América del Norte,Estados Unidos
2026-06-01,América. América del Norte. Estados Unidos,1539.107541,América,América del Norte,Estados Unidos
2003-01-01,América. América del Norte. México,36.9845826153168,América,América del Norte,México
2003-02-01,América. América del Norte. México,38.2732880342959,América,América del Norte,México
2003-03-01,América. América del Norte. México,35.7339241243118,América,América del Norte,México
2003-04-01,América. América del Norte. México,42.4368145997704,América,América del Norte,México
2003-05-01,América. América del Norte. México,41.0239311311015,América,América del Norte,México
2003-06-01,América. América del Norte. México,47.983112160812,América,América del Norte,México
2003-07-01,América. América del Norte. México,51.1700403374341,América,América del Norte,México
2003-08-01,América. América del Norte. México,40.1113877451796,América,América del Norte,México
2003-09-01,América. América del Norte. México,43.4409421360282,América,América del Norte,México
2003-10-01,América. América del Norte. México,58.0738655451586,América,América del Norte,México
2003-11-01,América. América del Norte. México,43.9701233869173,América,América del Norte,México
2003-12-01,América. América del Norte. México,51.5741906968558,América,América del Norte,México
2004-01-01,América. América del Norte. México,42.5441158555728,América,América del Norte,México
2004-02-01,América. América del Norte. México,45.369863061615,América,América del Norte,México
2004-03-01,América. América del Norte. México,52.6452884343703,América,América del Norte,México
2004-04-01,América. América del Norte. México,80.2934350944109,América,América del Norte,México
2004-05-01,América. América del Norte. México,56.2395930976309,América,América del Norte,México
2004-06-01,América. América del Norte. México,58.1333082369463,América,América del Norte,México
2004-07-01,América. América del Norte. México,49.0195329345777,América,América del Norte,México
2004-08-01,América. América del Norte. México,54.2935133197903,América,América del Norte,México
2004-09-01,América. América del Norte. México,53.6287541479807,América,América del Norte,México
2004-10-01,América. América del Norte. México,49.2112739720037,América,América del Norte,México
2004-11-01,América. América del Norte. México,62.3450813423865,América,América del Norte,México
2004-12-01,América. América del Norte. México,53.9178630014931,América,América del Norte,México
2005-01-01,América. América del Norte. México,39.817417984571,América,América del Norte,México
2005-02-01,América. América del Norte. México,53.5126321696509,América,América del Norte,México
2005-03-01,América. América del Norte. México,62.9622963981251,América,América del Norte,México
2005-04-01,América. América del Norte. México,58.5803184173986,América,América del Norte,México
2005-05-01,América. América del Norte. México,84.0259684941862,América,América del Norte,México
2005-06-01,América. América del Norte. México,59.1060923338052,América,América del Norte,México
2005-07-01,América. América del Norte. México,69.9007841430713,América,América del Norte,México
2005-08-01,América. América del Norte. México,66.3075782505501,América,América del Norte,México
2005-09-01,América. América del Norte. México,70.4120308051778,América,América del Norte,México
2005-10-01,América. América del Norte. México,101.467105850978,América,América del Norte,México
2005-11-01,América. América del Norte. México,81.3428139000543,América,América del Norte,México
2005-12-01,América. América del Norte. México,61.6828015071345,América,América del Norte,México
2006-01-01,América. América del Norte. México,53.5729970756146,América,América del Norte,México
2006-02-01,América. América del Norte. México,76.3303256876906,América,América del Norte,México
2006-03-01,América. América del Norte. México,90.7001935210172,América,América del Norte,México
2006-04-01,América. América del Norte. México,82.0160096385256,América,América del Norte,México
2006-05-01,América. América del Norte. México,92.8095987266535,América,América del Norte,México
2006-06-01,América. América del Norte. México,88.0161997303854,América,América del Norte,México
2006-07-01,América. América del Norte. México,85.5217259206217,América,América del Norte,México
2006-08-01,América. América del Norte. México,79.4019664599017,América,América del Norte,México
2006-09-01,América. América del Norte. México,81.3813504325459,América,América del Norte,México
2006-10-01,América. América del Norte. México,114.605231095303,América,América del Norte,México
2006-11-01,América. América del Norte. México,116.020074888049,América,América del Norte,México
2006-12-01,América. América del Norte. México,83.6823458460736,América,América del Norte,México
2007-01-01,América. América del Norte. México,92.7553103513017,América,América del Norte,México
2007-02-01,América. América del Norte. México,103.328002086555,América,América del Norte,México
2007-03-01,América. América del Norte. México,90.0459654909896,América,América del Norte,México
2007-04-01,América. América del Norte. México,120.561253455837,América,América del Norte,México
2007-05-01,América. América del Norte. México,125.170415496085,América,América del Norte,México
2007-06-01,América. América del Norte. México,116.174189329962,América,América del Norte,México
2007-07-01,América. América del Norte. México,85.1923065550724,América,América del Norte,México
2007-08-01,América. América del Norte. México,133.590664119192,América,América del Norte,México
2007-09-01,América. América del Norte. México,110.195129077951,América,América del Norte,México
2007-10-01,América. América del Norte. México,137.703604519889,América,América del Norte,México
2007-11-01,América. América del Norte. México,153.72999253623,América,América del Norte,México
2007-12-01,América. América del Norte. México,107.424562489021,América,América del Norte,México
2008-01-01,América. América del Norte. México,113.723168794166,América,América del Norte,México
2008-02-01,América. América del Norte. México,146.591753381183,América,América del Norte,México
2008-03-01,América. América del Norte. México,146.529979980082,América,América del Norte,México
2008-04-01,América. América del Norte. México,152.705828963199,América,América del Norte,México
2008-05-01,América. América del Norte. México,166.892577861206,América,América del Norte,México
2008-06-01,América. América del Norte. México,165.633783398632,América,América del Norte,México
2008-07-01,América. América del Norte. México,174.649224877842,América,América del Norte,México
2008-08-01,América. América del Norte. México,164.485717865011,América,América del Norte,México
2008-09-01,América. América del Norte. México,142.036703316968,América,América del Norte,México
2008-10-01,América. América del Norte. México,197.390641605819,América,América del Norte,México
2008-11-01,América. América del Norte. México,126.778069941305,América,América del Norte,México
2008-12-01,América. América del Norte. México,85.5819401521186,América,América del Norte,México
2009-01-01,América. América del Norte. México,80.9333822311718,América,América del Norte,México
2009-02-01,América. América del Norte. México,63.4139765481063,América,América del Norte,México
2009-03-01,América. América del Norte. México,77.8053606938322,América,América del Norte,México
2009-04-01,América. América del Norte. México,74.9222154515863,América,América del Norte,México
2009-05-01,América. América del Norte. México,79.4176696923806,América,América del Norte,México
2009-06-01,América. América del Norte. México,89.7837174220014,América,América del Norte,México
2009-07-01,América. América del Norte. México,109.048797396466,América,América del Norte,México
2009-08-01,América. América del Norte. México,109.445838007387,América,América del Norte,México
2009-09-01,América. América del Norte. México,119.162364356298,América,América del Norte,México
2009-10-01,América. América del Norte. México,152.574374326219,América,América del Norte,México
2009-11-01,América. América del Norte. México,139.886484946487,América,América del Norte,México
2009-12-01,América. América del Norte. México,115.004220890994,América,América del Norte,México
2010-01-01,América. América del Norte. México,99.5969727153946,América,América del Norte,México
2010-02-01,América. América del Norte. México,124.202285882196,América,América del Norte,México
2010-03-01,América. América del Norte. México,157.918252952304,América,América del Norte,México
2010-04-01,América. América del Norte. México,159.055651232438,América,América del Norte,México
2010-05-01,América. América del Norte. México,201.199452831017,América,América del Norte,México
2010-06-01,América. América del Norte. México,200.105544873432,América,América del Norte,México
2010-07-01,América. América del Norte. México,200.718001692538,América,América del Norte,México
2010-08-01,América. América del Norte. México,227.772663461114,América,América del Norte,México
2010-09-01,América. América del Norte. México,196.23396553043,América,América del Norte,México
2010-10-01,América. América del Norte. México,199.501523821138,América,América del Norte,México
2010-11-01,América. América del Norte. México,172.167130351408,América,América del Norte,México
2010-12-01,América. América del Norte. México,165.333324282474,América,América del Norte,México
2011-01-01,América. América del Norte. México,134.29418576128,América,América del Norte,México
2011-02-01,América. América del Norte. México,137.236232301749,América,América del Norte,México
2011-03-01,América. América del Norte. México,187.510466839808,América,América del Norte,México
2011-04-01,América. América del Norte. México,223.575438750584,América,América del Norte,México
2011-05-01,América. América del Norte. México,244.805689038211,América,América del Norte,México
2011-06-01,América. América del Norte. México,232.967055309789,América,América del Norte,México
2011-07-01,América. América del Norte. México,199.358269451668,América,América del Norte,México
2011-08-01,América. América del Norte. México,211.328444458959,América,América del Norte,México
2011-09-01,América. América del Norte. México,246.495696686193,América,América del Norte,México
2011-10-01,América. América del Norte. México,197.25857502463,América,América del Norte,México
2011-11-01,América. América del Norte. México,268.381100101304,América,América del Norte,México
2011-12-01,América. América del Norte. México,222.381957923799,América,América del Norte,México
2012-01-01,América. América del Norte. México,143.647340116317,América,América del Norte,México
2012-02-01,América. América del Norte. México,179.449296522651,América,América del Norte,México
2012-03-01,América. América del Norte. México,204.843497594277,América,América del Norte,México
2012-04-01,América. América del Norte. México,212.858048899661,América,América del Norte,México
2012-05-01,América. América del Norte. México,226.408053910007,América,América del Norte,México
2012-06-01,América. América del Norte. México,261.027812379409,América,América del Norte,México
2012-07-01,América. América del Norte. México,201.305743511804,América,América del Norte,México
2012-08-01,América. América del Norte. México,252.976844187054,América,América del Norte,México
2012-09-01,América. América del Norte. México,236.698273052424,América,América del Norte,México
2012-10-01,América. América del Norte. México,301.143402479865,América,América del Norte,México
2012-11-01,América. América del Norte. México,177.497046384221,América,América del Norte,México
2012-12-01,América. América del Norte. México,183.377534939571,América,América del Norte,México
2013-01-01,América. América del Norte. México,182.212742360968,América,América del Norte,México
2013-02-01,América. América del Norte. México,178.746753876811,América,América del Norte,México
2013-03-01,América. América del Norte. México,189.668681793311,América,América del Norte,México
2013-04-01,América. América del Norte. México,262.262209464254,América,América del Norte,México
2013-05-01,América. América del Norte. México,280.950255177605,América,América del Norte,México
2013-06-01,América. América del Norte. México,209.492458758152,América,América del Norte,México
2013-07-01,América. América del Norte. México,229.543653179918,América,América del Norte,México
2013-08-01,América. América del Norte. México,224.411883086899,América,América del Norte,México
2013-09-01,América. América del Norte. México,187.614672823703,América,América del Norte,México
2013-10-01,América. América del Norte. México,248.040037353168,América,América del Norte,México
2013-11-01,América. América del Norte. México,158.291194975144,América,América del Norte,México
2013-12-01,América. América del Norte. México,162.134888468126,América,América del Norte,México
2014-01-01,América. América del Norte. México,157.465265183936,América,América del Norte,México
2014-02-01,América. América del Norte. México,183.407721168214,América,América del Norte,México
2014-03-01,América. América del Norte. México,213.955239870953,América,América del Norte,México
2014-04-01,América. América del Norte. México,200.653625026651,América,América del Norte,México
2014-05-01,América. América del Norte. México,203.584179122003,América,América del Norte,México
2014-06-01,América. América del Norte. México,199.760619445322,América,América del Norte,México
2014-07-01,América. América del Norte. México,233.622146550117,América,América del Norte,México
2014-08-01,América. América del Norte. México,213.439978663164,América,América del Norte,México
2014-09-01,América. América del Norte. México,211.580666643321,América,América del Norte,México
2014-10-01,América. América del Norte. México,211.736404657574,América,América del Norte,México
2014-11-01,América. América del Norte. México,169.525192337541,América,América del Norte,México
2014-12-01,América. América del Norte. México,211.792359690518,América,América del Norte,México
2015-01-01,América. América del Norte. México,167.840815955633,América,América del Norte,México
2015-02-01,América. América del Norte. México,139.001251895405,América,América del Norte,México
2015-03-01,América. América del Norte. México,182.033918166546,América,América del Norte,México
2015-04-01,América. América del Norte. México,153.797765465155,América,América del Norte,México
2015-05-01,América. América del Norte. México,192.680750934345,América,América del Norte,México
2015-06-01,América. América del Norte. México,171.812540079601,América,América del Norte,México
2015-07-01,América. América del Norte. México,198.797839977421,América,América del Norte,México
2015-08-01,América. América del Norte. México,212.401230649061,América,América del Norte,México
2015-09-01,América. América del Norte. México,204.733881395894,América,América del Norte,México
2015-10-01,América. América del Norte. México,199.386331874377,América,América del Norte,México
2015-11-01,América. América del Norte. México,159.504575592525,América,América del Norte,México
2015-12-01,América. América del Norte. México,174.494113154579,América,América del Norte,México
2016-01-01,América. América del Norte. México,148.91449010572,América,América del Norte,México
2016-02-01,América. América del Norte. México,134.437819757787,América,América del Norte,México
2016-03-01,América. América del Norte. México,167.936327602364,América,América del Norte,México
2016-04-01,América. América del Norte. México,157.818949655862,América,América del Norte,México
2016-05-01,América. América del Norte. México,158.065081691626,América,América del Norte,México
2016-06-01,América. América del Norte. México,154.789312392941,América,América del Norte,México
2016-07-01,América. América del Norte. México,157.823618919413,América,América del Norte,México
2016-08-01,América. América del Norte. México,193.326790917167,América,América del Norte,México
2016-09-01,América. América del Norte. México,169.683945579232,América,América del Norte,México
2016-10-01,América. América del Norte. México,200.115476762616,América,América del Norte,México
2016-11-01,América. América del Norte. México,180.66565463951,América,América del Norte,México
2016-12-01,América. América del Norte. México,186.113292709971,América,América del Norte,México
2017-01-01,América. América del Norte. México,143.925832025676,América,América del Norte,México
2017-02-01,América. América del Norte. México,150.001455514595,América,América del Norte,México
2017-03-01,América. América del Norte. México,205.456498357811,América,América del Norte,México
2017-04-01,América. América del Norte. México,188.802647702814,América,América del Norte,México
2017-05-01,América. América del Norte. México,172.000739527524,América,América del Norte,México
2017-06-01,América. América del Norte. México,178.612365383135,América,América del Norte,México
2017-07-01,América. América del Norte. México,176.133367906248,América,América del Norte,México
2017-08-01,América. América del Norte. México,169.655397447603,América,América del Norte,México
2017-09-01,América. América del Norte. México,194.268645051982,América,América del Norte,México
2017-10-01,América. América del Norte. México,198.984566209592,América,América del Norte,México
2017-11-01,América. América del Norte. México,180.45783178585,América,América del Norte,México
2017-12-01,América. América del Norte. México,174.381515619299,América,América del Norte,México
2018-01-01,América. América del Norte. México,178.720110686313,América,América del Norte,México
2018-02-01,América. América del Norte. México,180.84110782294,América,América del Norte,México
2018-03-01,América. América del Norte. México,204.825372598447,América,América del Norte,México
2018-04-01,América. América del Norte. México,212.337328789268,América,América del Norte,México
2018-05-01,América. América del Norte. México,190.173465134608,América,América del Norte,México
2018-06-01,América. América del Norte. México,203.182678375052,América,América del Norte,México
2018-07-01,América. América del Norte. México,183.840432448444,América,América del Norte,México
2018-08-01,América. América del Norte. México,237.838864390433,América,América del Norte,México
2018-09-01,América. América del Norte. México,209.883729479201,América,América del Norte,México
2018-10-01,América. América del Norte. México,229.155942022894,América,América del Norte,México
2018-11-01,América. América del Norte. México,170.474890205653,América,América del Norte,México
2018-12-01,América. América del Norte. México,182.172415673903,América,América del Norte,México
2019-01-01,América. América del Norte. México,184.88492271964,América,América del Norte,México
2019-02-01,América. América del Norte. México,185.389596445508,América,América del Norte,México
2019-03-01,América. América del Norte. México,200.486826479779,América,América del Norte,México
2019-04-01,América. América del Norte. México,181.235956747977,América,América del Norte,México
2019-05-01,América. América del Norte. México,201.656390086716,América,América del Norte,México
2019-06-01,América. América del Norte. México,145.442500896349,América,América del Norte,México
2019-07-01,América. América del Norte. México,151.55535847693,América,América del Norte,México
2019-08-01,América. América del Norte. México,155.538659598405,América,América del Norte,México
2019-09-01,América. América del Norte. México,150.493042652885,América,América del Norte,México
2019-10-01,América. América del Norte. México,169.369235401727,América,América del Norte,México
2019-11-01,América. América del Norte. México,135.94206178791,América,América del Norte,México
2019-12-01,América. América del Norte. México,132.952390038311,América,América del Norte,México
2020-01-01,América. América del Norte. México,139.114179838618,América,América del Norte,México
2020-02-01,América. América del Norte. México,131.845164465175,América,América del Norte,México
2020-03-01,América. América del Norte. México,118.838007701137,América,América del Norte,México
2020-04-01,América. América del Norte. México,142.399904291706,América,América del Norte,México
2020-05-01,América. América del Norte. México,93.9869612137157,América,América del Norte,México
2020-06-01,América. América del Norte. México,105.725255705809,América,América del Norte,México
2020-07-01,América. América del Norte. México,136.526334677199,América,América del Norte,México
2020-08-01,América. América del Norte. México,104.78678808596,América,América del Norte,México
2020-09-01,América. América del Norte. México,128.953242081677,América,América del Norte,México
2020-10-01,América. América del Norte. México,148.083066067258,América,América del Norte,México
2020-11-01,América. América del Norte. México,152.542849092849,América,América del Norte,México
2020-12-01,América. América del Norte. México,188.87924827337,América,América del Norte,México
2021-01-01,América. América del Norte. México,185.101725576255,América,América del Norte,México
2021-02-01,América. América del Norte. México,169.316666164476,América,América del Norte,México
2021-03-01,América. América del Norte. México,191.648593261676,América,América del Norte,México
2021-04-01,América. América del Norte. México,208.177868236918,América,América del Norte,México
2021-05-01,América. América del Norte. México,219.45965625582,América,América del Norte,México
2021-06-01,América. América del Norte. México,174.617617808345,América,América del Norte,México
2021-07-01,América. América del Norte. México,196.031780868801,América,América del Norte,México
2021-08-01,América. América del Norte. México,244.147303992936,América,América del Norte,México
2021-09-01,América. América del Norte. México,239.096971164617,América,América del Norte,México
2021-10-01,América. América del Norte. México,260.450514866569,América,América del Norte,México
2021-11-01,América. América del Norte. México,212.804029063598,América,América del Norte,México
2021-12-01,América. América del Norte. México,228.436436043807,América,América del Norte,México
2022-01-01,América. América del Norte. México,208.79050747,América,América del Norte,México
2022-02-01,América. América del Norte. México,172.01988062,América,América del Norte,México
2022-03-01,América. América del Norte. México,213.64861113,América,América del Norte,México
2022-04-01,América. América del Norte. México,214.86584289,América,América del Norte,México
2022-05-01,América. América del Norte. México,213.60943346,América,América del Norte,México
2022-06-01,América. América del Norte. México,219.87575047,América,América del Norte,México
2022-07-01,América. América del Norte. México,201.73830658,América,América del Norte,México
2022-08-01,América. América del Norte. México,167.22035072,América,América del Norte,México
2022-09-01,América. América del Norte. México,165.75821314,América,América del Norte,México
2022-10-01,América. América del Norte. México,219.1630343,América,América del Norte,México
2022-11-01,América. América del Norte. México,169.35994305,América,América del Norte,México
2022-12-01,América. América del Norte. México,162.07016819,América,América del Norte,México
2023-01-01,América. América del Norte. México,128.38058049,América,América del Norte,México
2023-02-01,América. América del Norte. México,128.8826966,América,América del Norte,México
2023-03-01,América. América del Norte. México,155.00069642,América,América del Norte,México
2023-04-01,América. América del Norte. México,151.92083971,América,América del Norte,México
2023-05-01,América. América del Norte. México,167.69702865,América,América del Norte,México
2023-06-01,América. América del Norte. México,144.38348722,América,América del Norte,México
2023-07-01,América. América del Norte. México,150.32227085,América,América del Norte,México
2023-08-01,América. América del Norte. México,135.40746379,América,América del Norte,México
2023-09-01,América. América del Norte. México,148.6652477,América,América del Norte,México
2023-10-01,América. América del Norte. México,146.92252862,América,América del Norte,México
2023-11-01,América. América del Norte. México,120.89988839,América,América del Norte,México
2023-12-01,América. América del Norte. México,102.96539735,América,América del Norte,México
2024-01-01,América. América del Norte. México,111.75376824,América,América del Norte,México
2024-02-01,América. América del Norte. México,112.22475822,América,América del Norte,México
2024-03-01,América. América del Norte. México,155.57215499,América,América del Norte,México
2024-04-01,América. América del Norte. México,160.04252235,América,América del Norte,México
2024-05-01,América. América del Norte. México,161.27773556,América,América del Norte,México
2024-06-01,América. América del Norte. México,159.24831316,América,América del Norte,México
2024-07-01,América. América del Norte. México,211.59554931,América,América del Norte,México
2024-08-01,América. América del Norte. México,151.09950206,América,América del Norte,México
2024-09-01,América. América del Norte. México,155.38171705,América,América del Norte,México
2024-10-01,América. América del Norte. México,231.89204977,América,América del Norte,México
2024-11-01,América. América del Norte. México,150.20566524,América,América del Norte,México
2024-12-01,América. América del Norte. México,170.25987484,América,América del Norte,México
2025-01-01,América. América del Norte. México,129.7188299,América,América del Norte,México
2025-02-01,América. América del Norte. México,105.682743,América,América del Norte,México
2025-03-01,América. América del Norte. México,158.88074959,América,América del Norte,México
2025-04-01,América. América del Norte. México,140.57791811,América,América del Norte,México
2025-05-01,América. América del Norte. México,144.30557342,América,América del Norte,México
2025-06-01,América. América del Norte. México,118.97296831,América,América del Norte,México
2025-07-01,América. América del Norte. México,138.67294585,América,América del Norte,México
2025-08-01,América. América del Norte. México,116.0451596,América,América del Norte,México
2025-09-01,América. América del Norte. México,135.35672327,América,América del Norte,México
2025-10-01,América. América del Norte. México,138.99036882,América,América del Norte,México
2025-11-01,América. América del Norte. México,113.78819703,América,América del Norte,México
2025-12-01,América. América del Norte. México,156.32065694,América,América del Norte,México
2026-01-01,América. América del Norte. México,112.17743075,América,América del Norte,México
2026-02-01,América. América del Norte. México,99.836262759,América,América del Norte,México
2026-03-01,América. América del Norte. México,130.75994542,América,América del Norte,México
2026-04-01,América. América del Norte. México,155.63192025,América,América del Norte,México
2026-05-01,América. América del Norte. México,119.62285704,América,América del Norte,México
2026-06-01,América. América del Norte. México,138.39236974,América,América del Norte,México
2003-01-01,América. América del Norte. Canadá,32.7153218248182,América,América del Norte,Canadá
2003-02-01,América. América del Norte. Canadá,20.1052326631235,América,América del Norte,Canadá
2003-03-01,América. América del Norte. Canadá,31.7368422612131,América,América del Norte,Canadá
2003-04-01,América. América del Norte. Canadá,24.083034405301,América,América del Norte,Canadá
2003-05-01,América. América del Norte. Canadá,30.7093699413663,América,América del Norte,Canadá
2003-06-01,América. América del Norte. Canadá,28.73006489995,América,América del Norte,Canadá
2003-07-01,América. América del Norte. Canadá,30.1905478308535,América,América del Norte,Canadá
2003-08-01,América. América del Norte. Canadá,26.4393406937413,América,América del Norte,Canadá
2003-09-01,América. América del Norte. Canadá,23.1290775292068,América,América del Norte,Canadá
2003-10-01,América. América del Norte. Canadá,30.1409834029078,América,América del Norte,Canadá
2003-11-01,América. América del Norte. Canadá,34.121198677764,América,América del Norte,Canadá
2003-12-01,América. América del Norte. Canadá,27.6683464259241,América,América del Norte,Canadá
2004-01-01,América. América del Norte. Canadá,30.7093235692026,América,América del Norte,Canadá
2004-02-01,América. América del Norte. Canadá,31.4530010870876,América,América del Norte,Canadá
2004-03-01,América. América del Norte. Canadá,43.3453146873873,América,América del Norte,Canadá
2004-04-01,América. América del Norte. Canadá,28.3992571163246,América,América del Norte,Canadá
2004-05-01,América. América del Norte. Canadá,29.5550413040967,América,América del Norte,Canadá
2004-06-01,América. América del Norte. Canadá,17.5494328217364,América,América del Norte,Canadá
2004-07-01,América. América del Norte. Canadá,26.5259040021197,América,América del Norte,Canadá
2004-08-01,América. América del Norte. Canadá,33.104255057157,América,América del Norte,Canadá
2004-09-01,América. América del Norte. Canadá,20.3215582905902,América,América del Norte,Canadá
2004-10-01,América. América del Norte. Canadá,36.545967649069,América,América del Norte,Canadá
2004-11-01,América. América del Norte. Canadá,25.1310920812769,América,América del Norte,Canadá
2004-12-01,América. América del Norte. Canadá,36.744629076619,América,América del Norte,Canadá
2005-01-01,América. América del Norte. Canadá,39.6618915202834,América,América del Norte,Canadá
2005-02-01,América. América del Norte. Canadá,33.6218274106982,América,América del Norte,Canadá
2005-03-01,América. América del Norte. Canadá,29.7023600781554,América,América del Norte,Canadá
2005-04-01,América. América del Norte. Canadá,32.9404539012962,América,América del Norte,Canadá
2005-05-01,América. América del Norte. Canadá,32.3689900828813,América,América del Norte,Canadá
2005-06-01,América. América del Norte. Canadá,30.0444393706654,América,América del Norte,Canadá
2005-07-01,América. América del Norte. Canadá,39.5502643681882,América,América del Norte,Canadá
2005-08-01,América. América del Norte. Canadá,28.6172688839989,América,América del Norte,Canadá
2005-09-01,América. América del Norte. Canadá,43.3487143968231,América,América del Norte,Canadá
2005-10-01,América. América del Norte. Canadá,43.6744997216465,América,América del Norte,Canadá
2005-11-01,América. América del Norte. Canadá,27.4335542495089,América,América del Norte,Canadá
2005-12-01,América. América del Norte. Canadá,44.0159591490949,América,América del Norte,Canadá
2006-01-01,América. América del Norte. Canadá,29.4861767476724,América,América del Norte,Canadá
2006-02-01,América. América del Norte. Canadá,46.2189525629284,América,América del Norte,Canadá
2006-03-01,América. América del Norte. Canadá,53.6945001030476,América,América del Norte,Canadá
2006-04-01,América. América del Norte. Canadá,28.6028409514139,América,América del Norte,Canadá
2006-05-01,América. América del Norte. Canadá,47.076041553412,América,América del Norte,Canadá
2006-06-01,América. América del Norte. Canadá,50.8081063755346,América,América del Norte,Canadá
2006-07-01,América. América del Norte. Canadá,57.2926148891034,América,América del Norte,Canadá
2006-08-01,América. América del Norte. Canadá,41.8905797027136,América,América del Norte,Canadá
2006-09-01,América. América del Norte. Canadá,24.7390374229688,América,América del Norte,Canadá
2006-10-01,América. América del Norte. Canadá,35.7368154597709,América,América del Norte,Canadá
2006-11-01,América. América del Norte. Canadá,36.4789284835622,América,América del Norte,Canadá
2006-12-01,América. América del Norte. Canadá,48.756011583662,América,América del Norte,Canadá
2007-01-01,América. América del Norte. Canadá,31.3051977895696,América,América del Norte,Canadá
2007-02-01,América. América del Norte. Canadá,58.4455578693659,América,América del Norte,Canadá
2007-03-01,América. América del Norte. Canadá,115.898205903281,América,América del Norte,Canadá
2007-04-01,América. América del Norte. Canadá,38.041500778887,América,América del Norte,Canadá
2007-05-01,América. América del Norte. Canadá,129.821253045557,América,América del Norte,Canadá
2007-06-01,América. América del Norte. Canadá,97.3361468084251,América,América del Norte,Canadá
2007-07-01,América. América del Norte. Canadá,122.447323874267,América,América del Norte,Canadá
2007-08-01,América. América del Norte. Canadá,71.8139256454219,América,América del Norte,Canadá
2007-09-01,América. América del Norte. Canadá,96.1793995951512,América,América del Norte,Canadá
2007-10-01,América. América del Norte. Canadá,120.830116394421,América,América del Norte,Canadá
2007-11-01,América. América del Norte. Canadá,52.056842485835,América,América del Norte,Canadá
2007-12-01,América. América del Norte. Canadá,63.8625589608305,América,América del Norte,Canadá
2008-01-01,América. América del Norte. Canadá,66.2330342339859,América,América del Norte,Canadá
2008-02-01,América. América del Norte. Canadá,80.2414754981487,América,América del Norte,Canadá
2008-03-01,América. América del Norte. Canadá,52.2618728909049,América,América del Norte,Canadá
2008-04-01,América. América del Norte. Canadá,130.39875783303,América,América del Norte,Canadá
2008-05-01,América. América del Norte. Canadá,122.870195581112,América,América del Norte,Canadá
2008-06-01,América. América del Norte. Canadá,94.0942239184425,América,América del Norte,Canadá
2008-07-01,América. América del Norte. Canadá,84.2125456956912,América,América del Norte,Canadá
2008-08-01,América. América del Norte. Canadá,159.650464763626,América,América del Norte,Canadá
2008-09-01,América. América del Norte. Canadá,54.3923547383418,América,América del Norte,Canadá
2008-10-01,América. América del Norte. Canadá,72.2811219368701,América,América del Norte,Canadá
2008-11-01,América. América del Norte. Canadá,57.2146675998734,América,América del Norte,Canadá
2008-12-01,América. América del Norte. Canadá,57.9248522434482,América,América del Norte,Canadá
2009-01-01,América. América del Norte. Canadá,53.3972114316325,América,América del Norte,Canadá
2009-02-01,América. América del Norte. Canadá,52.1190161205073,América,América del Norte,Canadá
2009-03-01,América. América del Norte. Canadá,74.5261893844967,América,América del Norte,Canadá
2009-04-01,América. América del Norte. Canadá,83.6994185208942,América,América del Norte,Canadá
2009-05-01,América. América del Norte. Canadá,54.6981663373449,América,América del Norte,Canadá
2009-06-01,América. América del Norte. Canadá,40.3986799547734,América,América del Norte,Canadá
2009-07-01,América. América del Norte. Canadá,50.5947105320695,América,América del Norte,Canadá
2009-08-01,América. América del Norte. Canadá,44.592824401169,América,América del Norte,Canadá
2009-09-01,América. América del Norte. Canadá,90.7602606686898,América,América del Norte,Canadá
2009-10-01,América. América del Norte. Canadá,70.1230446607221,América,América del Norte,Canadá
2009-11-01,América. América del Norte. Canadá,36.1663785176349,América,América del Norte,Canadá
2009-12-01,América. América del Norte. Canadá,90.2589025250987,América,América del Norte,Canadá
2010-01-01,América. América del Norte. Canadá,41.1865985159533,América,América del Norte,Canadá
2010-02-01,América. América del Norte. Canadá,44.2209054990276,América,América del Norte,Canadá
2010-03-01,América. América del Norte. Canadá,48.1771946084366,América,América del Norte,Canadá
2010-04-01,América. América del Norte. Canadá,152.154504077398,América,América del Norte,Canadá
2010-05-01,América. América del Norte. Canadá,78.913545849965,América,América del Norte,Canadá
2010-06-01,América. América del Norte. Canadá,45.1907939444891,América,América del Norte,Canadá
2010-07-01,América. América del Norte. Canadá,48.4803077306214,América,América del Norte,Canadá
2010-08-01,América. América del Norte. Canadá,59.5946044766223,América,América del Norte,Canadá
2010-09-01,América. América del Norte. Canadá,41.4996716063277,América,América del Norte,Canadá
2010-10-01,América. América del Norte. Canadá,50.1159636003184,América,América del Norte,Canadá
2010-11-01,América. América del Norte. Canadá,51.5278580435207,América,América del Norte,Canadá
2010-12-01,América. América del Norte. Canadá,65.1943385788282,América,América del Norte,Canadá
2011-01-01,América. América del Norte. Canadá,70.2313566813723,América,América del Norte,Canadá
2011-02-01,América. América del Norte. Canadá,50.8215695040667,América,América del Norte,Canadá
2011-03-01,América. América del Norte. Canadá,99.4441371211098,América,América del Norte,Canadá
2011-04-01,América. América del Norte. Canadá,56.0309680370407,América,América del Norte,Canadá
2011-05-01,América. América del Norte. Canadá,61.7949714892311,América,América del Norte,Canadá
2011-06-01,América. América del Norte. Canadá,74.0842078338728,América,América del Norte,Canadá
2011-07-01,América. América del Norte. Canadá,79.9879282700303,América,América del Norte,Canadá
2011-08-01,América. América del Norte. Canadá,69.9604986661038,América,América del Norte,Canadá
2011-09-01,América. América del Norte. Canadá,86.3635618303956,América,América del Norte,Canadá
2011-10-01,América. América del Norte. Canadá,48.3902210794884,América,América del Norte,Canadá
2011-11-01,América. América del Norte. Canadá,114.075453303704,América,América del Norte,Canadá
2011-12-01,América. América del Norte. Canadá,96.3078008994987,América,América del Norte,Canadá
2012-01-01,América. América del Norte. Canadá,76.6482480968727,América,América del Norte,Canadá
2012-02-01,América. América del Norte. Canadá,90.0387040562372,América,América del Norte,Canadá
2012-03-01,América. América del Norte. Canadá,75.4766578321474,América,América del Norte,Canadá
2012-04-01,América. América del Norte. Canadá,78.9970307703121,América,América del Norte,Canadá
2012-05-01,América. América del Norte. Canadá,77.6232024296222,América,América del Norte,Canadá
2012-06-01,América. América del Norte. Canadá,122.781842563875,América,América del Norte,Canadá
2012-07-01,América. América del Norte. Canadá,110.755355301061,América,América del Norte,Canadá
2012-08-01,América. América del Norte. Canadá,137.182977261132,América,América del Norte,Canadá
2012-09-01,América. América del Norte. Canadá,54.7969038515662,América,América del Norte,Canadá
2012-10-01,América. América del Norte. Canadá,81.779299740579,América,América del Norte,Canadá
2012-11-01,América. América del Norte. Canadá,56.950398260826,América,América del Norte,Canadá
2012-12-01,América. América del Norte. Canadá,70.2670686746825,América,América del Norte,Canadá
2013-01-01,América. América del Norte. Canadá,66.5837880510539,América,América del Norte,Canadá
2013-02-01,América. América del Norte. Canadá,176.487841179765,América,América del Norte,Canadá
2013-03-01,América. América del Norte. Canadá,71.6983715757627,América,América del Norte,Canadá
2013-04-01,América. América del Norte. Canadá,249.350248691198,América,América del Norte,Canadá
2013-05-01,América. América del Norte. Canadá,256.986615832085,América,América del Norte,Canadá
2013-06-01,América. América del Norte. Canadá,59.5568315132725,América,América del Norte,Canadá
2013-07-01,América. América del Norte. Canadá,72.3593471326007,América,América del Norte,Canadá
2013-08-01,América. América del Norte. Canadá,67.5268458885919,América,América del Norte,Canadá
2013-09-01,América. América del Norte. Canadá,186.838241633647,América,América del Norte,Canadá
2013-10-01,América. América del Norte. Canadá,88.7574288127606,América,América del Norte,Canadá
2013-11-01,América. América del Norte. Canadá,170.870396823958,América,América del Norte,Canadá
2013-12-01,América. América del Norte. Canadá,74.4548088902438,América,América del Norte,Canadá
2014-01-01,América. América del Norte. Canadá,173.495148665227,América,América del Norte,Canadá
2014-02-01,América. América del Norte. Canadá,184.196459227684,América,América del Norte,Canadá
2014-03-01,América. América del Norte. Canadá,158.292304012581,América,América del Norte,Canadá
2014-04-01,América. América del Norte. Canadá,78.3940930837673,América,América del Norte,Canadá
2014-05-01,América. América del Norte. Canadá,81.7463936748823,América,América del Norte,Canadá
2014-06-01,América. América del Norte. Canadá,101.591236119561,América,América del Norte,Canadá
2014-07-01,América. América del Norte. Canadá,81.8171035445827,América,América del Norte,Canadá
2014-08-01,América. América del Norte. Canadá,74.2862266097576,América,América del Norte,Canadá
2014-09-01,América. América del Norte. Canadá,73.9006286480996,América,América del Norte,Canadá
2014-10-01,América. América del Norte. Canadá,95.3094327327769,América,América del Norte,Canadá
2014-11-01,América. América del Norte. Canadá,66.6226386688758,América,América del Norte,Canadá
2014-12-01,América. América del Norte. Canadá,95.8776785486687,América,América del Norte,Canadá
2015-01-01,América. América del Norte. Canadá,75.6873953741215,América,América del Norte,Canadá
2015-02-01,América. América del Norte. Canadá,47.1087337687717,América,América del Norte,Canadá
2015-03-01,América. América del Norte. Canadá,63.6202334761785,América,América del Norte,Canadá
2015-04-01,América. América del Norte. Canadá,68.4658984371106,América,América del Norte,Canadá
2015-05-01,América. América del Norte. Canadá,40.9690199388037,América,América del Norte,Canadá
2015-06-01,América. América del Norte. Canadá,67.8325830878529,América,América del Norte,Canadá
2015-07-01,América. América del Norte. Canadá,74.6727627615286,América,América del Norte,Canadá
2015-08-01,América. América del Norte. Canadá,84.2365691598999,América,América del Norte,Canadá
2015-09-01,América. América del Norte. Canadá,47.8603844992901,América,América del Norte,Canadá
2015-10-01,América. América del Norte. Canadá,54.4267013420363,América,América del Norte,Canadá
2015-11-01,América. América del Norte. Canadá,67.3241904238775,América,América del Norte,Canadá
2015-12-01,América. América del Norte. Canadá,51.5324440407389,América,América del Norte,Canadá
2016-01-01,América. América del Norte. Canadá,54.6788047755963,América,América del Norte,Canadá
2016-02-01,América. América del Norte. Canadá,33.4016641656692,América,América del Norte,Canadá
2016-03-01,América. América del Norte. Canadá,52.8555630550886,América,América del Norte,Canadá
2016-04-01,América. América del Norte. Canadá,50.9856315930629,América,América del Norte,Canadá
2016-05-01,América. América del Norte. Canadá,94.6739766894985,América,América del Norte,Canadá
2016-06-01,América. América del Norte. Canadá,48.2972104956568,América,América del Norte,Canadá
2016-07-01,América. América del Norte. Canadá,50.3826968581782,América,América del Norte,Canadá
2016-08-01,América. América del Norte. Canadá,43.1977784589329,América,América del Norte,Canadá
2016-09-01,América. América del Norte. Canadá,54.5313922713063,América,América del Norte,Canadá
2016-10-01,América. América del Norte. Canadá,49.4229161975259,América,América del Norte,Canadá
2016-11-01,América. América del Norte. Canadá,45.3990249781611,América,América del Norte,Canadá
2016-12-01,América. América del Norte. Canadá,51.3982333674908,América,América del Norte,Canadá
2017-01-01,América. América del Norte. Canadá,49.3810313409174,América,América del Norte,Canadá
2017-02-01,América. América del Norte. Canadá,57.2634404127704,América,América del Norte,Canadá
2017-03-01,América. América del Norte. Canadá,62.7606204305106,América,América del Norte,Canadá
2017-04-01,América. América del Norte. Canadá,70.9034974729943,América,América del Norte,Canadá
2017-05-01,América. América del Norte. Canadá,60.3855086128534,América,América del Norte,Canadá
2017-06-01,América. América del Norte. Canadá,75.5920038398068,América,América del Norte,Canadá
2017-07-01,América. América del Norte. Canadá,75.2703714458052,América,América del Norte,Canadá
2017-08-01,América. América del Norte. Canadá,55.9509219303204,América,América del Norte,Canadá
2017-09-01,América. América del Norte. Canadá,49.930866949735,América,América del Norte,Canadá
2017-10-01,América. América del Norte. Canadá,61.5004974215989,América,América del Norte,Canadá
2017-11-01,América. América del Norte. Canadá,84.550813216972,América,América del Norte,Canadá
2017-12-01,América. América del Norte. Canadá,58.2769666893473,América,América del Norte,Canadá
2018-01-01,América. América del Norte. Canadá,87.0031061282502,América,América del Norte,Canadá
2018-02-01,América. América del Norte. Canadá,60.7205633143216,América,América del Norte,Canadá
2018-03-01,América. América del Norte. Canadá,53.4122795500835,América,América del Norte,Canadá
2018-04-01,América. América del Norte. Canadá,62.5796461118858,América,América del Norte,Canadá
2018-05-01,América. América del Norte. Canadá,76.9663541786437,América,América del Norte,Canadá
2018-06-01,América. América del Norte. Canadá,83.204406036114,América,América del Norte,Canadá
2018-07-01,América. América del Norte. Canadá,56.6259401823592,América,América del Norte,Canadá
2018-08-01,América. América del Norte. Canadá,51.2330519968252,América,América del Norte,Canadá
2018-09-01,América. América del Norte. Canadá,66.7724827286068,América,América del Norte,Canadá
2018-10-01,América. América del Norte. Canadá,89.2302337182955,América,América del Norte,Canadá
2018-11-01,América. América del Norte. Canadá,116.260080616026,América,América del Norte,Canadá
2018-12-01,América. América del Norte. Canadá,78.4817163559254,América,América del Norte,Canadá
2019-01-01,América. América del Norte. Canadá,79.664653362503,América,América del Norte,Canadá
2019-02-01,América. América del Norte. Canadá,45.6563289138688,América,América del Norte,Canadá
2019-03-01,América. América del Norte. Canadá,76.7319763777533,América,América del Norte,Canadá
2019-04-01,América. América del Norte. Canadá,57.8194874561658,América,América del Norte,Canadá
2019-05-01,América. América del Norte. Canadá,59.1545721641024,América,América del Norte,Canadá
2019-06-01,América. América del Norte. Canadá,43.646963449905,América,América del Norte,Canadá
2019-07-01,América. América del Norte. Canadá,61.9907252345038,América,América del Norte,Canadá
2019-08-01,América. América del Norte. Canadá,60.3379614791411,América,América del Norte,Canadá
2019-09-01,América. América del Norte. Canadá,62.1969137289254,América,América del Norte,Canadá
2019-10-01,América. América del Norte. Canadá,66.5684468449868,América,América del Norte,Canadá
2019-11-01,América. América del Norte. Canadá,59.3754168440863,América,América del Norte,Canadá
2019-12-01,América. América del Norte. Canadá,57.7519579884023,América,América del Norte,Canadá
2020-01-01,América. América del Norte. Canadá,49.2614619905062,América,América del Norte,Canadá
2020-02-01,América. América del Norte. Canadá,53.1276341757375,América,América del Norte,Canadá
2020-03-01,América. América del Norte. Canadá,40.9696506139449,América,América del Norte,Canadá
2020-04-01,América. América del Norte. Canadá,51.4730416968678,América,América del Norte,Canadá
2020-05-01,América. América del Norte. Canadá,45.460055568353,América,América del Norte,Canadá
2020-06-01,América. América del Norte. Canadá,54.4351702307161,América,América del Norte,Canadá
2020-07-01,América. América del Norte. Canadá,76.5664229878654,América,América del Norte,Canadá
2020-08-01,América. América del Norte. Canadá,92.0751764754626,América,América del Norte,Canadá
2020-09-01,América. América del Norte. Canadá,74.5292177364582,América,América del Norte,Canadá
2020-10-01,América. América del Norte. Canadá,87.5478356317952,América,América del Norte,Canadá
2020-11-01,América. América del Norte. Canadá,82.0424982727512,América,América del Norte,Canadá
2020-12-01,América. América del Norte. Canadá,101.890190064895,América,América del Norte,Canadá
2021-01-01,América. América del Norte. Canadá,56.8260677736575,América,América del Norte,Canadá
2021-02-01,América. América del Norte. Canadá,54.894271459394,América,América del Norte,Canadá
2021-03-01,América. América del Norte. Canadá,129.780974785026,América,América del Norte,Canadá
2021-04-01,América. América del Norte. Canadá,157.488598318801,América,América del Norte,Canadá
2021-05-01,América. América del Norte. Canadá,74.3648134515231,América,América del Norte,Canadá
2021-06-01,América. América del Norte. Canadá,39.9535188891225,América,América del Norte,Canadá
2021-07-01,América. América del Norte. Canadá,180.193698993198,América,América del Norte,Canadá
2021-08-01,América. América del Norte. Canadá,82.6479506870253,América,América del Norte,Canadá
2021-09-01,América. América del Norte. Canadá,78.5362916861222,América,América del Norte,Canadá
2021-10-01,América. América del Norte. Canadá,79.6451972404464,América,América del Norte,Canadá
2021-11-01,América. América del Norte. Canadá,123.93134947003,América,América del Norte,Canadá
2021-12-01,América. América del Norte. Canadá,107.623615450307,América,América del Norte,Canadá
2022-01-01,América. América del Norte. Canadá,58.613810876,América,América del Norte,Canadá
2022-02-01,América. América del Norte. Canadá,80.2872041,América,América del Norte,Canadá
2022-03-01,América. América del Norte. Canadá,57.949776414,América,América del Norte,Canadá
2022-04-01,América. América del Norte. Canadá,85.525401758,América,América del Norte,Canadá
2022-05-01,América. América del Norte. Canadá,83.047101895,América,América del Norte,Canadá
2022-06-01,América. América del Norte. Canadá,141.82788784,América,América del Norte,Canadá
2022-07-01,América. América del Norte. Canadá,44.63567791,América,América del Norte,Canadá
2022-08-01,América. América del Norte. Canadá,108.68660634,América,América del Norte,Canadá
2022-09-01,América. América del Norte. Canadá,115.8974292,América,América del Norte,Canadá
2022-10-01,América. América del Norte. Canadá,79.586848482,América,América del Norte,Canadá
2022-11-01,América. América del Norte. Canadá,106.90463075,América,América del Norte,Canadá
2022-12-01,América. América del Norte. Canadá,68.089348256,América,América del Norte,Canadá
2023-01-01,América. América del Norte. Canadá,68.423131472,América,América del Norte,Canadá
2023-02-01,América. América del Norte. Canadá,44.916602922,América,América del Norte,Canadá
2023-03-01,América. América del Norte. Canadá,61.758299273,América,América del Norte,Canadá
2023-04-01,América. América del Norte. Canadá,98.227119205,América,América del Norte,Canadá
2023-05-01,América. América del Norte. Canadá,61.29556555,América,América del Norte,Canadá
2023-06-01,América. América del Norte. Canadá,85.298812413,América,América del Norte,Canadá
2023-07-01,América. América del Norte. Canadá,86.672216344,América,América del Norte,Canadá
2023-08-01,América. América del Norte. Canadá,73.124286892,América,América del Norte,Canadá
2023-09-01,América. América del Norte. Canadá,67.250331708,América,América del Norte,Canadá
2023-10-01,América. América del Norte. Canadá,66.763790761,América,América del Norte,Canadá
2023-11-01,América. América del Norte. Canadá,49.809859632,América,América del Norte,Canadá
2023-12-01,América. América del Norte. Canadá,49.563637977,América,América del Norte,Canadá
2024-01-01,América. América del Norte. Canadá,57.88017719,América,América del Norte,Canadá
2024-02-01,América. América del Norte. Canadá,35.772098701,América,América del Norte,Canadá
2024-03-01,América. América del Norte. Canadá,45.539305285,América,América del Norte,Canadá
2024-04-01,América. América del Norte. Canadá,44.755967568,América,América del Norte,Canadá
2024-05-01,América. América del Norte. Canadá,52.904190944,América,América del Norte,Canadá
2024-06-01,América. América del Norte. Canadá,46.152239627,América,América del Norte,Canadá
2024-07-01,América. América del Norte. Canadá,53.617645242,América,América del Norte,Canadá
2024-08-01,América. América del Norte. Canadá,45.765129015,América,América del Norte,Canadá
2024-09-01,América. América del Norte. Canadá,48.469115532,América,América del Norte,Canadá
2024-10-01,América. América del Norte. Canadá,44.926130369,América,América del Norte,Canadá
2024-11-01,América. América del Norte. Canadá,57.539008545,América,América del Norte,Canadá
2024-12-01,América. América del Norte. Canadá,56.258151597,América,América del Norte,Canadá
2025-01-01,América. América del Norte. Canadá,48.954012915,América,América del Norte,Canadá
2025-02-01,América. América del Norte. Canadá,62.243815337,América,América del Norte,Canadá
2025-03-01,América. América del Norte. Canadá,60.032434786,América,América del Norte,Canadá
2025-04-01,América. América del Norte. Canadá,58.258311468,América,América del Norte,Canadá
2025-05-01,América. América del Norte. Canadá,64.201075256,América,América del Norte,Canadá
2025-06-01,América. América del Norte. Canadá,77.206068547,América,América del Norte,Canadá
2025-07-01,América. América del Norte. Canadá,82.130682379,América,América del Norte,Canadá
2025-08-01,América. América del Norte. Canadá,42.154994692,América,América del Norte,Canadá
2025-09-01,América. América del Norte. Canadá,87.678486025,América,América del Norte,Canadá
2025-10-01,América. América del Norte. Canadá,62.993309701,América,América del Norte,Canadá
2025-11-01,América. América del Norte. Canadá,70.744348894,América,América del Norte,Canadá
2025-12-01,América. América del Norte. Canadá,39.30381875,América,América del Norte,Canadá
2026-01-01,América. América del Norte. Canadá,35.674586937,América,América del Norte,Canadá
2026-02-01,América. América del Norte. Canadá,79.181408393,América,América del Norte,Canadá
2026-03-01,América. América del Norte. Canadá,63.650973865,América,América del Norte,Canadá
2026-04-01,América. América del Norte. Canadá,61.509276444,América,América del Norte,Canadá
2026-05-01,América. América del Norte. Canadá,49.076025268,América,América del Norte,Canadá
2026-06-01,América. América del Norte. Canadá,108.3648461,América,América del Norte,Canadá
2003-01-01,América. América del Sur. Brasil,183.433208853771,América,América del Sur,Brasil
2003-02-01,América. América del Sur. Brasil,162.337167255605,América,América del Sur,Brasil
2003-03-01,América. América del Sur. Brasil,128.082110889866,América,América del Sur,Brasil
2003-04-01,América. América del Sur. Brasil,160.162211860723,América,América del Sur,Brasil
2003-05-01,América. América del Sur. Brasil,139.793149496956,América,América del Sur,Brasil
2003-06-01,América. América del Sur. Brasil,158.869479683105,América,América del Sur,Brasil
2003-07-01,América. América del Sur. Brasil,153.127910263417,América,América del Sur,Brasil
2003-08-01,América. América del Sur. Brasil,168.765256737145,América,América del Sur,Brasil
2003-09-01,América. América del Sur. Brasil,169.822656967653,América,América del Sur,Brasil
2003-10-01,América. América del Sur. Brasil,198.74079273586,América,América del Sur,Brasil
2003-11-01,América. América del Sur. Brasil,201.075709655009,América,América del Sur,Brasil
2003-12-01,América. América del Sur. Brasil,215.886326571785,América,América del Sur,Brasil
2004-01-01,América. América del Sur. Brasil,263.732689159498,América,América del Sur,Brasil
2004-02-01,América. América del Sur. Brasil,139.708065088481,América,América del Sur,Brasil
2004-03-01,América. América del Sur. Brasil,232.691299062187,América,América del Sur,Brasil
2004-04-01,América. América del Sur. Brasil,207.219336255466,América,América del Sur,Brasil
2004-05-01,América. América del Sur. Brasil,208.649514778,América,América del Sur,Brasil
2004-06-01,América. América del Sur. Brasil,187.47843526029,América,América del Sur,Brasil
2004-07-01,América. América del Sur. Brasil,254.879998653854,América,América del Sur,Brasil
2004-08-01,América. América del Sur. Brasil,227.422835027094,América,América del Sur,Brasil
2004-09-01,América. América del Sur. Brasil,295.326895813804,América,América del Sur,Brasil
2004-10-01,América. América del Sur. Brasil,266.33091600395,América,América del Sur,Brasil
2004-11-01,América. América del Sur. Brasil,264.356500607169,América,América del Sur,Brasil
2004-12-01,América. América del Sur. Brasil,285.890769990462,América,América del Sur,Brasil
2005-01-01,América. América del Sur. Brasil,272.00340848093,América,América del Sur,Brasil
2005-02-01,América. América del Sur. Brasil,225.888608038346,América,América del Sur,Brasil
2005-03-01,América. América del Sur. Brasil,301.422668170704,América,América del Sur,Brasil
2005-04-01,América. América del Sur. Brasil,283.66533411092,América,América del Sur,Brasil
2005-05-01,América. América del Sur. Brasil,275.838469179413,América,América del Sur,Brasil
2005-06-01,América. América del Sur. Brasil,278.102837748732,América,América del Sur,Brasil
2005-07-01,América. América del Sur. Brasil,302.854737908102,América,América del Sur,Brasil
2005-08-01,América. América del Sur. Brasil,329.120644109704,América,América del Sur,Brasil
2005-09-01,América. América del Sur. Brasil,380.338837506749,América,América del Sur,Brasil
2005-10-01,América. América del Sur. Brasil,472.294798092042,América,América del Sur,Brasil
2005-11-01,América. América del Sur. Brasil,397.376731244856,América,América del Sur,Brasil
2005-12-01,América. América del Sur. Brasil,301.426005934947,América,América del Sur,Brasil
2006-01-01,América. América del Sur. Brasil,392.723987441926,América,América del Sur,Brasil
2006-02-01,América. América del Sur. Brasil,313.218162937364,América,América del Sur,Brasil
2006-03-01,América. América del Sur. Brasil,317.610183627601,América,América del Sur,Brasil
2006-04-01,América. América del Sur. Brasil,271.140757848006,América,América del Sur,Brasil
2006-05-01,América. América del Sur. Brasil,441.157841968566,América,América del Sur,Brasil
2006-06-01,América. América del Sur. Brasil,312.959746070953,América,América del Sur,Brasil
2006-07-01,América. América del Sur. Brasil,329.02887535364,América,América del Sur,Brasil
2006-08-01,América. América del Sur. Brasil,355.065625095896,América,América del Sur,Brasil
2006-09-01,América. América del Sur. Brasil,453.405170918068,América,América del Sur,Brasil
2006-10-01,América. América del Sur. Brasil,357.601826196266,América,América del Sur,Brasil
2006-11-01,América. América del Sur. Brasil,380.626331364465,América,América del Sur,Brasil
2006-12-01,América. América del Sur. Brasil,354.793228131964,América,América del Sur,Brasil
2007-01-01,América. América del Sur. Brasil,351.177000758868,América,América del Sur,Brasil
2007-02-01,América. América del Sur. Brasil,358.655997333624,América,América del Sur,Brasil
2007-03-01,América. América del Sur. Brasil,437.998181709504,América,América del Sur,Brasil
2007-04-01,América. América del Sur. Brasil,328.989910730634,América,América del Sur,Brasil
2007-05-01,América. América del Sur. Brasil,353.335029797533,América,América del Sur,Brasil
2007-06-01,América. América del Sur. Brasil,299.85131588218,América,América del Sur,Brasil
2007-07-01,América. América del Sur. Brasil,444.908415982404,América,América del Sur,Brasil
2007-08-01,América. América del Sur. Brasil,393.064070176872,América,América del Sur,Brasil
2007-09-01,América. América del Sur. Brasil,339.897217295563,América,América del Sur,Brasil
2007-10-01,América. América del Sur. Brasil,372.92374870325,América,América del Sur,Brasil
2007-11-01,América. América del Sur. Brasil,388.4189797326,América,América del Sur,Brasil
2007-12-01,América. América del Sur. Brasil,459.783055675078,América,América del Sur,Brasil
2008-01-01,América. América del Sur. Brasil,344.340241332249,América,América del Sur,Brasil
2008-02-01,América. América del Sur. Brasil,442.054083726564,América,América del Sur,Brasil
2008-03-01,América. América del Sur. Brasil,361.551367300379,América,América del Sur,Brasil
2008-04-01,América. América del Sur. Brasil,475.362791818981,América,América del Sur,Brasil
2008-05-01,América. América del Sur. Brasil,387.650583168923,América,América del Sur,Brasil
2008-06-01,América. América del Sur. Brasil,405.963381754031,América,América del Sur,Brasil
2008-07-01,América. América del Sur. Brasil,469.277695191716,América,América del Sur,Brasil
2008-08-01,América. América del Sur. Brasil,611.257920221889,América,América del Sur,Brasil
2008-09-01,América. América del Sur. Brasil,572.494939685891,América,América del Sur,Brasil
2008-10-01,América. América del Sur. Brasil,516.831421142267,América,América del Sur,Brasil
2008-11-01,América. América del Sur. Brasil,350.052888918325,América,América del Sur,Brasil
2008-12-01,América. América del Sur. Brasil,365.879150159794,América,América del Sur,Brasil
2009-01-01,América. América del Sur. Brasil,248.140758793126,América,América del Sur,Brasil
2009-02-01,América. América del Sur. Brasil,188.466562717061,América,América del Sur,Brasil
2009-03-01,América. América del Sur. Brasil,212.832913163157,América,América del Sur,Brasil
2009-04-01,América. América del Sur. Brasil,245.384742360173,América,América del Sur,Brasil
2009-05-01,América. América del Sur. Brasil,170.949087620654,América,América del Sur,Brasil
2009-06-01,América. América del Sur. Brasil,168.837368903884,América,América del Sur,Brasil
2009-07-01,América. América del Sur. Brasil,348.638230435745,América,América del Sur,Brasil
2009-08-01,América. América del Sur. Brasil,219.930240643213,América,América del Sur,Brasil
2009-09-01,América. América del Sur. Brasil,213.18107574267,América,América del Sur,Brasil
2009-10-01,América. América del Sur. Brasil,242.922475772906,América,América del Sur,Brasil
2009-11-01,América. América del Sur. Brasil,337.885392944009,América,América del Sur,Brasil
2009-12-01,América. América del Sur. Brasil,282.119687393125,América,América del Sur,Brasil
2010-01-01,América. América del Sur. Brasil,235.207318416888,América,América del Sur,Brasil
2010-02-01,América. América del Sur. Brasil,304.848811905288,América,América del Sur,Brasil
2010-03-01,América. América del Sur. Brasil,233.619366619408,América,América del Sur,Brasil
2010-04-01,América. América del Sur. Brasil,413.718779143066,América,América del Sur,Brasil
2010-05-01,América. América del Sur. Brasil,387.641570011459,América,América del Sur,Brasil
2010-06-01,América. América del Sur. Brasil,414.457501925663,América,América del Sur,Brasil
2010-07-01,América. América del Sur. Brasil,450.445947173748,América,América del Sur,Brasil
2010-08-01,América. América del Sur. Brasil,453.619149279565,América,América del Sur,Brasil
2010-09-01,América. América del Sur. Brasil,394.454116557972,América,América del Sur,Brasil
2010-10-01,América. América del Sur. Brasil,448.586983941359,América,América del Sur,Brasil
2010-11-01,América. América del Sur. Brasil,371.725498601779,América,América del Sur,Brasil
2010-12-01,América. América del Sur. Brasil,551.826523688527,América,América del Sur,Brasil
2011-01-01,América. América del Sur. Brasil,488.435737522988,América,América del Sur,Brasil
2011-02-01,América. América del Sur. Brasil,466.393891356593,América,América del Sur,Brasil
2011-03-01,América. América del Sur. Brasil,513.63897434961,América,América del Sur,Brasil
2011-04-01,América. América del Sur. Brasil,425.88163477135,América,América del Sur,Brasil
2011-05-01,América. América del Sur. Brasil,631.952585898624,América,América del Sur,Brasil
2011-06-01,América. América del Sur. Brasil,451.374861065245,América,América del Sur,Brasil
2011-07-01,América. América del Sur. Brasil,459.902794820066,América,América del Sur,Brasil
2011-08-01,América. América del Sur. Brasil,713.678943069049,América,América del Sur,Brasil
2011-09-01,América. América del Sur. Brasil,525.581048130537,América,América del Sur,Brasil
2011-10-01,América. América del Sur. Brasil,457.67151533473,América,América del Sur,Brasil
2011-11-01,América. América del Sur. Brasil,514.340996816213,América,América del Sur,Brasil
2011-12-01,América. América del Sur. Brasil,575.017485806319,América,América del Sur,Brasil
2012-01-01,América. América del Sur. Brasil,454.496047558234,América,América del Sur,Brasil
2012-02-01,América. América del Sur. Brasil,333.32085762438,América,América del Sur,Brasil
2012-03-01,América. América del Sur. Brasil,508.113349511206,América,América del Sur,Brasil
2012-04-01,América. América del Sur. Brasil,555.981689529848,América,América del Sur,Brasil
2012-05-01,América. América del Sur. Brasil,326.346813577786,América,América del Sur,Brasil
2012-06-01,América. América del Sur. Brasil,303.424978712019,América,América del Sur,Brasil
2012-07-01,América. América del Sur. Brasil,353.236036654066,América,América del Sur,Brasil
2012-08-01,América. América del Sur. Brasil,507.388028459112,América,América del Sur,Brasil
2012-09-01,América. América del Sur. Brasil,366.174390870953,América,América del Sur,Brasil
2012-10-01,América. América del Sur. Brasil,710.009399475373,América,América del Sur,Brasil
2012-11-01,América. América del Sur. Brasil,370.152931118429,América,América del Sur,Brasil
2012-12-01,América. América del Sur. Brasil,398.36414453622,América,América del Sur,Brasil
2013-01-01,América. América del Sur. Brasil,471.97472206629,América,América del Sur,Brasil
2013-02-01,América. América del Sur. Brasil,333.600054988024,América,América del Sur,Brasil
2013-03-01,América. América del Sur. Brasil,296.93605009668,América,América del Sur,Brasil
2013-04-01,América. América del Sur. Brasil,474.723832559251,América,América del Sur,Brasil
2013-05-01,América. América del Sur. Brasil,461.743607310967,América,América del Sur,Brasil
2013-06-01,América. América del Sur. Brasil,343.139810121976,América,América del Sur,Brasil
2013-07-01,América. América del Sur. Brasil,450.683008103077,América,América del Sur,Brasil
2013-08-01,América. América del Sur. Brasil,553.418716032171,América,América del Sur,Brasil
2013-09-01,América. América del Sur. Brasil,261.010888064686,América,América del Sur,Brasil
2013-10-01,América. América del Sur. Brasil,568.608576423037,América,América del Sur,Brasil
2013-11-01,América. América del Sur. Brasil,508.021171785434,América,América del Sur,Brasil
2013-12-01,América. América del Sur. Brasil,379.299267960385,América,América del Sur,Brasil
2014-01-01,América. América del Sur. Brasil,365.264957732136,América,América del Sur,Brasil
2014-02-01,América. América del Sur. Brasil,381.181438349944,América,América del Sur,Brasil
2014-03-01,América. América del Sur. Brasil,534.503532742381,América,América del Sur,Brasil
2014-04-01,América. América del Sur. Brasil,610.169799162045,América,América del Sur,Brasil
2014-05-01,América. América del Sur. Brasil,356.394618715714,América,América del Sur,Brasil
2014-06-01,América. América del Sur. Brasil,308.228492993629,América,América del Sur,Brasil
2014-07-01,América. América del Sur. Brasil,693.983313488133,América,América del Sur,Brasil
2014-08-01,América. América del Sur. Brasil,555.472151805106,América,América del Sur,Brasil
2014-09-01,América. América del Sur. Brasil,449.248142320166,América,América del Sur,Brasil
2014-10-01,América. América del Sur. Brasil,433.279995490893,América,América del Sur,Brasil
2014-11-01,América. América del Sur. Brasil,421.089471725396,América,América del Sur,Brasil
2014-12-01,América. América del Sur. Brasil,564.329406377669,América,América del Sur,Brasil
2015-01-01,América. América del Sur. Brasil,335.041053607438,América,América del Sur,Brasil
2015-02-01,América. América del Sur. Brasil,373.177894035198,América,América del Sur,Brasil
2015-03-01,América. América del Sur. Brasil,410.851128122373,América,América del Sur,Brasil
2015-04-01,América. América del Sur. Brasil,413.863151364486,América,América del Sur,Brasil
2015-05-01,América. América del Sur. Brasil,408.03327786286,América,América del Sur,Brasil
2015-06-01,América. América del Sur. Brasil,467.190050884895,América,América del Sur,Brasil
2015-07-01,América. América del Sur. Brasil,448.663535230348,América,América del Sur,Brasil
2015-08-01,América. América del Sur. Brasil,343.815563088809,América,América del Sur,Brasil
2015-09-01,América. América del Sur. Brasil,430.357853061185,América,América del Sur,Brasil
2015-10-01,América. América del Sur. Brasil,363.51877398856,América,América del Sur,Brasil
2015-11-01,América. América del Sur. Brasil,435.854918464766,América,América del Sur,Brasil
2015-12-01,América. América del Sur. Brasil,425.970283917758,América,América del Sur,Brasil
2016-01-01,América. América del Sur. Brasil,311.523754357996,América,América del Sur,Brasil
2016-02-01,América. América del Sur. Brasil,279.380336627902,América,América del Sur,Brasil
2016-03-01,América. América del Sur. Brasil,419.869443002692,América,América del Sur,Brasil
2016-04-01,América. América del Sur. Brasil,335.494066702244,América,América del Sur,Brasil
2016-05-01,América. América del Sur. Brasil,387.834777635478,América,América del Sur,Brasil
2016-06-01,América. América del Sur. Brasil,328.521674514003,América,América del Sur,Brasil
2016-07-01,América. América del Sur. Brasil,372.334319974855,América,América del Sur,Brasil
2016-08-01,América. América del Sur. Brasil,509.991692152771,América,América del Sur,Brasil
2016-09-01,América. América del Sur. Brasil,400.379345139887,América,América del Sur,Brasil
2016-10-01,América. América del Sur. Brasil,456.720518333449,América,América del Sur,Brasil
2016-11-01,América. América del Sur. Brasil,453.147223449397,América,América del Sur,Brasil
2016-12-01,América. América del Sur. Brasil,524.09538705151,América,América del Sur,Brasil
2017-01-01,América. América del Sur. Brasil,399.828238133348,América,América del Sur,Brasil
2017-02-01,América. América del Sur. Brasil,388.501635383253,América,América del Sur,Brasil
2017-03-01,América. América del Sur. Brasil,520.300621914635,América,América del Sur,Brasil
2017-04-01,América. América del Sur. Brasil,336.70619846521,América,América del Sur,Brasil
2017-05-01,América. América del Sur. Brasil,448.50481827853,América,América del Sur,Brasil
2017-06-01,América. América del Sur. Brasil,493.356853177633,América,América del Sur,Brasil
2017-07-01,América. América del Sur. Brasil,424.518382970055,América,América del Sur,Brasil
2017-08-01,América. América del Sur. Brasil,475.752949181573,América,América del Sur,Brasil
2017-09-01,América. América del Sur. Brasil,408.343072915391,América,América del Sur,Brasil
2017-10-01,América. América del Sur. Brasil,643.196357326767,América,América del Sur,Brasil
2017-11-01,América. América del Sur. Brasil,531.566521515103,América,América del Sur,Brasil
2017-12-01,América. América del Sur. Brasil,630.438785251613,América,América del Sur,Brasil
2018-01-01,América. América del Sur. Brasil,458.11432923778,América,América del Sur,Brasil
2018-02-01,América. América del Sur. Brasil,477.104142859673,América,América del Sur,Brasil
2018-03-01,América. América del Sur. Brasil,614.961014626126,América,América del Sur,Brasil
2018-04-01,América. América del Sur. Brasil,654.230212340131,América,América del Sur,Brasil
2018-05-01,América. América del Sur. Brasil,578.306847161282,América,América del Sur,Brasil
2018-06-01,América. América del Sur. Brasil,563.739051413476,América,América del Sur,Brasil
2018-07-01,América. América del Sur. Brasil,538.619862892527,América,América del Sur,Brasil
2018-08-01,América. América del Sur. Brasil,707.308959737101,América,América del Sur,Brasil
2018-09-01,América. América del Sur. Brasil,473.262945256382,América,América del Sur,Brasil
2018-10-01,América. América del Sur. Brasil,749.750374204799,América,América del Sur,Brasil
2018-11-01,América. América del Sur. Brasil,415.533284264862,América,América del Sur,Brasil
2018-12-01,América. América del Sur. Brasil,523.747698574929,América,América del Sur,Brasil
2019-01-01,América. América del Sur. Brasil,451.632780084402,América,América del Sur,Brasil
2019-02-01,América. América del Sur. Brasil,509.738504363439,América,América del Sur,Brasil
2019-03-01,América. América del Sur. Brasil,423.469229916649,América,América del Sur,Brasil
2019-04-01,América. América del Sur. Brasil,520.050971786502,América,América del Sur,Brasil
2019-05-01,América. América del Sur. Brasil,427.090670437439,América,América del Sur,Brasil
2019-06-01,América. América del Sur. Brasil,473.119080278417,América,América del Sur,Brasil
2019-07-01,América. América del Sur. Brasil,568.944846180697,América,América del Sur,Brasil
2019-08-01,América. América del Sur. Brasil,484.747384064468,América,América del Sur,Brasil
2019-09-01,América. América del Sur. Brasil,500.767479663555,América,América del Sur,Brasil
2019-10-01,América. América del Sur. Brasil,478.870528592986,América,América del Sur,Brasil
2019-11-01,América. América del Sur. Brasil,417.174046962473,América,América del Sur,Brasil
2019-12-01,América. América del Sur. Brasil,442.969010954541,América,América del Sur,Brasil
2020-01-01,América. América del Sur. Brasil,460.452620205132,América,América del Sur,Brasil
2020-02-01,América. América del Sur. Brasil,388.10072138434,América,América del Sur,Brasil
2020-03-01,América. América del Sur. Brasil,321.083279489903,América,América del Sur,Brasil
2020-04-01,América. América del Sur. Brasil,349.90740150393,América,América del Sur,Brasil
2020-05-01,América. América del Sur. Brasil,258.724915101953,América,América del Sur,Brasil
2020-06-01,América. América del Sur. Brasil,278.431217946901,América,América del Sur,Brasil
2020-07-01,América. América del Sur. Brasil,325.366395678368,América,América del Sur,Brasil
2020-08-01,América. América del Sur. Brasil,341.067095352512,América,América del Sur,Brasil
2020-09-01,América. América del Sur. Brasil,381.769710295963,América,América del Sur,Brasil
2020-10-01,América. América del Sur. Brasil,390.255610996733,América,América del Sur,Brasil
2020-11-01,América. América del Sur. Brasil,396.047995425056,América,América del Sur,Brasil
2020-12-01,América. América del Sur. Brasil,475.089727289929,América,América del Sur,Brasil
2021-01-01,América. América del Sur. Brasil,475.217422906196,América,América del Sur,Brasil
2021-02-01,América. América del Sur. Brasil,432.440167280585,América,América del Sur,Brasil
2021-03-01,América. América del Sur. Brasil,580.67134859682,América,América del Sur,Brasil
2021-04-01,América. América del Sur. Brasil,381.908278934882,América,América del Sur,Brasil
2021-05-01,América. América del Sur. Brasil,579.964256569994,América,América del Sur,Brasil
2021-06-01,América. América del Sur. Brasil,585.92821137466,América,América del Sur,Brasil
2021-07-01,América. América del Sur. Brasil,603.402046370663,América,América del Sur,Brasil
2021-08-01,América. América del Sur. Brasil,900.401958164573,América,América del Sur,Brasil
2021-09-01,América. América del Sur. Brasil,770.856092089186,América,América del Sur,Brasil
2021-10-01,América. América del Sur. Brasil,858.187631776361,América,América del Sur,Brasil
2021-11-01,América. América del Sur. Brasil,715.432823954892,América,América del Sur,Brasil
2021-12-01,América. América del Sur. Brasil,882.249935027718,América,América del Sur,Brasil
2022-01-01,América. América del Sur. Brasil,816.17866269,América,América del Sur,Brasil
2022-02-01,América. América del Sur. Brasil,792.27401473,América,América del Sur,Brasil
2022-03-01,América. América del Sur. Brasil,820.98043303,América,América del Sur,Brasil
2022-04-01,América. América del Sur. Brasil,852.50394613,América,América del Sur,Brasil
2022-05-01,América. América del Sur. Brasil,740.11366026,América,América del Sur,Brasil
2022-06-01,América. América del Sur. Brasil,1041.5226938,América,América del Sur,Brasil
2022-07-01,América. América del Sur. Brasil,829.97002706,América,América del Sur,Brasil
2022-08-01,América. América del Sur. Brasil,917.77456723,América,América del Sur,Brasil
2022-09-01,América. América del Sur. Brasil,1032.464857,América,América del Sur,Brasil
2022-10-01,América. América del Sur. Brasil,859.02532353,América,América del Sur,Brasil
2022-11-01,América. América del Sur. Brasil,899.41230158,América,América del Sur,Brasil
2022-12-01,América. América del Sur. Brasil,792.30433352,América,América del Sur,Brasil
2023-01-01,América. América del Sur. Brasil,698.46311126,América,América del Sur,Brasil
2023-02-01,América. América del Sur. Brasil,650.93795388,América,América del Sur,Brasil
2023-03-01,América. América del Sur. Brasil,1067.9599177,América,América del Sur,Brasil
2023-04-01,América. América del Sur. Brasil,633.14209213,América,América del Sur,Brasil
2023-05-01,América. América del Sur. Brasil,777.7289911,América,América del Sur,Brasil
2023-06-01,América. América del Sur. Brasil,678.59660427,América,América del Sur,Brasil
2023-07-01,América. América del Sur. Brasil,741.3572027,América,América del Sur,Brasil
2023-08-01,América. América del Sur. Brasil,822.80404489,América,América del Sur,Brasil
2023-09-01,América. América del Sur. Brasil,562.54713638,América,América del Sur,Brasil
2023-10-01,América. América del Sur. Brasil,815.49806923,América,América del Sur,Brasil
2023-11-01,América. América del Sur. Brasil,811.24655526,América,América del Sur,Brasil
2023-12-01,América. América del Sur. Brasil,565.65749606,América,América del Sur,Brasil
2024-01-01,América. América del Sur. Brasil,698.70026383,América,América del Sur,Brasil
2024-02-01,América. América del Sur. Brasil,607.73096085,América,América del Sur,Brasil
2024-03-01,América. América del Sur. Brasil,480.5852823,América,América del Sur,Brasil
2024-04-01,América. América del Sur. Brasil,582.9063981,América,América del Sur,Brasil
2024-05-01,América. América del Sur. Brasil,804.93640552,América,América del Sur,Brasil
2024-06-01,América. América del Sur. Brasil,503.11017893,América,América del Sur,Brasil
2024-07-01,América. América del Sur. Brasil,644.98850658,América,América del Sur,Brasil
2024-08-01,América. América del Sur. Brasil,737.62429724,América,América del Sur,Brasil
2024-09-01,América. América del Sur. Brasil,488.68867489,América,América del Sur,Brasil
2024-10-01,América. América del Sur. Brasil,728.60169519,América,América del Sur,Brasil
2024-11-01,América. América del Sur. Brasil,574.66891009,América,América del Sur,Brasil
2024-12-01,América. América del Sur. Brasil,648.53897728,América,América del Sur,Brasil
2025-01-01,América. América del Sur. Brasil,447.73347088,América,América del Sur,Brasil
2025-02-01,América. América del Sur. Brasil,617.89661538,América,América del Sur,Brasil
2025-03-01,América. América del Sur. Brasil,514.64418585,América,América del Sur,Brasil
2025-04-01,América. América del Sur. Brasil,603.84410291,América,América del Sur,Brasil
2025-05-01,América. América del Sur. Brasil,561.82596351,América,América del Sur,Brasil
2025-06-01,América. América del Sur. Brasil,723.4141076,América,América del Sur,Brasil
2025-07-01,América. América del Sur. Brasil,738.61010895,América,América del Sur,Brasil
2025-08-01,América. América del Sur. Brasil,631.89329616,América,América del Sur,Brasil
2025-09-01,América. América del Sur. Brasil,735.63570108,América,América del Sur,Brasil
2025-10-01,América. América del Sur. Brasil,695.12914665,América,América del Sur,Brasil
2025-11-01,América. América del Sur. Brasil,862.85893409,América,América del Sur,Brasil
2025-12-01,América. América del Sur. Brasil,717.75408397,América,América del Sur,Brasil
2026-01-01,América. América del Sur. Brasil,541.29397674,América,América del Sur,Brasil
2026-02-01,América. América del Sur. Brasil,553.46337899,América,América del Sur,Brasil
2026-03-01,América. América del Sur. Brasil,716.53611887,América,América del Sur,Brasil
2026-04-01,América. América del Sur. Brasil,660.59957372,América,América del Sur,Brasil
2026-05-01,América. América del Sur. Brasil,599.92564177,América,América del Sur,Brasil
2026-06-01,América. América del Sur. Brasil,842.8848253,América,América del Sur,Brasil
2003-01-01,América. América del Sur. Argentina,377.0392134577,América,América del Sur,Argentina
2003-02-01,América. América del Sur. Argentina,283.267301165662,América,América del Sur,Argentina
2003-03-01,América. América del Sur. Argentina,283.025685129461,América,América del Sur,Argentina
2003-04-01,América. América del Sur. Argentina,314.592873813769,América,América del Sur,Argentina
2003-05-01,América. América del Sur. Argentina,308.893627466934,América,América del Sur,Argentina
2003-06-01,América. América del Sur. Argentina,264.562484665186,América,América del Sur,Argentina
2003-07-01,América. América del Sur. Argentina,369.054134341231,América,América del Sur,Argentina
2003-08-01,América. América del Sur. Argentina,308.000418615147,América,América del Sur,Argentina
2003-09-01,América. América del Sur. Argentina,299.551782614731,América,América del Sur,Argentina
2003-10-01,América. América del Sur. Argentina,371.432209058737,América,América del Sur,Argentina
2003-11-01,América. América del Sur. Argentina,301.991321545934,América,América del Sur,Argentina
2003-12-01,América. América del Sur. Argentina,301.549979518316,América,América del Sur,Argentina
2004-01-01,América. América del Sur. Argentina,333.278825718897,América,América del Sur,Argentina
2004-02-01,América. América del Sur. Argentina,293.134358303268,América,América del Sur,Argentina
2004-03-01,América. América del Sur. Argentina,373.71832517733,América,América del Sur,Argentina
2004-04-01,América. América del Sur. Argentina,329.08539030256,América,América del Sur,Argentina
2004-05-01,América. América del Sur. Argentina,358.949912511907,América,América del Sur,Argentina
2004-06-01,América. América del Sur. Argentina,306.15685406644,América,América del Sur,Argentina
2004-07-01,América. América del Sur. Argentina,355.658781821723,América,América del Sur,Argentina
2004-08-01,América. América del Sur. Argentina,352.95730927546,América,América del Sur,Argentina
2004-09-01,América. América del Sur. Argentina,348.111912169047,América,América del Sur,Argentina
2004-10-01,América. América del Sur. Argentina,420.906237946304,América,América del Sur,Argentina
2004-11-01,América. América del Sur. Argentina,328.9166073156,América,América del Sur,Argentina
2004-12-01,América. América del Sur. Argentina,361.822113361624,América,América del Sur,Argentina
2005-01-01,América. América del Sur. Argentina,359.825933634762,América,América del Sur,Argentina
2005-02-01,América. América del Sur. Argentina,376.732241069536,América,América del Sur,Argentina
2005-03-01,América. América del Sur. Argentina,374.750313648314,América,América del Sur,Argentina
2005-04-01,América. América del Sur. Argentina,374.937657286539,América,América del Sur,Argentina
2005-05-01,América. América del Sur. Argentina,393.588597090495,América,América del Sur,Argentina
2005-06-01,América. América del Sur. Argentina,358.238222422569,América,América del Sur,Argentina
2005-07-01,América. América del Sur. Argentina,490.76433764965,América,América del Sur,Argentina
2005-08-01,América. América del Sur. Argentina,381.990651132102,América,América del Sur,Argentina
2005-09-01,América. América del Sur. Argentina,471.35552783865,América,América del Sur,Argentina
2005-10-01,América. América del Sur. Argentina,445.41371026634,América,América del Sur,Argentina
2005-11-01,América. América del Sur. Argentina,419.252360644422,América,América del Sur,Argentina
2005-12-01,América. América del Sur. Argentina,384.613121371605,América,América del Sur,Argentina
2006-01-01,América. América del Sur. Argentina,419.554444387899,América,América del Sur,Argentina
2006-02-01,América. América del Sur. Argentina,350.846103170244,América,América del Sur,Argentina
2006-03-01,América. América del Sur. Argentina,405.93546362734,América,América del Sur,Argentina
2006-04-01,América. América del Sur. Argentina,326.452056196502,América,América del Sur,Argentina
2006-05-01,América. América del Sur. Argentina,436.268617216766,América,América del Sur,Argentina
2006-06-01,América. América del Sur. Argentina,352.482922060615,América,América del Sur,Argentina
2006-07-01,América. América del Sur. Argentina,343.426080793358,América,América del Sur,Argentina
2006-08-01,América. América del Sur. Argentina,378.391484637731,América,América del Sur,Argentina
2006-09-01,América. América del Sur. Argentina,416.964134846707,América,América del Sur,Argentina
2006-10-01,América. América del Sur. Argentina,374.103391774971,América,América del Sur,Argentina
2006-11-01,América. América del Sur. Argentina,389.267151987982,América,América del Sur,Argentina
2006-12-01,América. América del Sur. Argentina,348.11410676866,América,América del Sur,Argentina
2007-01-01,América. América del Sur. Argentina,398.653669501736,América,América del Sur,Argentina
2007-02-01,América. América del Sur. Argentina,339.585460567179,América,América del Sur,Argentina
2007-03-01,América. América del Sur. Argentina,346.392650548715,América,América del Sur,Argentina
2007-04-01,América. América del Sur. Argentina,361.172409278377,América,América del Sur,Argentina
2007-05-01,América. América del Sur. Argentina,377.721785887417,América,América del Sur,Argentina
2007-06-01,América. América del Sur. Argentina,330.007870891567,América,América del Sur,Argentina
2007-07-01,América. América del Sur. Argentina,293.341728988772,América,América del Sur,Argentina
2007-08-01,América. América del Sur. Argentina,349.700915008838,América,América del Sur,Argentina
2007-09-01,América. América del Sur. Argentina,306.374952752358,América,América del Sur,Argentina
2007-10-01,América. América del Sur. Argentina,421.346980037901,América,América del Sur,Argentina
2007-11-01,América. América del Sur. Argentina,432.473802881994,América,América del Sur,Argentina
2007-12-01,América. América del Sur. Argentina,423.658627160784,América,América del Sur,Argentina
2008-01-01,América. América del Sur. Argentina,369.929616325991,América,América del Sur,Argentina
2008-02-01,América. América del Sur. Argentina,360.327006296497,América,América del Sur,Argentina
2008-03-01,América. América del Sur. Argentina,447.896499544286,América,América del Sur,Argentina
2008-04-01,América. América del Sur. Argentina,498.579732012776,América,América del Sur,Argentina
2008-05-01,América. América del Sur. Argentina,416.134120548168,América,América del Sur,Argentina
2008-06-01,América. América del Sur. Argentina,342.323624467526,América,América del Sur,Argentina
2008-07-01,América. América del Sur. Argentina,451.859961696037,América,América del Sur,Argentina
2008-08-01,América. América del Sur. Argentina,470.029787756462,América,América del Sur,Argentina
2008-09-01,América. América del Sur. Argentina,459.243879023449,América,América del Sur,Argentina
2008-10-01,América. América del Sur. Argentina,453.401192948362,América,América del Sur,Argentina
2008-11-01,América. América del Sur. Argentina,340.049519350528,América,América del Sur,Argentina
2008-12-01,América. América del Sur. Argentina,444.366424939518,América,América del Sur,Argentina
2009-01-01,América. América del Sur. Argentina,399.302479173012,América,América del Sur,Argentina
2009-02-01,América. América del Sur. Argentina,342.139053280751,América,América del Sur,Argentina
2009-03-01,América. América del Sur. Argentina,410.970499491389,América,América del Sur,Argentina
2009-04-01,América. América del Sur. Argentina,450.835596959476,América,América del Sur,Argentina
2009-05-01,América. América del Sur. Argentina,310.614314080337,América,América del Sur,Argentina
2009-06-01,América. América del Sur. Argentina,329.525248195651,América,América del Sur,Argentina
2009-07-01,América. América del Sur. Argentina,375.126961217319,América,América del Sur,Argentina
2009-08-01,América. América del Sur. Argentina,404.401651540055,América,América del Sur,Argentina
2009-09-01,América. América del Sur. Argentina,365.604749158886,América,América del Sur,Argentina
2009-10-01,América. América del Sur. Argentina,418.94789338354,América,América del Sur,Argentina
2009-11-01,América. América del Sur. Argentina,381.507822884241,América,América del Sur,Argentina
2009-12-01,América. América del Sur. Argentina,458.528140526209,América,América del Sur,Argentina
2010-01-01,América. América del Sur. Argentina,385.363017270822,América,América del Sur,Argentina
2010-02-01,América. América del Sur. Argentina,394.150169634579,América,América del Sur,Argentina
2010-03-01,América. América del Sur. Argentina,394.871189305807,América,América del Sur,Argentina
2010-04-01,América. América del Sur. Argentina,313.585888928367,América,América del Sur,Argentina
2010-05-01,América. América del Sur. Argentina,485.370223323956,América,América del Sur,Argentina
2010-06-01,América. América del Sur. Argentina,405.907260302416,América,América del Sur,Argentina
2010-07-01,América. América del Sur. Argentina,344.437335882034,América,América del Sur,Argentina
2010-08-01,América. América del Sur. Argentina,367.814605692005,América,América del Sur,Argentina
2010-09-01,América. América del Sur. Argentina,383.092375011323,América,América del Sur,Argentina
2010-10-01,América. América del Sur. Argentina,364.530806492689,América,América del Sur,Argentina
2010-11-01,América. América del Sur. Argentina,434.509833385594,América,América del Sur,Argentina
2010-12-01,América. América del Sur. Argentina,419.645581593783,América,América del Sur,Argentina
2011-01-01,América. América del Sur. Argentina,304.392164949238,América,América del Sur,Argentina
2011-02-01,América. América del Sur. Argentina,361.865591862689,América,América del Sur,Argentina
2011-03-01,América. América del Sur. Argentina,524.238608895197,América,América del Sur,Argentina
2011-04-01,América. América del Sur. Argentina,303.937895749458,América,América del Sur,Argentina
2011-05-01,América. América del Sur. Argentina,343.416620151882,América,América del Sur,Argentina
2011-06-01,América. América del Sur. Argentina,332.92961749296,América,América del Sur,Argentina
2011-07-01,América. América del Sur. Argentina,268.700557168524,América,América del Sur,Argentina
2011-08-01,América. América del Sur. Argentina,405.677143852268,América,América del Sur,Argentina
2011-09-01,América. América del Sur. Argentina,586.122206085208,América,América del Sur,Argentina
2011-10-01,América. América del Sur. Argentina,472.777721711547,América,América del Sur,Argentina
2011-11-01,América. América del Sur. Argentina,479.860146100747,América,América del Sur,Argentina
2011-12-01,América. América del Sur. Argentina,359.361466677115,América,América del Sur,Argentina
2012-01-01,América. América del Sur. Argentina,491.988969918214,América,América del Sur,Argentina
2012-02-01,América. América del Sur. Argentina,360.824564589562,América,América del Sur,Argentina
2012-03-01,América. América del Sur. Argentina,409.65993299059,América,América del Sur,Argentina
2012-04-01,América. América del Sur. Argentina,327.624558794195,América,América del Sur,Argentina
2012-05-01,América. América del Sur. Argentina,517.661192956111,América,América del Sur,Argentina
2012-06-01,América. América del Sur. Argentina,380.160176969285,América,América del Sur,Argentina
2012-07-01,América. América del Sur. Argentina,485.420845809305,América,América del Sur,Argentina
2012-08-01,América. América del Sur. Argentina,420.37482317343,América,América del Sur,Argentina
2012-09-01,América. América del Sur. Argentina,396.391838353079,América,América del Sur,Argentina
2012-10-01,América. América del Sur. Argentina,510.412863482638,América,América del Sur,Argentina
2012-11-01,América. América del Sur. Argentina,569.978289209103,América,América del Sur,Argentina
2012-12-01,América. América del Sur. Argentina,413.724901290103,América,América del Sur,Argentina
2013-01-01,América. América del Sur. Argentina,382.444460167742,América,América del Sur,Argentina
2013-02-01,América. América del Sur. Argentina,413.006895686086,América,América del Sur,Argentina
2013-03-01,América. América del Sur. Argentina,323.427400611641,América,América del Sur,Argentina
2013-04-01,América. América del Sur. Argentina,301.843311709181,América,América del Sur,Argentina
2013-05-01,América. América del Sur. Argentina,387.23664527641,América,América del Sur,Argentina
2013-06-01,América. América del Sur. Argentina,365.59368839545,América,América del Sur,Argentina
2013-07-01,América. América del Sur. Argentina,425.53731482616,América,América del Sur,Argentina
2013-08-01,América. América del Sur. Argentina,278.951831502508,América,América del Sur,Argentina
2013-09-01,América. América del Sur. Argentina,242.940729825273,América,América del Sur,Argentina
2013-10-01,América. América del Sur. Argentina,310.236558819329,América,América del Sur,Argentina
2013-11-01,América. América del Sur. Argentina,229.920941056373,América,América del Sur,Argentina
2013-12-01,América. América del Sur. Argentina,269.272234332218,América,América del Sur,Argentina
2014-01-01,América. América del Sur. Argentina,298.118954767048,América,América del Sur,Argentina
2014-02-01,América. América del Sur. Argentina,251.958689346618,América,América del Sur,Argentina
2014-03-01,América. América del Sur. Argentina,218.569649084066,América,América del Sur,Argentina
2014-04-01,América. América del Sur. Argentina,224.546737882962,América,América del Sur,Argentina
2014-05-01,América. América del Sur. Argentina,231.316955537415,América,América del Sur,Argentina
2014-06-01,América. América del Sur. Argentina,219.883082216104,América,América del Sur,Argentina
2014-07-01,América. América del Sur. Argentina,265.242339111549,América,América del Sur,Argentina
2014-08-01,América. América del Sur. Argentina,224.63312607829,América,América del Sur,Argentina
2014-09-01,América. América del Sur. Argentina,239.885564322579,América,América del Sur,Argentina
2014-10-01,América. América del Sur. Argentina,265.769372008482,América,América del Sur,Argentina
2014-11-01,América. América del Sur. Argentina,246.627880763878,América,América del Sur,Argentina
2014-12-01,América. América del Sur. Argentina,228.240258828182,América,América del Sur,Argentina
2015-01-01,América. América del Sur. Argentina,213.956448169625,América,América del Sur,Argentina
2015-02-01,América. América del Sur. Argentina,200.509692483152,América,América del Sur,Argentina
2015-03-01,América. América del Sur. Argentina,237.859775834518,América,América del Sur,Argentina
2015-04-01,América. América del Sur. Argentina,223.950263463817,América,América del Sur,Argentina
2015-05-01,América. América del Sur. Argentina,189.660602552627,América,América del Sur,Argentina
2015-06-01,América. América del Sur. Argentina,238.902994860927,América,América del Sur,Argentina
2015-07-01,América. América del Sur. Argentina,241.787182263801,América,América del Sur,Argentina
2015-08-01,América. América del Sur. Argentina,167.284756235297,América,América del Sur,Argentina
2015-09-01,América. América del Sur. Argentina,220.245323795277,América,América del Sur,Argentina
2015-10-01,América. América del Sur. Argentina,199.8734100663,América,América del Sur,Argentina
2015-11-01,América. América del Sur. Argentina,209.086706453951,América,América del Sur,Argentina
2015-12-01,América. América del Sur. Argentina,178.051658711613,América,América del Sur,Argentina
2016-01-01,América. América del Sur. Argentina,175.738579309942,América,América del Sur,Argentina
2016-02-01,América. América del Sur. Argentina,205.988426365833,América,América del Sur,Argentina
2016-03-01,América. América del Sur. Argentina,227.289191439438,América,América del Sur,Argentina
2016-04-01,América. América del Sur. Argentina,203.565606023673,América,América del Sur,Argentina
2016-05-01,América. América del Sur. Argentina,227.930582895503,América,América del Sur,Argentina
2016-06-01,América. América del Sur. Argentina,154.392373557213,América,América del Sur,Argentina
2016-07-01,América. América del Sur. Argentina,178.68181479157,América,América del Sur,Argentina
2016-08-01,América. América del Sur. Argentina,251.897701512379,América,América del Sur,Argentina
2016-09-01,América. América del Sur. Argentina,241.846565989763,América,América del Sur,Argentina
2016-10-01,América. América del Sur. Argentina,219.592699568934,América,América del Sur,Argentina
2016-11-01,América. América del Sur. Argentina,223.230134924493,América,América del Sur,Argentina
2016-12-01,América. América del Sur. Argentina,236.68720564861,América,América del Sur,Argentina
2017-01-01,América. América del Sur. Argentina,239.761150440851,América,América del Sur,Argentina
2017-02-01,América. América del Sur. Argentina,236.836483518874,América,América del Sur,Argentina
2017-03-01,América. América del Sur. Argentina,258.734007560206,América,América del Sur,Argentina
2017-04-01,América. América del Sur. Argentina,217.766135705721,América,América del Sur,Argentina
2017-05-01,América. América del Sur. Argentina,229.712177081368,América,América del Sur,Argentina
2017-06-01,América. América del Sur. Argentina,226.844132504462,América,América del Sur,Argentina
2017-07-01,América. América del Sur. Argentina,240.910218434978,América,América del Sur,Argentina
2017-08-01,América. América del Sur. Argentina,266.765786212152,América,América del Sur,Argentina
2017-09-01,América. América del Sur. Argentina,254.314215694616,América,América del Sur,Argentina
2017-10-01,América. América del Sur. Argentina,230.165422893021,América,América del Sur,Argentina
2017-11-01,América. América del Sur. Argentina,273.710372021507,América,América del Sur,Argentina
2017-12-01,América. América del Sur. Argentina,254.135067983362,América,América del Sur,Argentina
2018-01-01,América. América del Sur. Argentina,262.811518911345,América,América del Sur,Argentina
2018-02-01,América. América del Sur. Argentina,236.470174152741,América,América del Sur,Argentina
2018-03-01,América. América del Sur. Argentina,296.989742617791,América,América del Sur,Argentina
2018-04-01,América. América del Sur. Argentina,260.83504799535,América,América del Sur,Argentina
2018-05-01,América. América del Sur. Argentina,257.879327259355,América,América del Sur,Argentina
2018-06-01,América. América del Sur. Argentina,273.193435387361,América,América del Sur,Argentina
2018-07-01,América. América del Sur. Argentina,288.243363001373,América,América del Sur,Argentina
2018-08-01,América. América del Sur. Argentina,275.695039535076,América,América del Sur,Argentina
2018-09-01,América. América del Sur. Argentina,252.645482151154,América,América del Sur,Argentina
2018-10-01,América. América del Sur. Argentina,344.218832412792,América,América del Sur,Argentina
2018-11-01,América. América del Sur. Argentina,280.674232325317,América,América del Sur,Argentina
2018-12-01,América. América del Sur. Argentina,307.253527566423,América,América del Sur,Argentina
2019-01-01,América. América del Sur. Argentina,293.841869116417,América,América del Sur,Argentina
2019-02-01,América. América del Sur. Argentina,318.74628299372,América,América del Sur,Argentina
2019-03-01,América. América del Sur. Argentina,287.491769601959,América,América del Sur,Argentina
2019-04-01,América. América del Sur. Argentina,281.069643410746,América,América del Sur,Argentina
2019-05-01,América. América del Sur. Argentina,300.446779839948,América,América del Sur,Argentina
2019-06-01,América. América del Sur. Argentina,242.342541112499,América,América del Sur,Argentina
2019-07-01,América. América del Sur. Argentina,283.281871055297,América,América del Sur,Argentina
2019-08-01,América. América del Sur. Argentina,304.755968825748,América,América del Sur,Argentina
2019-09-01,América. América del Sur. Argentina,262.02823563886,América,América del Sur,Argentina
2019-10-01,América. América del Sur. Argentina,318.02202460993,América,América del Sur,Argentina
2019-11-01,América. América del Sur. Argentina,287.463362065169,América,América del Sur,Argentina
2019-12-01,América. América del Sur. Argentina,335.967730115956,América,América del Sur,Argentina
2020-01-01,América. América del Sur. Argentina,315.002671826759,América,América del Sur,Argentina
2020-02-01,América. América del Sur. Argentina,298.122898473194,América,América del Sur,Argentina
2020-03-01,América. América del Sur. Argentina,278.133729859249,América,América del Sur,Argentina
2020-04-01,América. América del Sur. Argentina,269.171799251009,América,América del Sur,Argentina
2020-05-01,América. América del Sur. Argentina,230.312153322097,América,América del Sur,Argentina
2020-06-01,América. América del Sur. Argentina,195.393033516472,América,América del Sur,Argentina
2020-07-01,América. América del Sur. Argentina,271.593672656403,América,América del Sur,Argentina
2020-08-01,América. América del Sur. Argentina,298.484383293733,América,América del Sur,Argentina
2020-09-01,América. América del Sur. Argentina,281.70284315137,América,América del Sur,Argentina
2020-10-01,América. América del Sur. Argentina,342.202278040726,América,América del Sur,Argentina
2020-11-01,América. América del Sur. Argentina,263.045555405465,América,América del Sur,Argentina
2020-12-01,América. América del Sur. Argentina,265.611306532209,América,América del Sur,Argentina
2021-01-01,América. América del Sur. Argentina,241.554560921105,América,América del Sur,Argentina
2021-02-01,América. América del Sur. Argentina,283.455495534944,América,América del Sur,Argentina
2021-03-01,América. América del Sur. Argentina,322.024767858137,América,América del Sur,Argentina
2021-04-01,América. América del Sur. Argentina,363.744580870028,América,América del Sur,Argentina
2021-05-01,América. América del Sur. Argentina,377.824119172528,América,América del Sur,Argentina
2021-06-01,América. América del Sur. Argentina,357.051184430675,América,América del Sur,Argentina
2021-07-01,América. América del Sur. Argentina,435.248647146256,América,América del Sur,Argentina
2021-08-01,América. América del Sur. Argentina,429.897385979247,América,América del Sur,Argentina
2021-09-01,América. América del Sur. Argentina,476.790165614706,América,América del Sur,Argentina
2021-10-01,América. América del Sur. Argentina,550.061122801532,América,América del Sur,Argentina
2021-11-01,América. América del Sur. Argentina,521.622032923984,América,América del Sur,Argentina
2021-12-01,América. América del Sur. Argentina,526.311611173908,América,América del Sur,Argentina
2022-01-01,América. América del Sur. Argentina,387.1106803,América,América del Sur,Argentina
2022-02-01,América. América del Sur. Argentina,526.80725708,América,América del Sur,Argentina
2022-03-01,América. América del Sur. Argentina,564.40823542,América,América del Sur,Argentina
2022-04-01,América. América del Sur. Argentina,440.226345,América,América del Sur,Argentina
2022-05-01,América. América del Sur. Argentina,582.16045211,América,América del Sur,Argentina
2022-06-01,América. América del Sur. Argentina,510.26318855,América,América del Sur,Argentina
2022-07-01,América. América del Sur. Argentina,373.87060993,América,América del Sur,Argentina
2022-08-01,América. América del Sur. Argentina,593.21363744,América,América del Sur,Argentina
2022-09-01,América. América del Sur. Argentina,574.13807938,América,América del Sur,Argentina
2022-10-01,América. América del Sur. Argentina,494.53132416,América,América del Sur,Argentina
2022-11-01,América. América del Sur. Argentina,469.53534822,América,América del Sur,Argentina
2022-12-01,América. América del Sur. Argentina,439.97947057,América,América del Sur,Argentina
2023-01-01,América. América del Sur. Argentina,388.63586822,América,América del Sur,Argentina
2023-02-01,América. América del Sur. Argentina,410.80829872,América,América del Sur,Argentina
2023-03-01,América. América del Sur. Argentina,481.78283429,América,América del Sur,Argentina
2023-04-01,América. América del Sur. Argentina,436.14420331,América,América del Sur,Argentina
2023-05-01,América. América del Sur. Argentina,527.42586424,América,América del Sur,Argentina
2023-06-01,América. América del Sur. Argentina,414.57583109,América,América del Sur,Argentina
2023-07-01,América. América del Sur. Argentina,459.45632278,América,América del Sur,Argentina
2023-08-01,América. América del Sur. Argentina,576.11511558,América,América del Sur,Argentina
2023-09-01,América. América del Sur. Argentina,429.37714635,América,América del Sur,Argentina
2023-10-01,América. América del Sur. Argentina,464.29323285,América,América del Sur,Argentina
2023-11-01,América. América del Sur. Argentina,475.64007284,América,América del Sur,Argentina
2023-12-01,América. América del Sur. Argentina,467.44371718,América,América del Sur,Argentina
2024-01-01,América. América del Sur. Argentina,460.36050164,América,América del Sur,Argentina
2024-02-01,América. América del Sur. Argentina,457.30564804,América,América del Sur,Argentina
2024-03-01,América. América del Sur. Argentina,623.9752699,América,América del Sur,Argentina
2024-04-01,América. América del Sur. Argentina,502.77383118,América,América del Sur,Argentina
2024-05-01,América. América del Sur. Argentina,605.37406384,América,América del Sur,Argentina
2024-06-01,América. América del Sur. Argentina,469.3907148,América,América del Sur,Argentina
2024-07-01,América. América del Sur. Argentina,722.28369918,América,América del Sur,Argentina
2024-08-01,América. América del Sur. Argentina,639.65374811,América,América del Sur,Argentina
2024-09-01,América. América del Sur. Argentina,575.50564283,América,América del Sur,Argentina
2024-10-01,América. América del Sur. Argentina,667.071689,América,América del Sur,Argentina
2024-11-01,América. América del Sur. Argentina,610.2446676,América,América del Sur,Argentina
2024-12-01,América. América del Sur. Argentina,629.36201512,América,América del Sur,Argentina
2025-01-01,América. América del Sur. Argentina,620.33832941,América,América del Sur,Argentina
2025-02-01,América. América del Sur. Argentina,651.6930032,América,América del Sur,Argentina
2025-03-01,América. América del Sur. Argentina,566.77905986,América,América del Sur,Argentina
2025-04-01,América. América del Sur. Argentina,575.24234905,América,América del Sur,Argentina
2025-05-01,América. América del Sur. Argentina,595.72797713,América,América del Sur,Argentina
2025-06-01,América. América del Sur. Argentina,551.23853331,América,América del Sur,Argentina
2025-07-01,América. América del Sur. Argentina,648.27233211,América,América del Sur,Argentina
2025-08-01,América. América del Sur. Argentina,492.93312491,América,América del Sur,Argentina
2025-09-01,América. América del Sur. Argentina,563.23421904,América,América del Sur,Argentina
2025-10-01,América. América del Sur. Argentina,546.98975822,América,América del Sur,Argentina
2025-11-01,América. América del Sur. Argentina,481.40852537,América,América del Sur,Argentina
2025-12-01,América. América del Sur. Argentina,570.95030317,América,América del Sur,Argentina
2026-01-01,América. América del Sur. Argentina,438.46864953,América,América del Sur,Argentina
2026-02-01,América. América del Sur. Argentina,617.51638997,América,América del Sur,Argentina
2026-03-01,América. América del Sur. Argentina,655.55539601,América,América del Sur,Argentina
2026-04-01,América. América del Sur. Argentina,716.35270807,América,América del Sur,Argentina
2026-05-01,América. América del Sur. Argentina,640.84543474,América,América del Sur,Argentina
2026-06-01,América. América del Sur. Argentina,794.98012358,América,América del Sur,Argentina
2003-01-01,Europa. Unión Europea,255.985240510485,Europa,,Unión Europea
2003-02-01,Europa. Unión Europea,226.450456224575,Europa,,Unión Europea
2003-03-01,Europa. Unión Europea,297.143300564972,Europa,,Unión Europea
2003-04-01,Europa. Unión Europea,357.291128415943,Europa,,Unión Europea
2003-05-01,Europa. Unión Europea,294.853316624083,Europa,,Unión Europea
2003-06-01,Europa. Unión Europea,289.212587532671,Europa,,Unión Europea
2003-07-01,Europa. Unión Europea,261.402564819875,Europa,,Unión Europea
2003-08-01,Europa. Unión Europea,273.549441485793,Europa,,Unión Europea
2003-09-01,Europa. Unión Europea,248.843062987703,Europa,,Unión Europea
2003-10-01,Europa. Unión Europea,243.108475444571,Europa,,Unión Europea
2003-11-01,Europa. Unión Europea,236.775536334243,Europa,,Unión Europea
2003-12-01,Europa. Unión Europea,302.508528036984,Europa,,Unión Europea
2004-01-01,Europa. Unión Europea,276.28352700572,Europa,,Unión Europea
2004-02-01,Europa. Unión Europea,226.390042695831,Europa,,Unión Europea
2004-03-01,Europa. Unión Europea,316.211161264909,Europa,,Unión Europea
2004-04-01,Europa. Unión Europea,307.881671532498,Europa,,Unión Europea
2004-05-01,Europa. Unión Europea,296.344513973997,Europa,,Unión Europea
2004-06-01,Europa. Unión Europea,322.32420225086,Europa,,Unión Europea
2004-07-01,Europa. Unión Europea,311.796432303685,Europa,,Unión Europea
2004-08-01,Europa. Unión Europea,305.038230439751,Europa,,Unión Europea
2004-09-01,Europa. Unión Europea,320.530556722379,Europa,,Unión Europea
2004-10-01,Europa. Unión Europea,311.162809237726,Europa,,Unión Europea
2004-11-01,Europa. Unión Europea,276.131546740714,Europa,,Unión Europea
2004-12-01,Europa. Unión Europea,378.314594729435,Europa,,Unión Europea
2005-01-01,Europa. Unión Europea,345.044831797982,Europa,,Unión Europea
2005-02-01,Europa. Unión Europea,397.260703962432,Europa,,Unión Europea
2005-03-01,Europa. Unión Europea,399.355302659892,Europa,,Unión Europea
2005-04-01,Europa. Unión Europea,449.100167739034,Europa,,Unión Europea
2005-05-01,Europa. Unión Europea,420.739535535121,Europa,,Unión Europea
2005-06-01,Europa. Unión Europea,489.119560959687,Europa,,Unión Europea
2005-07-01,Europa. Unión Europea,467.236532772044,Europa,,Unión Europea
2005-08-01,Europa. Unión Europea,432.709305693354,Europa,,Unión Europea
2005-09-01,Europa. Unión Europea,443.696480495368,Europa,,Unión Europea
2005-10-01,Europa. Unión Europea,472.376272786453,Europa,,Unión Europea
2005-11-01,Europa. Unión Europea,452.179871324207,Europa,,Unión Europea
2005-12-01,Europa. Unión Europea,419.950420856606,Europa,,Unión Europea
2006-01-01,Europa. Unión Europea,453.760819313614,Europa,,Unión Europea
2006-02-01,Europa. Unión Europea,364.974763949225,Europa,,Unión Europea
2006-03-01,Europa. Unión Europea,472.363196645458,Europa,,Unión Europea
2006-04-01,Europa. Unión Europea,408.223143809153,Europa,,Unión Europea
2006-05-01,Europa. Unión Europea,480.826931794888,Europa,,Unión Europea
2006-06-01,Europa. Unión Europea,436.715885436672,Europa,,Unión Europea
2006-07-01,Europa. Unión Europea,490.399868980315,Europa,,Unión Europea
2006-08-01,Europa. Unión Europea,591.14222701163,Europa,,Unión Europea
2006-09-01,Europa. Unión Europea,567.522279526104,Europa,,Unión Europea
2006-10-01,Europa. Unión Europea,398.253525635965,Europa,,Unión Europea
2006-11-01,Europa. Unión Europea,507.026660927863,Europa,,Unión Europea
2006-12-01,Europa. Unión Europea,422.001681739913,Europa,,Unión Europea
2007-01-01,Europa. Unión Europea,456.21460400917,Europa,,Unión Europea
2007-02-01,Europa. Unión Europea,410.770673943811,Europa,,Unión Europea
2007-03-01,Europa. Unión Europea,523.877944685095,Europa,,Unión Europea
2007-04-01,Europa. Unión Europea,480.257120902096,Europa,,Unión Europea
2007-05-01,Europa. Unión Europea,507.459458881763,Europa,,Unión Europea
2007-06-01,Europa. Unión Europea,506.168990633636,Europa,,Unión Europea
2007-07-01,Europa. Unión Europea,523.999013501214,Europa,,Unión Europea
2007-08-01,Europa. Unión Europea,646.268790048689,Europa,,Unión Europea
2007-09-01,Europa. Unión Europea,477.533882168224,Europa,,Unión Europea
2007-10-01,Europa. Unión Europea,556.555882330753,Europa,,Unión Europea
2007-11-01,Europa. Unión Europea,569.508431094259,Europa,,Unión Europea
2007-12-01,Europa. Unión Europea,645.935710524768,Europa,,Unión Europea
2008-01-01,Europa. Unión Europea,599.338667790082,Europa,,Unión Europea
2008-02-01,Europa. Unión Europea,501.144852014003,Europa,,Unión Europea
2008-03-01,Europa. Unión Europea,596.934359539802,Europa,,Unión Europea
2008-04-01,Europa. Unión Europea,673.530731331552,Europa,,Unión Europea
2008-05-01,Europa. Unión Europea,620.591421437361,Europa,,Unión Europea
2008-06-01,Europa. Unión Europea,675.239565209002,Europa,,Unión Europea
2008-07-01,Europa. Unión Europea,765.920909357099,Europa,,Unión Europea
2008-08-01,Europa. Unión Europea,759.286521985768,Europa,,Unión Europea
2008-09-01,Europa. Unión Europea,719.346184794756,Europa,,Unión Europea
2008-10-01,Europa. Unión Europea,783.339319087992,Europa,,Unión Europea
2008-11-01,Europa. Unión Europea,551.665861584647,Europa,,Unión Europea
2008-12-01,Europa. Unión Europea,559.37763473144,Europa,,Unión Europea
2009-01-01,Europa. Unión Europea,589.125265456381,Europa,,Unión Europea
2009-02-01,Europa. Unión Europea,425.866177398065,Europa,,Unión Europea
2009-03-01,Europa. Unión Europea,507.29255020108,Europa,,Unión Europea
2009-04-01,Europa. Unión Europea,585.963536048975,Europa,,Unión Europea
2009-05-01,Europa. Unión Europea,482.712013454884,Europa,,Unión Europea
2009-06-01,Europa. Unión Europea,606.861120977502,Europa,,Unión Europea
2009-07-01,Europa. Unión Europea,719.549330929225,Europa,,Unión Europea
2009-08-01,Europa. Unión Europea,586.44693370813,Europa,,Unión Europea
2009-09-01,Europa. Unión Europea,481.923354728729,Europa,,Unión Europea
2009-10-01,Europa. Unión Europea,602.983959062906,Europa,,Unión Europea
2009-11-01,Europa. Unión Europea,657.08718678222,Europa,,Unión Europea
2009-12-01,Europa. Unión Europea,613.635565398394,Europa,,Unión Europea
2010-01-01,Europa. Unión Europea,692.872302870858,Europa,,Unión Europea
2010-02-01,Europa. Unión Europea,587.3670391669,Europa,,Unión Europea
2010-03-01,Europa. Unión Europea,579.968358281343,Europa,,Unión Europea
2010-04-01,Europa. Unión Europea,562.846627502216,Europa,,Unión Europea
2010-05-01,Europa. Unión Europea,592.801520124604,Europa,,Unión Europea
2010-06-01,Europa. Unión Europea,612.350159704321,Europa,,Unión Europea
2010-07-01,Europa. Unión Europea,631.398226205928,Europa,,Unión Europea
2010-08-01,Europa. Unión Europea,721.268197751518,Europa,,Unión Europea
2010-09-01,Europa. Unión Europea,628.629274087144,Europa,,Unión Europea
2010-10-01,Europa. Unión Europea,848.224041825565,Europa,,Unión Europea
2010-11-01,Europa. Unión Europea,795.394461213449,Europa,,Unión Europea
2010-12-01,Europa. Unión Europea,781.87282054854,Europa,,Unión Europea
2011-01-01,Europa. Unión Europea,712.29712794618,Europa,,Unión Europea
2011-02-01,Europa. Unión Europea,729.629929553156,Europa,,Unión Europea
2011-03-01,Europa. Unión Europea,939.504169064721,Europa,,Unión Europea
2011-04-01,Europa. Unión Europea,997.021496609724,Europa,,Unión Europea
2011-05-01,Europa. Unión Europea,832.042783950582,Europa,,Unión Europea
2011-06-01,Europa. Unión Europea,1005.03222192285,Europa,,Unión Europea
2011-07-01,Europa. Unión Europea,803.048679046132,Europa,,Unión Europea
2011-08-01,Europa. Unión Europea,829.252448085321,Europa,,Unión Europea
2011-09-01,Europa. Unión Europea,828.721598156148,Europa,,Unión Europea
2011-10-01,Europa. Unión Europea,813.833710039587,Europa,,Unión Europea
2011-11-01,Europa. Unión Europea,892.640127220418,Europa,,Unión Europea
2011-12-01,Europa. Unión Europea,974.414689443275,Europa,,Unión Europea
2012-01-01,Europa. Unión Europea,786.967989131547,Europa,,Unión Europea
2012-02-01,Europa. Unión Europea,676.492258849068,Europa,,Unión Europea
2012-03-01,Europa. Unión Europea,893.92650229039,Europa,,Unión Europea
2012-04-01,Europa. Unión Europea,772.980531323189,Europa,,Unión Europea
2012-05-01,Europa. Unión Europea,889.669572870615,Europa,,Unión Europea
2012-06-01,Europa. Unión Europea,710.399934716044,Europa,,Unión Europea
2012-07-01,Europa. Unión Europea,921.370541168119,Europa,,Unión Europea
2012-08-01,Europa. Unión Europea,1069.97584379692,Europa,,Unión Europea
2012-09-01,Europa. Unión Europea,914.506852125778,Europa,,Unión Europea
2012-10-01,Europa. Unión Europea,1074.76161038618,Europa,,Unión Europea
2012-11-01,Europa. Unión Europea,982.039128122525,Europa,,Unión Europea
2012-12-01,Europa. Unión Europea,968.566909084609,Europa,,Unión Europea
2013-01-01,Europa. Unión Europea,1077.73404699858,Europa,,Unión Europea
2013-02-01,Europa. Unión Europea,961.45516436019,Europa,,Unión Europea
2013-03-01,Europa. Unión Europea,1104.44906597323,Europa,,Unión Europea
2013-04-01,Europa. Unión Europea,1066.62012175014,Europa,,Unión Europea
2013-05-01,Europa. Unión Europea,1414.21239707053,Europa,,Unión Europea
2013-06-01,Europa. Unión Europea,1023.71127338925,Europa,,Unión Europea
2013-07-01,Europa. Unión Europea,1189.95023517442,Europa,,Unión Europea
2013-08-01,Europa. Unión Europea,1190.84611009239,Europa,,Unión Europea
2013-09-01,Europa. Unión Europea,937.693395996072,Europa,,Unión Europea
2013-10-01,Europa. Unión Europea,950.159145382688,Europa,,Unión Europea
2013-11-01,Europa. Unión Europea,985.911719597641,Europa,,Unión Europea
2013-12-01,Europa. Unión Europea,1114.94993756176,Europa,,Unión Europea
2014-01-01,Europa. Unión Europea,990.933684475655,Europa,,Unión Europea
2014-02-01,Europa. Unión Europea,741.117534926156,Europa,,Unión Europea
2014-03-01,Europa. Unión Europea,1108.20472508337,Europa,,Unión Europea
2014-04-01,Europa. Unión Europea,890.607259384475,Europa,,Unión Europea
2014-05-01,Europa. Unión Europea,962.855606423967,Europa,,Unión Europea
2014-06-01,Europa. Unión Europea,1001.87096817394,Europa,,Unión Europea
2014-07-01,Europa. Unión Europea,990.267925433852,Europa,,Unión Europea
2014-08-01,Europa. Unión Europea,772.26516929844,Europa,,Unión Europea
2014-09-01,Europa. Unión Europea,797.411684623204,Europa,,Unión Europea
2014-10-01,Europa. Unión Europea,763.819280730604,Europa,,Unión Europea
2014-11-01,Europa. Unión Europea,926.694725237846,Europa,,Unión Europea
2014-12-01,Europa. Unión Europea,1225.37553026828,Europa,,Unión Europea
2015-01-01,Europa. Unión Europea,757.971151183701,Europa,,Unión Europea
2015-02-01,Europa. Unión Europea,693.729474566964,Europa,,Unión Europea
2015-03-01,Europa. Unión Europea,736.955575501299,Europa,,Unión Europea
2015-04-01,Europa. Unión Europea,841.69678909194,Europa,,Unión Europea
2015-05-01,Europa. Unión Europea,655.097083366116,Europa,,Unión Europea
2015-06-01,Europa. Unión Europea,734.124696775362,Europa,,Unión Europea
2015-07-01,Europa. Unión Europea,905.258511583346,Europa,,Unión Europea
2015-08-01,Europa. Unión Europea,775.324247402963,Europa,,Unión Europea
2015-09-01,Europa. Unión Europea,834.16199257148,Europa,,Unión Europea
2015-10-01,Europa. Unión Europea,866.066841504642,Europa,,Unión Europea
2015-11-01,Europa. Unión Europea,776.266778089216,Europa,,Unión Europea
2015-12-01,Europa. Unión Europea,1101.7775769098,Europa,,Unión Europea
2016-01-01,Europa. Unión Europea,674.345115289786,Europa,,Unión Europea
2016-02-01,Europa. Unión Europea,801.245392442545,Europa,,Unión Europea
2016-03-01,Europa. Unión Europea,1031.71222258892,Europa,,Unión Europea
2016-04-01,Europa. Unión Europea,897.95585445493,Europa,,Unión Europea
2016-05-01,Europa. Unión Europea,911.815532960824,Europa,,Unión Europea
2016-06-01,Europa. Unión Europea,679.833680244577,Europa,,Unión Europea
2016-07-01,Europa. Unión Europea,804.361475181162,Europa,,Unión Europea
2016-08-01,Europa. Unión Europea,934.406802854762,Europa,,Unión Europea
2016-09-01,Europa. Unión Europea,734.157621911044,Europa,,Unión Europea
2016-10-01,Europa. Unión Europea,739.201025110643,Europa,,Unión Europea
2016-11-01,Europa. Unión Europea,836.108437577957,Europa,,Unión Europea
2016-12-01,Europa. Unión Europea,976.318953425227,Europa,,Unión Europea
2017-01-01,Europa. Unión Europea,734.122574506858,Europa,,Unión Europea
2017-02-01,Europa. Unión Europea,624.008047564954,Europa,,Unión Europea
2017-03-01,Europa. Unión Europea,924.178588860477,Europa,,Unión Europea
2017-04-01,Europa. Unión Europea,722.723484147323,Europa,,Unión Europea
2017-05-01,Europa. Unión Europea,761.43412560019,Europa,,Unión Europea
2017-06-01,Europa. Unión Europea,822.445550049547,Europa,,Unión Europea
2017-07-01,Europa. Unión Europea,753.807260862646,Europa,,Unión Europea
2017-08-01,Europa. Unión Europea,899.709434911674,Europa,,Unión Europea
2017-09-01,Europa. Unión Europea,874.824099147708,Europa,,Unión Europea
2017-10-01,Europa. Unión Europea,783.783287206208,Europa,,Unión Europea
2017-11-01,Europa. Unión Europea,912.427744991785,Europa,,Unión Europea
2017-12-01,Europa. Unión Europea,878.951576111528,Europa,,Unión Europea
2018-01-01,Europa. Unión Europea,837.021432551604,Europa,,Unión Europea
2018-02-01,Europa. Unión Europea,706.969631783113,Europa,,Unión Europea
2018-03-01,Europa. Unión Europea,995.742919368144,Europa,,Unión Europea
2018-04-01,Europa. Unión Europea,920.589447049881,Europa,,Unión Europea
2018-05-01,Europa. Unión Europea,1050.91996965552,Europa,,Unión Europea
2018-06-01,Europa. Unión Europea,874.002902273187,Europa,,Unión Europea
2018-07-01,Europa. Unión Europea,863.903548094543,Europa,,Unión Europea
2018-08-01,Europa. Unión Europea,947.333365550209,Europa,,Unión Europea
2018-09-01,Europa. Unión Europea,981.962698935374,Europa,,Unión Europea
2018-10-01,Europa. Unión Europea,1074.25489340207,Europa,,Unión Europea
2018-11-01,Europa. Unión Europea,856.485078720402,Europa,,Unión Europea
2018-12-01,Europa. Unión Europea,948.9649829458,Europa,,Unión Europea
2019-01-01,Europa. Unión Europea,935.665438274448,Europa,,Unión Europea
2019-02-01,Europa. Unión Europea,738.327717684005,Europa,,Unión Europea
2019-03-01,Europa. Unión Europea,958.089683545618,Europa,,Unión Europea
2019-04-01,Europa. Unión Europea,1012.98919650303,Europa,,Unión Europea
2019-05-01,Europa. Unión Europea,928.493475953979,Europa,,Unión Europea
2019-06-01,Europa. Unión Europea,805.052777007009,Europa,,Unión Europea
2019-07-01,Europa. Unión Europea,971.969077237682,Europa,,Unión Europea
2019-08-01,Europa. Unión Europea,973.37699754261,Europa,,Unión Europea
2019-09-01,Europa. Unión Europea,890.913023300382,Europa,,Unión Europea
2019-10-01,Europa. Unión Europea,957.305195523362,Europa,,Unión Europea
2019-11-01,Europa. Unión Europea,901.631005749092,Europa,,Unión Europea
2019-12-01,Europa. Unión Europea,1130.62607703741,Europa,,Unión Europea
2020-01-01,Europa. Unión Europea,790.549653034382,Europa,,Unión Europea
2020-02-01,Europa. Unión Europea,598.412949838442,Europa,,Unión Europea
2020-03-01,Europa. Unión Europea,732.726536803236,Europa,,Unión Europea
2020-04-01,Europa. Unión Europea,714.880521564665,Europa,,Unión Europea
2020-05-01,Europa. Unión Europea,664.147069841212,Europa,,Unión Europea
2020-06-01,Europa. Unión Europea,668.631368748978,Europa,,Unión Europea
2020-07-01,Europa. Unión Europea,725.486098390507,Europa,,Unión Europea
2020-08-01,Europa. Unión Europea,746.093248840487,Europa,,Unión Europea
2020-09-01,Europa. Unión Europea,737.320930056376,Europa,,Unión Europea
2020-10-01,Europa. Unión Europea,700.780054392582,Europa,,Unión Europea
2020-11-01,Europa. Unión Europea,668.18239248069,Europa,,Unión Europea
2020-12-01,Europa. Unión Europea,879.089949599808,Europa,,Unión Europea
2021-01-01,Europa. Unión Europea,718.752124438936,Europa,,Unión Europea
2021-02-01,Europa. Unión Europea,808.937769397907,Europa,,Unión Europea
2021-03-01,Europa. Unión Europea,1039.04901842056,Europa,,Unión Europea
2021-04-01,Europa. Unión Europea,972.425713105524,Europa,,Unión Europea
2021-05-01,Europa. Unión Europea,991.750635549811,Europa,,Unión Europea
2021-06-01,Europa. Unión Europea,918.68281432551,Europa,,Unión Europea
2021-07-01,Europa. Unión Europea,967.2286440949,Europa,,Unión Europea
2021-08-01,Europa. Unión Europea,971.374997615123,Europa,,Unión Europea
2021-09-01,Europa. Unión Europea,918.668955693012,Europa,,Unión Europea
2021-10-01,Europa. Unión Europea,1013.1615586709,Europa,,Unión Europea
2021-11-01,Europa. Unión Europea,997.376901260267,Europa,,Unión Europea
2021-12-01,Europa. Unión Europea,1031.880582406,Europa,,Unión Europea
2022-01-01,Europa. Unión Europea,843.74870058,Europa,,Unión Europea
2022-02-01,Europa. Unión Europea,937.41489463,Europa,,Unión Europea
2022-03-01,Europa. Unión Europea,1016.4461403,Europa,,Unión Europea
2022-04-01,Europa. Unión Europea,1030.3632894,Europa,,Unión Europea
2022-05-01,Europa. Unión Europea,1073.7068277,Europa,,Unión Europea
2022-06-01,Europa. Unión Europea,1013.4449696,Europa,,Unión Europea
2022-07-01,Europa. Unión Europea,908.22336631,Europa,,Unión Europea
2022-08-01,Europa. Unión Europea,940.0563101,Europa,,Unión Europea
2022-09-01,Europa. Unión Europea,978.19834753,Europa,,Unión Europea
2022-10-01,Europa. Unión Europea,873.8820195,Europa,,Unión Europea
2022-11-01,Europa. Unión Europea,1007.1635297,Europa,,Unión Europea
2022-12-01,Europa. Unión Europea,970.28475727,Europa,,Unión Europea
2023-01-01,Europa. Unión Europea,905.90070562,Europa,,Unión Europea
2023-02-01,Europa. Unión Europea,886.90277529,Europa,,Unión Europea
2023-03-01,Europa. Unión Europea,926.56435194,Europa,,Unión Europea
2023-04-01,Europa. Unión Europea,913.88144458,Europa,,Unión Europea
2023-05-01,Europa. Unión Europea,951.25759075,Europa,,Unión Europea
2023-06-01,Europa. Unión Europea,926.72343681,Europa,,Unión Europea
2023-07-01,Europa. Unión Europea,934.50872366,Europa,,Unión Europea
2023-08-01,Europa. Unión Europea,1004.590544,Europa,,Unión Europea
2023-09-01,Europa. Unión Europea,945.38070642,Europa,,Unión Europea
2023-10-01,Europa. Unión Europea,869.68296533,Europa,,Unión Europea
2023-11-01,Europa. Unión Europea,831.99348723,Europa,,Unión Europea
2023-12-01,Europa. Unión Europea,809.98353304,Europa,,Unión Europea
2024-01-01,Europa. Unión Europea,941.18863559,Europa,,Unión Europea
2024-02-01,Europa. Unión Europea,698.68190802,Europa,,Unión Europea
2024-03-01,Europa. Unión Europea,877.08872373,Europa,,Unión Europea
2024-04-01,Europa. Unión Europea,929.26785733,Europa,,Unión Europea
2024-05-01,Europa. Unión Europea,938.72419319,Europa,,Unión Europea
2024-06-01,Europa. Unión Europea,843.93264685,Europa,,Unión Europea
2024-07-01,Europa. Unión Europea,924.91359629,Europa,,Unión Europea
2024-08-01,Europa. Unión Europea,877.37228849,Europa,,Unión Europea
2024-09-01,Europa. Unión Europea,924.43697988,Europa,,Unión Europea
2024-10-01,Europa. Unión Europea,956.18323462,Europa,,Unión Europea
2024-11-01,Europa. Unión Europea,884.26316722,Europa,,Unión Europea
2024-12-01,Europa. Unión Europea,1054.0782309,Europa,,Unión Europea
2025-01-01,Europa. Unión Europea,910.01547161,Europa,,Unión Europea
2025-02-01,Europa. Unión Europea,691.74361612,Europa,,Unión Europea
2025-03-01,Europa. Unión Europea,976.20141989,Europa,,Unión Europea
2025-04-01,Europa. Unión Europea,983.26451636,Europa,,Unión Europea
2025-05-01,Europa. Unión Europea,1130.4022632,Europa,,Unión Europea
2025-06-01,Europa. Unión Europea,1119.9606532,Europa,,Unión Europea
2025-07-01,Europa. Unión Europea,1025.868698,Europa,,Unión Europea
2025-08-01,Europa. Unión Europea,1035.6980694,Europa,,Unión Europea
2025-09-01,Europa. Unión Europea,1060.9025085,Europa,,Unión Europea
2025-10-01,Europa. Unión Europea,1169.5841326,Europa,,Unión Europea
2025-11-01,Europa. Unión Europea,927.94536772,Europa,,Unión Europea
2025-12-01,Europa. Unión Europea,1137.5882902,Europa,,Unión Europea
2026-01-01,Europa. Unión Europea,949.71650903,Europa,,Unión Europea
2026-02-01,Europa. Unión Europea,857.41574648,Europa,,Unión Europea
2026-03-01,Europa. Unión Europea,1142.2299279,Europa,,Unión Europea
2026-04-01,Europa. Unión Europea,972.51774301,Europa,,Unión Europea
2026-05-01,Europa. Unión Europea,941.42550956,Europa,,Unión Europea
2026-06-01,Europa. Unión Europea,894.4685135,Europa,,Unión Europea
2003-01-01,Asia. China,152.459160168093,Asia,,China
2003-02-01,Asia. China,136.599955770114,Asia,,China
2003-03-01,Asia. China,114.556562361385,Asia,,China
2003-04-01,Asia. China,123.565438342966,Asia,,China
2003-05-01,Asia. China,154.07463803381,Asia,,China
2003-06-01,Asia. China,116.711530339561,Asia,,China
2003-07-01,Asia. China,160.283158390562,Asia,,China
2003-08-01,Asia. China,150.838982912652,Asia,,China
2003-09-01,Asia. China,174.317009595097,Asia,,China
2003-10-01,Asia. China,196.859215743194,Asia,,China
2003-11-01,Asia. China,171.371721291369,Asia,,China
2003-12-01,Asia. China,159.479428435702,Asia,,China
2004-01-01,Asia. China,168.454804772032,Asia,,China
2004-02-01,Asia. China,171.62191662231,Asia,,China
2004-03-01,Asia. China,126.111230871721,Asia,,China
2004-04-01,Asia. China,162.248369481468,Asia,,China
2004-05-01,Asia. China,172.161453756444,Asia,,China
2004-06-01,Asia. China,161.603034995277,Asia,,China
2004-07-01,Asia. China,232.691580941552,Asia,,China
2004-08-01,Asia. China,242.951644555177,Asia,,China
2004-09-01,Asia. China,260.507003099824,Asia,,China
2004-10-01,Asia. China,250.460091088179,Asia,,China
2004-11-01,Asia. China,242.069721380834,Asia,,China
2004-12-01,Asia. China,227.671679551956,Asia,,China
2005-01-01,Asia. China,194.000058273951,Asia,,China
2005-02-01,Asia. China,212.772361876473,Asia,,China
2005-03-01,Asia. China,253.479075324403,Asia,,China
2005-04-01,Asia. China,184.087106125163,Asia,,China
2005-05-01,Asia. China,218.656098039473,Asia,,China
2005-06-01,Asia. China,235.952373705631,Asia,,China
2005-07-01,Asia. China,266.20540985028,Asia,,China
2005-08-01,Asia. China,323.459721224147,Asia,,China
2005-09-01,Asia. China,315.913518075607,Asia,,China
2005-10-01,Asia. China,344.747280457065,Asia,,China
2005-11-01,Asia. China,317.639457305532,Asia,,China
2005-12-01,Asia. China,291.644635681794,Asia,,China
2006-01-01,Asia. China,302.399744194367,Asia,,China
2006-02-01,Asia. China,296.211758354871,Asia,,China
2006-03-01,Asia. China,319.870942980637,Asia,,China
2006-04-01,Asia. China,266.323614642435,Asia,,China
2006-05-01,Asia. China,325.259282424938,Asia,,China
2006-06-01,Asia. China,316.124616050086,Asia,,China
2006-07-01,Asia. China,353.289935180466,Asia,,China
2006-08-01,Asia. China,449.312231850324,Asia,,China
2006-09-01,Asia. China,393.797846306516,Asia,,China
2006-10-01,Asia. China,464.782315002718,Asia,,China
2006-11-01,Asia. China,454.976044911076,Asia,,China
2006-12-01,Asia. China,376.116906517789,Asia,,China
2007-01-01,Asia. China,414.806124272364,Asia,,China
2007-02-01,Asia. China,434.860827435351,Asia,,China
2007-03-01,Asia. China,494.08186430346,Asia,,China
2007-04-01,Asia. China,312.812372373409,Asia,,China
2007-05-01,Asia. China,396.286730104399,Asia,,China
2007-06-01,Asia. China,466.136674034831,Asia,,China
2007-07-01,Asia. China,535.358088766775,Asia,,China
2007-08-01,Asia. China,620.49178857404,Asia,,China
2007-09-01,Asia. China,529.045935784906,Asia,,China
2007-10-01,Asia. China,692.059336571701,Asia,,China
2007-11-01,Asia. China,572.367376812093,Asia,,China
2007-12-01,Asia. China,501.409745094849,Asia,,China
2008-01-01,Asia. China,563.499071822226,Asia,,China
2008-02-01,Asia. China,608.880163217305,Asia,,China
2008-03-01,Asia. China,559.517484034113,Asia,,China
2008-04-01,Asia. China,547.74201090242,Asia,,China
2008-05-01,Asia. China,595.511393144291,Asia,,China
2008-06-01,Asia. China,630.571003966966,Asia,,China
2008-07-01,Asia. China,806.718430489132,Asia,,China
2008-08-01,Asia. China,773.965209940696,Asia,,China
2008-09-01,Asia. China,837.908864875602,Asia,,China
2008-10-01,Asia. China,912.370622681847,Asia,,China
2008-11-01,Asia. China,718.098990710808,Asia,,China
2008-12-01,Asia. China,596.399881825691,Asia,,China
2009-01-01,Asia. China,540.706821823131,Asia,,China
2009-02-01,Asia. China,465.065689433382,Asia,,China
2009-03-01,Asia. China,356.937939358351,Asia,,China
2009-04-01,Asia. China,398.27731209041,Asia,,China
2009-05-01,Asia. China,394.814231164539,Asia,,China
2009-06-01,Asia. China,471.915728765888,Asia,,China
2009-07-01,Asia. China,505.451055003734,Asia,,China
2009-08-01,Asia. China,457.330773613855,Asia,,China
2009-09-01,Asia. China,561.336370265507,Asia,,China
2009-10-01,Asia. China,663.434620367987,Asia,,China
2009-11-01,Asia. China,625.9633156922,Asia,,China
2009-12-01,Asia. China,660.257373228095,Asia,,China
2010-01-01,Asia. China,632.865191372047,Asia,,China
2010-02-01,Asia. China,596.115561595092,Asia,,China
2010-03-01,Asia. China,712.674093203519,Asia,,China
2010-04-01,Asia. China,553.731494829541,Asia,,China
2010-05-01,Asia. China,667.639534184436,Asia,,China
2010-06-01,Asia. China,822.158481760683,Asia,,China
2010-07-01,Asia. China,1042.67065654251,Asia,,China
2010-08-01,Asia. China,1033.32413928148,Asia,,China
2010-09-01,Asia. China,1029.68755292777,Asia,,China
2010-10-01,Asia. China,1027.70332308942,Asia,,China
2010-11-01,Asia. China,874.751565281205,Asia,,China
2010-12-01,Asia. China,944.837835161614,Asia,,China
2011-01-01,Asia. China,871.974765113879,Asia,,China
2011-02-01,Asia. China,910.069178427557,Asia,,China
2011-03-01,Asia. China,874.869092303068,Asia,,China
2011-04-01,Asia. China,895.815325620371,Asia,,China
2011-05-01,Asia. China,954.866039033049,Asia,,China
2011-06-01,Asia. China,1034.47922960806,Asia,,China
2011-07-01,Asia. China,1178.61555542057,Asia,,China
2011-08-01,Asia. China,1319.62891774181,Asia,,China
2011-09-01,Asia. China,1253.83341534757,Asia,,China
2011-10-01,Asia. China,1162.1200114592,Asia,,China
2011-11-01,Asia. China,1171.76900745559,Asia,,China
2011-12-01,Asia. China,1010.05189019948,Asia,,China
2012-01-01,Asia. China,1114.51339773715,Asia,,China
2012-02-01,Asia. China,1183.81397414018,Asia,,China
2012-03-01,Asia. China,812.023305512236,Asia,,China
2012-04-01,Asia. China,1030.53213995866,Asia,,China
2012-05-01,Asia. China,1236.369894681,Asia,,China
2012-06-01,Asia. China,1234.97435530639,Asia,,China
2012-07-01,Asia. China,1291.85205513289,Asia,,China
2012-08-01,Asia. China,1448.62186788658,Asia,,China
2012-09-01,Asia. China,1206.85600435047,Asia,,China
2012-10-01,Asia. China,1630.95015641571,Asia,,China
2012-11-01,Asia. China,1128.97917679158,Asia,,China
2012-12-01,Asia. China,1116.90909708771,Asia,,China
2013-01-01,Asia. China,1282.24876316635,Asia,,China
2013-02-01,Asia. China,1269.66295182293,Asia,,China
2013-03-01,Asia. China,1129.22654313932,Asia,,China
2013-04-01,Asia. China,1077.99281614131,Asia,,China
2013-05-01,Asia. China,1274.69672526705,Asia,,China
2013-06-01,Asia. China,1213.99389726073,Asia,,China
2013-07-01,Asia. China,1384.32403485575,Asia,,China
2013-08-01,Asia. China,1462.67691577373,Asia,,China
2013-09-01,Asia. China,1319.12335692037,Asia,,China
2013-10-01,Asia. China,1759.85375840776,Asia,,China
2013-11-01,Asia. China,1230.44228255849,Asia,,China
2013-12-01,Asia. China,1379.64611056458,Asia,,China
2014-01-01,Asia. China,1332.95494534568,Asia,,China
2014-02-01,Asia. China,1300.88749161604,Asia,,China
2014-03-01,Asia. China,1019.3721486493,Asia,,China
2014-04-01,Asia. China,1076.49469981646,Asia,,China
2014-05-01,Asia. China,1149.03415432059,Asia,,China
2014-06-01,Asia. China,1165.61912261149,Asia,,China
2014-07-01,Asia. China,1306.71873560567,Asia,,China
2014-08-01,Asia. China,1284.51624688131,Asia,,China
2014-09-01,Asia. China,1369.33333519586,Asia,,China
2014-10-01,Asia. China,1446.06091627102,Asia,,China
2014-11-01,Asia. China,1265.68681570173,Asia,,China
2014-12-01,Asia. China,1237.84598752536,Asia,,China
2015-01-01,Asia. China,1280.08950472557,Asia,,China
2015-02-01,Asia. China,1198.19870153253,Asia,,China
2015-03-01,Asia. China,1289.86379993042,Asia,,China
2015-04-01,Asia. China,968.592397895718,Asia,,China
2015-05-01,Asia. China,951.039910139163,Asia,,China
2015-06-01,Asia. China,1073.59868228949,Asia,,China
2015-07-01,Asia. China,1335.64989668248,Asia,,China
2015-08-01,Asia. China,1373.12214893979,Asia,,China
2015-09-01,Asia. China,1379.49869631116,Asia,,China
2015-10-01,Asia. China,1464.42256413305,Asia,,China
2015-11-01,Asia. China,1166.37093002141,Asia,,China
2015-12-01,Asia. China,1198.5215081926,Asia,,China
2016-01-01,Asia. China,1143.80694199103,Asia,,China
2016-02-01,Asia. China,1197.35538895283,Asia,,China
2016-03-01,Asia. China,1069.53034293514,Asia,,China
2016-04-01,Asia. China,908.640915623694,Asia,,China
2016-05-01,Asia. China,1071.95688461171,Asia,,China
2016-06-01,Asia. China,1104.08602418263,Asia,,China
2016-07-01,Asia. China,1368.87037772236,Asia,,China
2016-08-01,Asia. China,1385.22012229724,Asia,,China
2016-09-01,Asia. China,1326.87639466943,Asia,,China
2016-10-01,Asia. China,1270.64003209962,Asia,,China
2016-11-01,Asia. China,1293.95078082593,Asia,,China
2016-12-01,Asia. China,1297.69127134319,Asia,,China
2017-01-01,Asia. China,1270.28441187494,Asia,,China
2017-02-01,Asia. China,1134.43290790897,Asia,,China
2017-03-01,Asia. China,1138.56688861939,Asia,,China
2017-04-01,Asia. China,1059.2102472264,Asia,,China
2017-05-01,Asia. China,1191.31654954771,Asia,,China
2017-06-01,Asia. China,1413.40096826275,Asia,,China
2017-07-01,Asia. China,1407.35599383831,Asia,,China
2017-08-01,Asia. China,1498.8117080103,Asia,,China
2017-09-01,Asia. China,1408.97410984432,Asia,,China
2017-10-01,Asia. China,1438.40597449062,Asia,,China
2017-11-01,Asia. China,1380.22492676276,Asia,,China
2017-12-01,Asia. China,1343.09475724528,Asia,,China
2018-01-01,Asia. China,1488.53252117897,Asia,,China
2018-02-01,Asia. China,1437.40134909404,Asia,,China
2018-03-01,Asia. China,1461.5712852937,Asia,,China
2018-04-01,Asia. China,1095.78512741768,Asia,,China
2018-05-01,Asia. China,1395.21166134975,Asia,,China
2018-06-01,Asia. China,1488.1110795259,Asia,,China
2018-07-01,Asia. China,1433.88533272496,Asia,,China
2018-08-01,Asia. China,1730.0276992616,Asia,,China
2018-09-01,Asia. China,1436.26261662246,Asia,,China
2018-10-01,Asia. China,1818.50598133465,Asia,,China
2018-11-01,Asia. China,1327.33730981634,Asia,,China
2018-12-01,Asia. China,1464.46662003154,Asia,,China
2019-01-01,Asia. China,1581.00466169984,Asia,,China
2019-02-01,Asia. China,1559.35746654184,Asia,,China
2019-03-01,Asia. China,1306.38769898459,Asia,,China
2019-04-01,Asia. China,1167.02746888213,Asia,,China
2019-05-01,Asia. China,1397.52399335536,Asia,,China
2019-06-01,Asia. China,1217.86559802242,Asia,,China
2019-07-01,Asia. China,1474.1041892991,Asia,,China
2019-08-01,Asia. China,1497.738031178,Asia,,China
2019-09-01,Asia. China,1318.24590032241,Asia,,China
2019-10-01,Asia. China,1432.60242945491,Asia,,China
2019-11-01,Asia. China,1313.80425003964,Asia,,China
2019-12-01,Asia. China,1190.97779552004,Asia,,China
2020-01-01,Asia. China,1485.9328587746,Asia,,China
2020-02-01,Asia. China,1161.8851731708,Asia,,China
2020-03-01,Asia. China,959.27120874067,Asia,,China
2020-04-01,Asia. China,1212.06933311032,Asia,,China
2020-05-01,Asia. China,1215.35132726469,Asia,,China
2020-06-01,Asia. China,1265.71344982618,Asia,,China
2020-07-01,Asia. China,1541.15082454872,Asia,,China
2020-08-01,Asia. China,1361.11092094703,Asia,,China
2020-09-01,Asia. China,1482.89160822535,Asia,,China
2020-10-01,Asia. China,1492.50404667649,Asia,,China
2020-11-01,Asia. China,1500.16533509994,Asia,,China
2020-12-01,Asia. China,1754.64831472736,Asia,,China
2021-01-01,Asia. China,1732.56106403784,Asia,,China
2021-02-01,Asia. China,1886.45464369829,Asia,,China
2021-03-01,Asia. China,2219.37458990962,Asia,,China
2021-04-01,Asia. China,1621.83861722326,Asia,,China
2021-05-01,Asia. China,2060.02872014909,Asia,,China
2021-06-01,Asia. China,2036.05817123114,Asia,,China
2021-07-01,Asia. China,2441.08484357798,Asia,,China
2021-08-01,Asia. China,2684.10893698925,Asia,,China
2021-09-01,Asia. China,2157.08921971336,Asia,,China
2021-10-01,Asia. China,2931.90711706108,Asia,,China
2021-11-01,Asia. China,2594.25336772452,Asia,,China
2021-12-01,Asia. China,3152.12495267458,Asia,,China
2022-01-01,Asia. China,2969.5303863,Asia,,China
2022-02-01,Asia. China,2559.8429717,Asia,,China
2022-03-01,Asia. China,2591.4701915,Asia,,China
2022-04-01,Asia. China,1911.1777739,Asia,,China
2022-05-01,Asia. China,2144.3966288,Asia,,China
2022-06-01,Asia. China,1975.285717,Asia,,China
2022-07-01,Asia. China,2313.351467,Asia,,China
2022-08-01,Asia. China,2615.5552245,Asia,,China
2022-09-01,Asia. China,2213.9761108,Asia,,China
2022-10-01,Asia. China,1763.4709207,Asia,,China
2022-11-01,Asia. China,1787.4893216,Asia,,China
2022-12-01,Asia. China,1629.4143264,Asia,,China
2023-01-01,Asia. China,1457.4830517,Asia,,China
2023-02-01,Asia. China,1539.0374519,Asia,,China
2023-03-01,Asia. China,1336.0024467,Asia,,China
2023-04-01,Asia. China,1626.3613588,Asia,,China
2023-05-01,Asia. China,1714.7566577,Asia,,China
2023-06-01,Asia. China,1701.1835362,Asia,,China
2023-07-01,Asia. China,1678.0043064,Asia,,China
2023-08-01,Asia. China,2026.6445639,Asia,,China
2023-09-01,Asia. China,1606.4629106,Asia,,China
2023-10-01,Asia. China,1838.6380496,Asia,,China
2023-11-01,Asia. China,1635.6357117,Asia,,China
2023-12-01,Asia. China,1657.5980483,Asia,,China
2024-01-01,Asia. China,1641.7128931,Asia,,China
2024-02-01,Asia. China,1545.8604976,Asia,,China
2024-03-01,Asia. China,1576.1287494,Asia,,China
2024-04-01,Asia. China,1496.2716271,Asia,,China
2024-05-01,Asia. China,1578.3759116,Asia,,China
2024-06-01,Asia. China,1549.9032592,Asia,,China
2024-07-01,Asia. China,1853.4399681,Asia,,China
2024-08-01,Asia. China,2092.3905973,Asia,,China
2024-09-01,Asia. China,1750.7601418,Asia,,China
2024-10-01,Asia. China,2006.6812194,Asia,,China
2024-11-01,Asia. China,2039.4038527,Asia,,China
2024-12-01,Asia. China,2036.9953477,Asia,,China
2025-01-01,Asia. China,2183.1975275,Asia,,China
2025-02-01,Asia. China,1951.8547911,Asia,,China
2025-03-01,Asia. China,1955.4044256,Asia,,China
2025-04-01,Asia. China,1768.4610954,Asia,,China
2025-05-01,Asia. China,2081.998646,Asia,,China
2025-06-01,Asia. China,2094.2090185,Asia,,China
2025-07-01,Asia. China,2561.178517,Asia,,China
2025-08-01,Asia. China,2372.9541299,Asia,,China
2025-09-01,Asia. China,2432.8226322,Asia,,China
2025-10-01,Asia. China,2824.1035332,Asia,,China
2025-11-01,Asia. China,1853.786497,Asia,,China
2025-12-01,Asia. China,2377.8847014,Asia,,China
2026-01-01,Asia. China,2300.1794211,Asia,,China
2026-02-01,Asia. China,1984.6106026,Asia,,China
2026-03-01,Asia. China,1835.904616,Asia,,China
2026-04-01,Asia. China,2054.5610184,Asia,,China
2026-05-01,Asia. China,2041.2883583,Asia,,China
2026-06-01,Asia. China,2088.6667101,Asia,,China
2003-01-01,Asia. Japón,66.0949992270366,Asia,,Japón
2003-02-01,Asia. Japón,51.2899776478411,Asia,,Japón
2003-03-01,Asia. Japón,39.054420668884,Asia,,Japón
2003-04-01,Asia. Japón,62.8817415463303,Asia,,Japón
2003-05-01,Asia. Japón,74.0791805701086,Asia,,Japón
2003-06-01,Asia. Japón,42.5394959111659,Asia,,Japón
2003-07-01,Asia. Japón,57.6738988149901,Asia,,Japón
2003-08-01,Asia. Japón,78.5406340273619,Asia,,Japón
2003-09-01,Asia. Japón,59.5383617396795,Asia,,Japón
2003-10-01,Asia. Japón,66.447226853647,Asia,,Japón
2003-11-01,Asia. Japón,68.0919393321877,Asia,,Japón
2003-12-01,Asia. Japón,81.3454559842612,Asia,,Japón
2004-01-01,Asia. Japón,73.0506673266456,Asia,,Japón
2004-02-01,Asia. Japón,46.7665725685693,Asia,,Japón
2004-03-01,Asia. Japón,104.479064648651,Asia,,Japón
2004-04-01,Asia. Japón,65.2202414384484,Asia,,Japón
2004-05-01,Asia. Japón,93.7196814606378,Asia,,Japón
2004-06-01,Asia. Japón,64.0812847763801,Asia,,Japón
2004-07-01,Asia. Japón,73.6406833163007,Asia,,Japón
2004-08-01,Asia. Japón,92.8393389002937,Asia,,Japón
2004-09-01,Asia. Japón,73.4195277689322,Asia,,Japón
2004-10-01,Asia. Japón,102.546083895693,Asia,,Japón
2004-11-01,Asia. Japón,99.7112285195305,Asia,,Japón
2004-12-01,Asia. Japón,87.7491610344837,Asia,,Japón
2005-01-01,Asia. Japón,104.160749347333,Asia,,Japón
2005-02-01,Asia. Japón,63.2910746484052,Asia,,Japón
2005-03-01,Asia. Japón,127.033113170698,Asia,,Japón
2005-04-01,Asia. Japón,88.0325664493046,Asia,,Japón
2005-05-01,Asia. Japón,98.1209349954629,Asia,,Japón
2005-06-01,Asia. Japón,88.8065057234706,Asia,,Japón
2005-07-01,Asia. Japón,101.11538126446,Asia,,Japón
2005-08-01,Asia. Japón,128.950960450878,Asia,,Japón
2005-09-01,Asia. Japón,101.81149850029,Asia,,Japón
2005-10-01,Asia. Japón,123.630264841085,Asia,,Japón
2005-11-01,Asia. Japón,100.691803893719,Asia,,Japón
2005-12-01,Asia. Japón,126.585860451295,Asia,,Japón
2006-01-01,Asia. Japón,110.643874927764,Asia,,Japón
2006-02-01,Asia. Japón,83.748365406784,Asia,,Japón
2006-03-01,Asia. Japón,125.701379032189,Asia,,Japón
2006-04-01,Asia. Japón,82.7640315798748,Asia,,Japón
2006-05-01,Asia. Japón,121.940776906686,Asia,,Japón
2006-06-01,Asia. Japón,107.24202721793,Asia,,Japón
2006-07-01,Asia. Japón,121.702717067558,Asia,,Japón
2006-08-01,Asia. Japón,122.097719095745,Asia,,Japón
2006-09-01,Asia. Japón,170.857811092216,Asia,,Japón
2006-10-01,Asia. Japón,153.011461734856,Asia,,Japón
2006-11-01,Asia. Japón,127.749848392259,Asia,,Japón
2006-12-01,Asia. Japón,118.943778284807,Asia,,Japón
2007-01-01,Asia. Japón,127.770773866504,Asia,,Japón
2007-02-01,Asia. Japón,132.984124100478,Asia,,Japón
2007-03-01,Asia. Japón,120.497743309631,Asia,,Japón
2007-04-01,Asia. Japón,162.149695354829,Asia,,Japón
2007-05-01,Asia. Japón,155.003782713807,Asia,,Japón
2007-06-01,Asia. Japón,147.247143520225,Asia,,Japón
2007-07-01,Asia. Japón,144.45257495363,Asia,,Japón
2007-08-01,Asia. Japón,113.950011474661,Asia,,Japón
2007-09-01,Asia. Japón,177.007569673191,Asia,,Japón
2007-10-01,Asia. Japón,234.255893945076,Asia,,Japón
2007-11-01,Asia. Japón,245.535110054643,Asia,,Japón
2007-12-01,Asia. Japón,222.821816876725,Asia,,Japón
2008-01-01,Asia. Japón,164.400896711932,Asia,,Japón
2008-02-01,Asia. Japón,221.937443819233,Asia,,Japón
2008-03-01,Asia. Japón,207.95759268453,Asia,,Japón
2008-04-01,Asia. Japón,406.954626491832,Asia,,Japón
2008-05-01,Asia. Japón,284.264642171104,Asia,,Japón
2008-06-01,Asia. Japón,228.88149746966,Asia,,Japón
2008-07-01,Asia. Japón,357.859724091561,Asia,,Japón
2008-08-01,Asia. Japón,256.394246625037,Asia,,Japón
2008-09-01,Asia. Japón,317.291505602735,Asia,,Japón
2008-10-01,Asia. Japón,304.663828479163,Asia,,Japón
2008-11-01,Asia. Japón,194.74791948082,Asia,,Japón
2008-12-01,Asia. Japón,249.161715281359,Asia,,Japón
2009-01-01,Asia. Japón,138.348398372292,Asia,,Japón
2009-02-01,Asia. Japón,107.554199343142,Asia,,Japón
2009-03-01,Asia. Japón,99.2320022162953,Asia,,Japón
2009-04-01,Asia. Japón,125.785077643255,Asia,,Japón
2009-05-01,Asia. Japón,86.8115991800567,Asia,,Japón
2009-06-01,Asia. Japón,107.252828625633,Asia,,Japón
2009-07-01,Asia. Japón,118.083399520966,Asia,,Japón
2009-08-01,Asia. Japón,123.914422237454,Asia,,Japón
2009-09-01,Asia. Japón,211.192622589096,Asia,,Japón
2009-10-01,Asia. Japón,144.594214099555,Asia,,Japón
2009-11-01,Asia. Japón,141.029225949612,Asia,,Japón
2009-12-01,Asia. Japón,177.125313107147,Asia,,Japón
2010-01-01,Asia. Japón,249.940959076899,Asia,,Japón
2010-02-01,Asia. Japón,150.032273179271,Asia,,Japón
2010-03-01,Asia. Japón,294.365544424425,Asia,,Japón
2010-04-01,Asia. Japón,433.061237697659,Asia,,Japón
2010-05-01,Asia. Japón,238.177109987785,Asia,,Japón
2010-06-01,Asia. Japón,212.03778543695,Asia,,Japón
2010-07-01,Asia. Japón,266.164972237787,Asia,,Japón
2010-08-01,Asia. Japón,301.959144176033,Asia,,Japón
2010-09-01,Asia. Japón,268.079675583099,Asia,,Japón
2010-10-01,Asia. Japón,259.750534374887,Asia,,Japón
2010-11-01,Asia. Japón,345.200967276867,Asia,,Japón
2010-12-01,Asia. Japón,363.902391772422,Asia,,Japón
2011-01-01,Asia. Japón,241.341818811101,Asia,,Japón
2011-02-01,Asia. Japón,290.478349349057,Asia,,Japón
2011-03-01,Asia. Japón,351.512161953653,Asia,,Japón
2011-04-01,Asia. Japón,267.224911260069,Asia,,Japón
2011-05-01,Asia. Japón,124.220718305667,Asia,,Japón
2011-06-01,Asia. Japón,160.310643011497,Asia,,Japón
2011-07-01,Asia. Japón,255.709533838637,Asia,,Japón
2011-08-01,Asia. Japón,284.082228358059,Asia,,Japón
2011-09-01,Asia. Japón,272.538461567977,Asia,,Japón
2011-10-01,Asia. Japón,278.407292029628,Asia,,Japón
2011-11-01,Asia. Japón,236.767295026844,Asia,,Japón
2011-12-01,Asia. Japón,178.852628019568,Asia,,Japón
2012-01-01,Asia. Japón,203.841533171996,Asia,,Japón
2012-02-01,Asia. Japón,140.299639158773,Asia,,Japón
2012-03-01,Asia. Japón,185.006263013972,Asia,,Japón
2012-04-01,Asia. Japón,196.008363914028,Asia,,Japón
2012-05-01,Asia. Japón,199.223356938092,Asia,,Japón
2012-06-01,Asia. Japón,213.725126925348,Asia,,Japón
2012-07-01,Asia. Japón,273.525143686024,Asia,,Japón
2012-08-01,Asia. Japón,259.704479683194,Asia,,Japón
2012-09-01,Asia. Japón,218.517377594356,Asia,,Japón
2012-10-01,Asia. Japón,353.542474283729,Asia,,Japón
2012-11-01,Asia. Japón,187.526532901189,Asia,,Japón
2012-12-01,Asia. Japón,165.565664947367,Asia,,Japón
2013-01-01,Asia. Japón,236.327503312371,Asia,,Japón
2013-02-01,Asia. Japón,130.543890026627,Asia,,Japón
2013-03-01,Asia. Japón,177.215397874036,Asia,,Japón
2013-04-01,Asia. Japón,223.531146808254,Asia,,Japón
2013-05-01,Asia. Japón,224.375345104622,Asia,,Japón
2013-06-01,Asia. Japón,193.166901885709,Asia,,Japón
2013-07-01,Asia. Japón,201.70446840693,Asia,,Japón
2013-08-01,Asia. Japón,252.868828492688,Asia,,Japón
2013-09-01,Asia. Japón,176.036019864804,Asia,,Japón
2013-10-01,Asia. Japón,216.201922621891,Asia,,Japón
2013-11-01,Asia. Japón,150.175229858101,Asia,,Japón
2013-12-01,Asia. Japón,183.135078239535,Asia,,Japón
2014-01-01,Asia. Japón,193.607190241937,Asia,,Japón
2014-02-01,Asia. Japón,181.439594278283,Asia,,Japón
2014-03-01,Asia. Japón,189.114418093734,Asia,,Japón
2014-04-01,Asia. Japón,173.018553502841,Asia,,Japón
2014-05-01,Asia. Japón,219.147867365561,Asia,,Japón
2014-06-01,Asia. Japón,189.794083425728,Asia,,Japón
2014-07-01,Asia. Japón,159.129702722593,Asia,,Japón
2014-08-01,Asia. Japón,245.282885002735,Asia,,Japón
2014-09-01,Asia. Japón,174.07864503494,Asia,,Japón
2014-10-01,Asia. Japón,179.559277255876,Asia,,Japón
2014-11-01,Asia. Japón,233.830011676502,Asia,,Japón
2014-12-01,Asia. Japón,141.856076617062,Asia,,Japón
2015-01-01,Asia. Japón,134.10470511975,Asia,,Japón
2015-02-01,Asia. Japón,127.518636777245,Asia,,Japón
2015-03-01,Asia. Japón,167.094181645147,Asia,,Japón
2015-04-01,Asia. Japón,172.007505483156,Asia,,Japón
2015-05-01,Asia. Japón,162.884271138074,Asia,,Japón
2015-06-01,Asia. Japón,141.392256529498,Asia,,Japón
2015-07-01,Asia. Japón,190.426346936683,Asia,,Japón
2015-08-01,Asia. Japón,210.470383115144,Asia,,Japón
2015-09-01,Asia. Japón,213.470458915191,Asia,,Japón
2015-10-01,Asia. Japón,197.133834680023,Asia,,Japón
2015-11-01,Asia. Japón,152.110466587895,Asia,,Japón
2015-12-01,Asia. Japón,152.584594713071,Asia,,Japón
2016-01-01,Asia. Japón,172.06626284109,Asia,,Japón
2016-02-01,Asia. Japón,115.49493386032,Asia,,Japón
2016-03-01,Asia. Japón,201.862102270257,Asia,,Japón
2016-04-01,Asia. Japón,163.792021349495,Asia,,Japón
2016-05-01,Asia. Japón,165.125208273185,Asia,,Japón
2016-06-01,Asia. Japón,144.732252467272,Asia,,Japón
2016-07-01,Asia. Japón,159.067618387624,Asia,,Japón
2016-08-01,Asia. Japón,169.276581468321,Asia,,Japón
2016-09-01,Asia. Japón,150.800254840457,Asia,,Japón
2016-10-01,Asia. Japón,168.481938094355,Asia,,Japón
2016-11-01,Asia. Japón,179.304900785148,Asia,,Japón
2016-12-01,Asia. Japón,142.268425988231,Asia,,Japón
2017-01-01,Asia. Japón,149.731606108269,Asia,,Japón
2017-02-01,Asia. Japón,205.418919176696,Asia,,Japón
2017-03-01,Asia. Japón,211.9985914333,Asia,,Japón
2017-04-01,Asia. Japón,132.234951961679,Asia,,Japón
2017-05-01,Asia. Japón,144.634460704982,Asia,,Japón
2017-06-01,Asia. Japón,163.603404496696,Asia,,Japón
2017-07-01,Asia. Japón,178.430004972573,Asia,,Japón
2017-08-01,Asia. Japón,168.592987453681,Asia,,Japón
2017-09-01,Asia. Japón,159.80551897603,Asia,,Japón
2017-10-01,Asia. Japón,163.145643040826,Asia,,Japón
2017-11-01,Asia. Japón,200.863356580317,Asia,,Japón
2017-12-01,Asia. Japón,149.999926082534,Asia,,Japón
2018-01-01,Asia. Japón,167.721528763734,Asia,,Japón
2018-02-01,Asia. Japón,150.916531506534,Asia,,Japón
2018-03-01,Asia. Japón,211.387506898388,Asia,,Japón
2018-04-01,Asia. Japón,216.669270323424,Asia,,Japón
2018-05-01,Asia. Japón,199.9453337422,Asia,,Japón
2018-06-01,Asia. Japón,165.572299746658,Asia,,Japón
2018-07-01,Asia. Japón,310.269884879749,Asia,,Japón
2018-08-01,Asia. Japón,257.037280347329,Asia,,Japón
2018-09-01,Asia. Japón,196.566230144073,Asia,,Japón
2018-10-01,Asia. Japón,184.272534995404,Asia,,Japón
2018-11-01,Asia. Japón,170.556762713533,Asia,,Japón
2018-12-01,Asia. Japón,162.741559051395,Asia,,Japón
2019-01-01,Asia. Japón,204.487556474527,Asia,,Japón
2019-02-01,Asia. Japón,222.96441916163,Asia,,Japón
2019-03-01,Asia. Japón,211.372096306355,Asia,,Japón
2019-04-01,Asia. Japón,232.858417633228,Asia,,Japón
2019-05-01,Asia. Japón,273.042215056168,Asia,,Japón
2019-06-01,Asia. Japón,206.144903729204,Asia,,Japón
2019-07-01,Asia. Japón,214.277149194254,Asia,,Japón
2019-08-01,Asia. Japón,230.138514677713,Asia,,Japón
2019-09-01,Asia. Japón,117.592645656922,Asia,,Japón
2019-10-01,Asia. Japón,168.410837602483,Asia,,Japón
2019-11-01,Asia. Japón,139.742236492037,Asia,,Japón
2019-12-01,Asia. Japón,161.71016837876,Asia,,Japón
2020-01-01,Asia. Japón,152.051858551113,Asia,,Japón
2020-02-01,Asia. Japón,87.0449298302255,Asia,,Japón
2020-03-01,Asia. Japón,116.135077380536,Asia,,Japón
2020-04-01,Asia. Japón,103.928365977594,Asia,,Japón
2020-05-01,Asia. Japón,107.347279354174,Asia,,Japón
2020-06-01,Asia. Japón,59.6805600166973,Asia,,Japón
2020-07-01,Asia. Japón,88.3897743091205,Asia,,Japón
2020-08-01,Asia. Japón,70.8349394000065,Asia,,Japón
2020-09-01,Asia. Japón,74.6541984831141,Asia,,Japón
2020-10-01,Asia. Japón,79.0301872921207,Asia,,Japón
2020-11-01,Asia. Japón,105.711292345391,Asia,,Japón
2020-12-01,Asia. Japón,144.423521182722,Asia,,Japón
2021-01-01,Asia. Japón,121.037506721149,Asia,,Japón
2021-02-01,Asia. Japón,122.362489075924,Asia,,Japón
2021-03-01,Asia. Japón,143.15498665727,Asia,,Japón
2021-04-01,Asia. Japón,149.64913909251,Asia,,Japón
2021-05-01,Asia. Japón,176.243987173386,Asia,,Japón
2021-06-01,Asia. Japón,125.022822781586,Asia,,Japón
2021-07-01,Asia. Japón,188.60549009818,Asia,,Japón
2021-08-01,Asia. Japón,147.181674649054,Asia,,Japón
2021-09-01,Asia. Japón,224.073988138633,Asia,,Japón
2021-10-01,Asia. Japón,285.599738508986,Asia,,Japón
2021-11-01,Asia. Japón,249.37724762947,Asia,,Japón
2021-12-01,Asia. Japón,210.789089333303,Asia,,Japón
2022-01-01,Asia. Japón,221.64148867,Asia,,Japón
2022-02-01,Asia. Japón,125.73450935,Asia,,Japón
2022-03-01,Asia. Japón,233.34575439,Asia,,Japón
2022-04-01,Asia. Japón,231.86614116,Asia,,Japón
2022-05-01,Asia. Japón,162.44248776,Asia,,Japón
2022-06-01,Asia. Japón,188.0234699,Asia,,Japón
2022-07-01,Asia. Japón,268.79627821,Asia,,Japón
2022-08-01,Asia. Japón,193.83655049,Asia,,Japón
2022-09-01,Asia. Japón,201.03318594,Asia,,Japón
2022-10-01,Asia. Japón,225.8687739,Asia,,Japón
2022-11-01,Asia. Japón,239.5106154,Asia,,Japón
2022-12-01,Asia. Japón,372.91217184,Asia,,Japón
2023-01-01,Asia. Japón,270.22319974,Asia,,Japón
2023-02-01,Asia. Japón,204.06956261,Asia,,Japón
2023-03-01,Asia. Japón,237.69259171,Asia,,Japón
2023-04-01,Asia. Japón,132.05312069,Asia,,Japón
2023-05-01,Asia. Japón,193.99910422,Asia,,Japón
2023-06-01,Asia. Japón,172.317317,Asia,,Japón
2023-07-01,Asia. Japón,149.94983828,Asia,,Japón
2023-08-01,Asia. Japón,202.96269342,Asia,,Japón
2023-09-01,Asia. Japón,180.59385815,Asia,,Japón
2023-10-01,Asia. Japón,357.61440537,Asia,,Japón
2023-11-01,Asia. Japón,167.8505329,Asia,,Japón
2023-12-01,Asia. Japón,211.0130398,Asia,,Japón
2024-01-01,Asia. Japón,196.86006637,Asia,,Japón
2024-02-01,Asia. Japón,253.7626634,Asia,,Japón
2024-03-01,Asia. Japón,141.14160354,Asia,,Japón
2024-04-01,Asia. Japón,220.75920625,Asia,,Japón
2024-05-01,Asia. Japón,122.25409267,Asia,,Japón
2024-06-01,Asia. Japón,167.50917739,Asia,,Japón
2024-07-01,Asia. Japón,135.35757263,Asia,,Japón
2024-08-01,Asia. Japón,120.86508487,Asia,,Japón
2024-09-01,Asia. Japón,163.29918472,Asia,,Japón
2024-10-01,Asia. Japón,199.88921743,Asia,,Japón
2024-11-01,Asia. Japón,181.14800967,Asia,,Japón
2024-12-01,Asia. Japón,134.32160798,Asia,,Japón
2025-01-01,Asia. Japón,170.36443502,Asia,,Japón
2025-02-01,Asia. Japón,162.62650588,Asia,,Japón
2025-03-01,Asia. Japón,162.73388945,Asia,,Japón
2025-04-01,Asia. Japón,166.92394478,Asia,,Japón
2025-05-01,Asia. Japón,180.13706303,Asia,,Japón
2025-06-01,Asia. Japón,141.80095701,Asia,,Japón
2025-07-01,Asia. Japón,196.37955428,Asia,,Japón
2025-08-01,Asia. Japón,138.0553249,Asia,,Japón
2025-09-01,Asia. Japón,190.16648591,Asia,,Japón
2025-10-01,Asia. Japón,231.92718183,Asia,,Japón
2025-11-01,Asia. Japón,159.7514988,Asia,,Japón
2025-12-01,Asia. Japón,225.66096794,Asia,,Japón
2026-01-01,Asia. Japón,198.06709836,Asia,,Japón
2026-02-01,Asia. Japón,168.39225618,Asia,,Japón
2026-03-01,Asia. Japón,180.47182619,Asia,,Japón
2026-04-01,Asia. Japón,184.9044289,Asia,,Japón
2026-05-01,Asia. Japón,186.78936698,Asia,,Japón
2026-06-01,Asia. Japón,152.87633167,Asia,,Japón
2003-01-01,Asia. Corea del Sur,58.841809326394,Asia,,Corea del Sur
2003-02-01,Asia. Corea del Sur,33.4984224510894,Asia,,Corea del Sur
2003-03-01,Asia. Corea del Sur,35.1563763645941,Asia,,Corea del Sur
2003-04-01,Asia. Corea del Sur,53.6801449185569,Asia,,Corea del Sur
2003-05-01,Asia. Corea del Sur,36.6776799987076,Asia,,Corea del Sur
2003-06-01,Asia. Corea del Sur,43.5333374448618,Asia,,Corea del Sur
2003-07-01,Asia. Corea del Sur,55.6295511988434,Asia,,Corea del Sur
2003-08-01,Asia. Corea del Sur,54.3434557950152,Asia,,Corea del Sur
2003-09-01,Asia. Corea del Sur,32.441183875879,Asia,,Corea del Sur
2003-10-01,Asia. Corea del Sur,51.7448291323391,Asia,,Corea del Sur
2003-11-01,Asia. Corea del Sur,66.9386976512738,Asia,,Corea del Sur
2003-12-01,Asia. Corea del Sur,51.9113970728204,Asia,,Corea del Sur
2004-01-01,Asia. Corea del Sur,53.4003003938733,Asia,,Corea del Sur
2004-02-01,Asia. Corea del Sur,50.3334502979885,Asia,,Corea del Sur
2004-03-01,Asia. Corea del Sur,62.0798183798569,Asia,,Corea del Sur
2004-04-01,Asia. Corea del Sur,69.2582502288099,Asia,,Corea del Sur
2004-05-01,Asia. Corea del Sur,79.1149827456329,Asia,,Corea del Sur
2004-06-01,Asia. Corea del Sur,54.72482401468,Asia,,Corea del Sur
2004-07-01,Asia. Corea del Sur,73.8670974749763,Asia,,Corea del Sur
2004-08-01,Asia. Corea del Sur,51.9856656618642,Asia,,Corea del Sur
2004-09-01,Asia. Corea del Sur,60.1801590171921,Asia,,Corea del Sur
2004-10-01,Asia. Corea del Sur,88.5844636771887,Asia,,Corea del Sur
2004-11-01,Asia. Corea del Sur,62.9025311559943,Asia,,Corea del Sur
2004-12-01,Asia. Corea del Sur,88.4094839541716,Asia,,Corea del Sur
2005-01-01,Asia. Corea del Sur,108.863713859637,Asia,,Corea del Sur
2005-02-01,Asia. Corea del Sur,72.1364702257367,Asia,,Corea del Sur
2005-03-01,Asia. Corea del Sur,110.525369508037,Asia,,Corea del Sur
2005-04-01,Asia. Corea del Sur,91.3171131217647,Asia,,Corea del Sur
2005-05-01,Asia. Corea del Sur,73.2667450599457,Asia,,Corea del Sur
2005-06-01,Asia. Corea del Sur,84.1553892174722,Asia,,Corea del Sur
2005-07-01,Asia. Corea del Sur,80.0478229515299,Asia,,Corea del Sur
2005-08-01,Asia. Corea del Sur,72.1391932931383,Asia,,Corea del Sur
2005-09-01,Asia. Corea del Sur,91.3212037851874,Asia,,Corea del Sur
2005-10-01,Asia. Corea del Sur,90.1020786933715,Asia,,Corea del Sur
2005-11-01,Asia. Corea del Sur,156.232359645632,Asia,,Corea del Sur
2005-12-01,Asia. Corea del Sur,106.29811908669,Asia,,Corea del Sur
2006-01-01,Asia. Corea del Sur,140.648996866851,Asia,,Corea del Sur
2006-02-01,Asia. Corea del Sur,93.8746261269423,Asia,,Corea del Sur
2006-03-01,Asia. Corea del Sur,142.245481889661,Asia,,Corea del Sur
2006-04-01,Asia. Corea del Sur,104.749475903549,Asia,,Corea del Sur
2006-05-01,Asia. Corea del Sur,181.725728669574,Asia,,Corea del Sur
2006-06-01,Asia. Corea del Sur,107.764980650371,Asia,,Corea del Sur
2006-07-01,Asia. Corea del Sur,103.55251135405,Asia,,Corea del Sur
2006-08-01,Asia. Corea del Sur,195.253083392925,Asia,,Corea del Sur
2006-09-01,Asia. Corea del Sur,171.047662729465,Asia,,Corea del Sur
2006-10-01,Asia. Corea del Sur,173.069904447598,Asia,,Corea del Sur
2006-11-01,Asia. Corea del Sur,164.501226123505,Asia,,Corea del Sur
2006-12-01,Asia. Corea del Sur,147.688276240013,Asia,,Corea del Sur
2007-01-01,Asia. Corea del Sur,133.812399813775,Asia,,Corea del Sur
2007-02-01,Asia. Corea del Sur,133.022925294719,Asia,,Corea del Sur
2007-03-01,Asia. Corea del Sur,182.025380959393,Asia,,Corea del Sur
2007-04-01,Asia. Corea del Sur,281.869239405464,Asia,,Corea del Sur
2007-05-01,Asia. Corea del Sur,312.692512722912,Asia,,Corea del Sur
2007-06-01,Asia. Corea del Sur,241.224841066967,Asia,,Corea del Sur
2007-07-01,Asia. Corea del Sur,207.86261335538,Asia,,Corea del Sur
2007-08-01,Asia. Corea del Sur,330.028848959165,Asia,,Corea del Sur
2007-09-01,Asia. Corea del Sur,318.643458131031,Asia,,Corea del Sur
2007-10-01,Asia. Corea del Sur,364.450373933237,Asia,,Corea del Sur
2007-11-01,Asia. Corea del Sur,463.846897836367,Asia,,Corea del Sur
2007-12-01,Asia. Corea del Sur,270.452302495357,Asia,,Corea del Sur
2008-01-01,Asia. Corea del Sur,353.842086050034,Asia,,Corea del Sur
2008-02-01,Asia. Corea del Sur,287.249337804267,Asia,,Corea del Sur
2008-03-01,Asia. Corea del Sur,294.90314463661,Asia,,Corea del Sur
2008-04-01,Asia. Corea del Sur,339.346428247645,Asia,,Corea del Sur
2008-05-01,Asia. Corea del Sur,292.735667571355,Asia,,Corea del Sur
2008-06-01,Asia. Corea del Sur,212.458685451953,Asia,,Corea del Sur
2008-07-01,Asia. Corea del Sur,335.019282531538,Asia,,Corea del Sur
2008-08-01,Asia. Corea del Sur,258.299977464081,Asia,,Corea del Sur
2008-09-01,Asia. Corea del Sur,258.799406135748,Asia,,Corea del Sur
2008-10-01,Asia. Corea del Sur,268.875815541208,Asia,,Corea del Sur
2008-11-01,Asia. Corea del Sur,185.369514981422,Asia,,Corea del Sur
2008-12-01,Asia. Corea del Sur,175.775589480003,Asia,,Corea del Sur
2009-01-01,Asia. Corea del Sur,150.339145464387,Asia,,Corea del Sur
2009-02-01,Asia. Corea del Sur,141.657435444736,Asia,,Corea del Sur
2009-03-01,Asia. Corea del Sur,177.764274153268,Asia,,Corea del Sur
2009-04-01,Asia. Corea del Sur,174.27859205468,Asia,,Corea del Sur
2009-05-01,Asia. Corea del Sur,138.572590119641,Asia,,Corea del Sur
2009-06-01,Asia. Corea del Sur,116.350441541697,Asia,,Corea del Sur
2009-07-01,Asia. Corea del Sur,205.170455100513,Asia,,Corea del Sur
2009-08-01,Asia. Corea del Sur,208.69282078099,Asia,,Corea del Sur
2009-09-01,Asia. Corea del Sur,139.313256031138,Asia,,Corea del Sur
2009-10-01,Asia. Corea del Sur,226.353204608183,Asia,,Corea del Sur
2009-11-01,Asia. Corea del Sur,294.945311652743,Asia,,Corea del Sur
2009-12-01,Asia. Corea del Sur,262.5419519371,Asia,,Corea del Sur
2010-01-01,Asia. Corea del Sur,269.785838388959,Asia,,Corea del Sur
2010-02-01,Asia. Corea del Sur,227.589255774448,Asia,,Corea del Sur
2010-03-01,Asia. Corea del Sur,301.495874663323,Asia,,Corea del Sur
2010-04-01,Asia. Corea del Sur,245.183460363471,Asia,,Corea del Sur
2010-05-01,Asia. Corea del Sur,455.583474568906,Asia,,Corea del Sur
2010-06-01,Asia. Corea del Sur,183.576645736595,Asia,,Corea del Sur
2010-07-01,Asia. Corea del Sur,276.988434011098,Asia,,Corea del Sur
2010-08-01,Asia. Corea del Sur,310.139139897006,Asia,,Corea del Sur
2010-09-01,Asia. Corea del Sur,254.451206830845,Asia,,Corea del Sur
2010-10-01,Asia. Corea del Sur,217.983151971704,Asia,,Corea del Sur
2010-11-01,Asia. Corea del Sur,297.687334941689,Asia,,Corea del Sur
2010-12-01,Asia. Corea del Sur,241.494612629948,Asia,,Corea del Sur
2011-01-01,Asia. Corea del Sur,212.112248977518,Asia,,Corea del Sur
2011-02-01,Asia. Corea del Sur,216.481065333185,Asia,,Corea del Sur
2011-03-01,Asia. Corea del Sur,320.138124986441,Asia,,Corea del Sur
2011-04-01,Asia. Corea del Sur,176.707984034718,Asia,,Corea del Sur
2011-05-01,Asia. Corea del Sur,234.962498883202,Asia,,Corea del Sur
2011-06-01,Asia. Corea del Sur,183.200292580279,Asia,,Corea del Sur
2011-07-01,Asia. Corea del Sur,239.050904047371,Asia,,Corea del Sur
2011-08-01,Asia. Corea del Sur,256.165059701943,Asia,,Corea del Sur
2011-09-01,Asia. Corea del Sur,227.989299858403,Asia,,Corea del Sur
2011-10-01,Asia. Corea del Sur,173.943914940485,Asia,,Corea del Sur
2011-11-01,Asia. Corea del Sur,193.398373749895,Asia,,Corea del Sur
2011-12-01,Asia. Corea del Sur,312.157337916385,Asia,,Corea del Sur
2012-01-01,Asia. Corea del Sur,206.422261636175,Asia,,Corea del Sur
2012-02-01,Asia. Corea del Sur,209.238922597944,Asia,,Corea del Sur
2012-03-01,Asia. Corea del Sur,239.663424306736,Asia,,Corea del Sur
2012-04-01,Asia. Corea del Sur,196.257738377765,Asia,,Corea del Sur
2012-05-01,Asia. Corea del Sur,253.946384403869,Asia,,Corea del Sur
2012-06-01,Asia. Corea del Sur,228.4764298242,Asia,,Corea del Sur
2012-07-01,Asia. Corea del Sur,188.878512415885,Asia,,Corea del Sur
2012-08-01,Asia. Corea del Sur,251.167412383685,Asia,,Corea del Sur
2012-09-01,Asia. Corea del Sur,165.249411886931,Asia,,Corea del Sur
2012-10-01,Asia. Corea del Sur,207.898441746931,Asia,,Corea del Sur
2012-11-01,Asia. Corea del Sur,247.694681466073,Asia,,Corea del Sur
2012-12-01,Asia. Corea del Sur,224.562126861236,Asia,,Corea del Sur
2013-01-01,Asia. Corea del Sur,262.138112157927,Asia,,Corea del Sur
2013-02-01,Asia. Corea del Sur,263.482800204808,Asia,,Corea del Sur
2013-03-01,Asia. Corea del Sur,201.975693956821,Asia,,Corea del Sur
2013-04-01,Asia. Corea del Sur,259.239298794252,Asia,,Corea del Sur
2013-05-01,Asia. Corea del Sur,214.583320100723,Asia,,Corea del Sur
2013-06-01,Asia. Corea del Sur,261.468062008693,Asia,,Corea del Sur
2013-07-01,Asia. Corea del Sur,246.48606545515,Asia,,Corea del Sur
2013-08-01,Asia. Corea del Sur,207.296123393704,Asia,,Corea del Sur
2013-09-01,Asia. Corea del Sur,173.920825398049,Asia,,Corea del Sur
2013-10-01,Asia. Corea del Sur,226.120887050163,Asia,,Corea del Sur
2013-11-01,Asia. Corea del Sur,236.93648063312,Asia,,Corea del Sur
2013-12-01,Asia. Corea del Sur,187.908353565974,Asia,,Corea del Sur
2014-01-01,Asia. Corea del Sur,267.766489959483,Asia,,Corea del Sur
2014-02-01,Asia. Corea del Sur,191.768710998264,Asia,,Corea del Sur
2014-03-01,Asia. Corea del Sur,171.873781509872,Asia,,Corea del Sur
2014-04-01,Asia. Corea del Sur,246.263592231706,Asia,,Corea del Sur
2014-05-01,Asia. Corea del Sur,244.219015971346,Asia,,Corea del Sur
2014-06-01,Asia. Corea del Sur,201.706817319545,Asia,,Corea del Sur
2014-07-01,Asia. Corea del Sur,196.428073611671,Asia,,Corea del Sur
2014-08-01,Asia. Corea del Sur,146.622589306233,Asia,,Corea del Sur
2014-09-01,Asia. Corea del Sur,153.103500252707,Asia,,Corea del Sur
2014-10-01,Asia. Corea del Sur,131.888113572688,Asia,,Corea del Sur
2014-11-01,Asia. Corea del Sur,178.707062458831,Asia,,Corea del Sur
2014-12-01,Asia. Corea del Sur,180.917630835946,Asia,,Corea del Sur
2015-01-01,Asia. Corea del Sur,173.133077287735,Asia,,Corea del Sur
2015-02-01,Asia. Corea del Sur,166.930927907629,Asia,,Corea del Sur
2015-03-01,Asia. Corea del Sur,155.007596135941,Asia,,Corea del Sur
2015-04-01,Asia. Corea del Sur,272.046781614024,Asia,,Corea del Sur
2015-05-01,Asia. Corea del Sur,153.765028662472,Asia,,Corea del Sur
2015-06-01,Asia. Corea del Sur,160.407682046835,Asia,,Corea del Sur
2015-07-01,Asia. Corea del Sur,163.712095264685,Asia,,Corea del Sur
2015-08-01,Asia. Corea del Sur,169.180325715393,Asia,,Corea del Sur
2015-09-01,Asia. Corea del Sur,149.227684354916,Asia,,Corea del Sur
2015-10-01,Asia. Corea del Sur,168.145950860883,Asia,,Corea del Sur
2015-11-01,Asia. Corea del Sur,124.881179307944,Asia,,Corea del Sur
2015-12-01,Asia. Corea del Sur,131.210825635135,Asia,,Corea del Sur
2016-01-01,Asia. Corea del Sur,150.705214437205,Asia,,Corea del Sur
2016-02-01,Asia. Corea del Sur,98.7335008924394,Asia,,Corea del Sur
2016-03-01,Asia. Corea del Sur,108.357148134801,Asia,,Corea del Sur
2016-04-01,Asia. Corea del Sur,164.026774241318,Asia,,Corea del Sur
2016-05-01,Asia. Corea del Sur,153.08335420492,Asia,,Corea del Sur
2016-06-01,Asia. Corea del Sur,112.516686704033,Asia,,Corea del Sur
2016-07-01,Asia. Corea del Sur,123.789728873168,Asia,,Corea del Sur
2016-08-01,Asia. Corea del Sur,172.288024401649,Asia,,Corea del Sur
2016-09-01,Asia. Corea del Sur,149.708051099278,Asia,,Corea del Sur
2016-10-01,Asia. Corea del Sur,181.544792944904,Asia,,Corea del Sur
2016-11-01,Asia. Corea del Sur,160.425602076192,Asia,,Corea del Sur
2016-12-01,Asia. Corea del Sur,158.957826016987,Asia,,Corea del Sur
2017-01-01,Asia. Corea del Sur,209.52903962558,Asia,,Corea del Sur
2017-02-01,Asia. Corea del Sur,162.702680689091,Asia,,Corea del Sur
2017-03-01,Asia. Corea del Sur,172.354380778848,Asia,,Corea del Sur
2017-04-01,Asia. Corea del Sur,167.192392609112,Asia,,Corea del Sur
2017-05-01,Asia. Corea del Sur,154.440519334279,Asia,,Corea del Sur
2017-06-01,Asia. Corea del Sur,153.879594110982,Asia,,Corea del Sur
2017-07-01,Asia. Corea del Sur,156.109212491325,Asia,,Corea del Sur
2017-08-01,Asia. Corea del Sur,148.27056021137,Asia,,Corea del Sur
2017-09-01,Asia. Corea del Sur,140.886484060023,Asia,,Corea del Sur
2017-10-01,Asia. Corea del Sur,122.176667071873,Asia,,Corea del Sur
2017-11-01,Asia. Corea del Sur,186.012690618828,Asia,,Corea del Sur
2017-12-01,Asia. Corea del Sur,130.355705998094,Asia,,Corea del Sur
2018-01-01,Asia. Corea del Sur,156.190348536415,Asia,,Corea del Sur
2018-02-01,Asia. Corea del Sur,138.313285498594,Asia,,Corea del Sur
2018-03-01,Asia. Corea del Sur,133.92673057604,Asia,,Corea del Sur
2018-04-01,Asia. Corea del Sur,150.300791815811,Asia,,Corea del Sur
2018-05-01,Asia. Corea del Sur,163.281056524904,Asia,,Corea del Sur
2018-06-01,Asia. Corea del Sur,202.811283155487,Asia,,Corea del Sur
2018-07-01,Asia. Corea del Sur,167.515660438331,Asia,,Corea del Sur
2018-08-01,Asia. Corea del Sur,147.883472956175,Asia,,Corea del Sur
2018-09-01,Asia. Corea del Sur,122.24006196598,Asia,,Corea del Sur
2018-10-01,Asia. Corea del Sur,156.352335670852,Asia,,Corea del Sur
2018-11-01,Asia. Corea del Sur,158.789160977208,Asia,,Corea del Sur
2018-12-01,Asia. Corea del Sur,159.552693247619,Asia,,Corea del Sur
2019-01-01,Asia. Corea del Sur,156.550660794428,Asia,,Corea del Sur
2019-02-01,Asia. Corea del Sur,114.690191317309,Asia,,Corea del Sur
2019-03-01,Asia. Corea del Sur,130.912324627968,Asia,,Corea del Sur
2019-04-01,Asia. Corea del Sur,132.285916940639,Asia,,Corea del Sur
2019-05-01,Asia. Corea del Sur,144.529574859806,Asia,,Corea del Sur
2019-06-01,Asia. Corea del Sur,95.9842377694053,Asia,,Corea del Sur
2019-07-01,Asia. Corea del Sur,130.965360177194,Asia,,Corea del Sur
2019-08-01,Asia. Corea del Sur,110.503172223674,Asia,,Corea del Sur
2019-09-01,Asia. Corea del Sur,106.415234115846,Asia,,Corea del Sur
2019-10-01,Asia. Corea del Sur,99.4910131076594,Asia,,Corea del Sur
2019-11-01,Asia. Corea del Sur,112.387691932532,Asia,,Corea del Sur
2019-12-01,Asia. Corea del Sur,83.9476803339069,Asia,,Corea del Sur
2020-01-01,Asia. Corea del Sur,113.380300360098,Asia,,Corea del Sur
2020-02-01,Asia. Corea del Sur,74.8668897669964,Asia,,Corea del Sur
2020-03-01,Asia. Corea del Sur,76.796519336206,Asia,,Corea del Sur
2020-04-01,Asia. Corea del Sur,107.309101615794,Asia,,Corea del Sur
2020-05-01,Asia. Corea del Sur,71.3941417788741,Asia,,Corea del Sur
2020-06-01,Asia. Corea del Sur,53.0132740781582,Asia,,Corea del Sur
2020-07-01,Asia. Corea del Sur,69.8366140577745,Asia,,Corea del Sur
2020-08-01,Asia. Corea del Sur,60.0836892393646,Asia,,Corea del Sur
2020-09-01,Asia. Corea del Sur,50.2668324775562,Asia,,Corea del Sur
2020-10-01,Asia. Corea del Sur,91.2045587617481,Asia,,Corea del Sur
2020-11-01,Asia. Corea del Sur,92.322571779342,Asia,,Corea del Sur
2020-12-01,Asia. Corea del Sur,154.172278498615,Asia,,Corea del Sur
2021-01-01,Asia. Corea del Sur,124.326604433917,Asia,,Corea del Sur
2021-02-01,Asia. Corea del Sur,130.316869049982,Asia,,Corea del Sur
2021-03-01,Asia. Corea del Sur,144.023369921874,Asia,,Corea del Sur
2021-04-01,Asia. Corea del Sur,119.73403885295,Asia,,Corea del Sur
2021-05-01,Asia. Corea del Sur,152.413815482837,Asia,,Corea del Sur
2021-06-01,Asia. Corea del Sur,156.780554335641,Asia,,Corea del Sur
2021-07-01,Asia. Corea del Sur,202.245644080531,Asia,,Corea del Sur
2021-08-01,Asia. Corea del Sur,199.566442937834,Asia,,Corea del Sur
2021-09-01,Asia. Corea del Sur,140.43135202379,Asia,,Corea del Sur
2021-10-01,Asia. Corea del Sur,188.243614807363,Asia,,Corea del Sur
2021-11-01,Asia. Corea del Sur,169.064484012118,Asia,,Corea del Sur
2021-12-01,Asia. Corea del Sur,150.389200014084,Asia,,Corea del Sur
2022-01-01,Asia. Corea del Sur,135.76184349,Asia,,Corea del Sur
2022-02-01,Asia. Corea del Sur,159.2245454,Asia,,Corea del Sur
2022-03-01,Asia. Corea del Sur,209.77435151,Asia,,Corea del Sur
2022-04-01,Asia. Corea del Sur,173.82966908,Asia,,Corea del Sur
2022-05-01,Asia. Corea del Sur,190.817629,Asia,,Corea del Sur
2022-06-01,Asia. Corea del Sur,147.39642682,Asia,,Corea del Sur
2022-07-01,Asia. Corea del Sur,133.57243474,Asia,,Corea del Sur
2022-08-01,Asia. Corea del Sur,164.12153581,Asia,,Corea del Sur
2022-09-01,Asia. Corea del Sur,134.50883288,Asia,,Corea del Sur
2022-10-01,Asia. Corea del Sur,118.14560308,Asia,,Corea del Sur
2022-11-01,Asia. Corea del Sur,169.76170852,Asia,,Corea del Sur
2022-12-01,Asia. Corea del Sur,154.24569143,Asia,,Corea del Sur
2023-01-01,Asia. Corea del Sur,174.54315882,Asia,,Corea del Sur
2023-02-01,Asia. Corea del Sur,179.27540337,Asia,,Corea del Sur
2023-03-01,Asia. Corea del Sur,131.70466403,Asia,,Corea del Sur
2023-04-01,Asia. Corea del Sur,100.08959813,Asia,,Corea del Sur
2023-05-01,Asia. Corea del Sur,114.67124487,Asia,,Corea del Sur
2023-06-01,Asia. Corea del Sur,111.91171712,Asia,,Corea del Sur
2023-07-01,Asia. Corea del Sur,112.71676116,Asia,,Corea del Sur
2023-08-01,Asia. Corea del Sur,111.85525652,Asia,,Corea del Sur
2023-09-01,Asia. Corea del Sur,104.03255579,Asia,,Corea del Sur
2023-10-01,Asia. Corea del Sur,104.10270101,Asia,,Corea del Sur
2023-11-01,Asia. Corea del Sur,131.75706766,Asia,,Corea del Sur
2023-12-01,Asia. Corea del Sur,112.3111301,Asia,,Corea del Sur
2024-01-01,Asia. Corea del Sur,94.021501312,Asia,,Corea del Sur
2024-02-01,Asia. Corea del Sur,242.97557884,Asia,,Corea del Sur
2024-03-01,Asia. Corea del Sur,142.64660294,Asia,,Corea del Sur
2024-04-01,Asia. Corea del Sur,136.6327132,Asia,,Corea del Sur
2024-05-01,Asia. Corea del Sur,106.41161124,Asia,,Corea del Sur
2024-06-01,Asia. Corea del Sur,109.4425516,Asia,,Corea del Sur
2024-07-01,Asia. Corea del Sur,98.789676929,Asia,,Corea del Sur
2024-08-01,Asia. Corea del Sur,102.65463391,Asia,,Corea del Sur
2024-09-01,Asia. Corea del Sur,96.133705535,Asia,,Corea del Sur
2024-10-01,Asia. Corea del Sur,180.46960374,Asia,,Corea del Sur
2024-11-01,Asia. Corea del Sur,182.10766717,Asia,,Corea del Sur
2024-12-01,Asia. Corea del Sur,121.20055982,Asia,,Corea del Sur
2025-01-01,Asia. Corea del Sur,136.97435401,Asia,,Corea del Sur
2025-02-01,Asia. Corea del Sur,121.17440137,Asia,,Corea del Sur
2025-03-01,Asia. Corea del Sur,131.15256577,Asia,,Corea del Sur
2025-04-01,Asia. Corea del Sur,154.73946195,Asia,,Corea del Sur
2025-05-01,Asia. Corea del Sur,102.67914618,Asia,,Corea del Sur
2025-06-01,Asia. Corea del Sur,158.75958091,Asia,,Corea del Sur
2025-07-01,Asia. Corea del Sur,195.49188605,Asia,,Corea del Sur
2025-08-01,Asia. Corea del Sur,158.63563853,Asia,,Corea del Sur
2025-09-01,Asia. Corea del Sur,166.56364002,Asia,,Corea del Sur
2025-10-01,Asia. Corea del Sur,159.65331292,Asia,,Corea del Sur
2025-11-01,Asia. Corea del Sur,165.9069389,Asia,,Corea del Sur
2025-12-01,Asia. Corea del Sur,152.19077984,Asia,,Corea del Sur
2026-01-01,Asia. Corea del Sur,118.96678778,Asia,,Corea del Sur
2026-02-01,Asia. Corea del Sur,149.70699756,Asia,,Corea del Sur
2026-03-01,Asia. Corea del Sur,150.83414508,Asia,,Corea del Sur
2026-04-01,Asia. Corea del Sur,122.22476245,Asia,,Corea del Sur
2026-05-01,Asia. Corea del Sur,114.39264808,Asia,,Corea del Sur
2026-06-01,Asia. Corea del Sur,123.42369376,Asia,,Corea del Sur
